player,position,age,club,league,market_value,appearances,goals,assists,yellow_cards,red_cards,minutes,club_id,logo_url
Gianluigi Donnarumma,Goalkeeper,27,Manchester City,EPL,45000000.0,40.0,0.0,0.0,9.0,0.0,3600.0,281,https://tmssl.akamaized.net/images/wappen/medium/281.png
James Trafford,Goalkeeper,23,Manchester City,EPL,25000000.0,15.0,0.0,0.0,0.0,0.0,1350.0,281,https://tmssl.akamaized.net/images/wappen/medium/281.png
Marcus Bettinelli,Goalkeeper,33,Manchester City,EPL,500000.0,0.0,0.0,0.0,0.0,0.0,0.0,281,https://tmssl.akamaized.net/images/wappen/medium/281.png
Josko Gvardiol,Centre-Back,24,Manchester City,EPL,70000000.0,23.0,2.0,5.0,2.0,0.0,1796.0,281,https://tmssl.akamaized.net/images/wappen/medium/281.png
Marc Guéhi,Centre-Back,25,Manchester City,EPL,65000000.0,49.0,5.0,5.0,9.0,0.0,4162.0,281,https://tmssl.akamaized.net/images/wappen/medium/281.png
Rúben Dias,Centre-Back,29,Manchester City,EPL,60000000.0,32.0,2.0,0.0,4.0,0.0,2556.0,281,https://tmssl.akamaized.net/images/wappen/medium/281.png
Abdukodir Khusanov,Centre-Back,22,Manchester City,EPL,35000000.0,34.0,0.0,0.0,5.0,0.0,2547.0,281,https://tmssl.akamaized.net/images/wappen/medium/281.png
John Stones,Centre-Back,31,Manchester City,EPL,15000000.0,16.0,0.0,0.0,0.0,0.0,1058.0,281,https://tmssl.akamaized.net/images/wappen/medium/281.png
Nathan Aké,Centre-Back,31,Manchester City,EPL,15000000.0,29.0,0.0,0.0,1.0,0.0,1445.0,281,https://tmssl.akamaized.net/images/wappen/medium/281.png
Max Alleyne,Centre-Back,20,Manchester City,EPL,8000000.0,7.0,1.0,0.0,0.0,0.0,446.0,281,https://tmssl.akamaized.net/images/wappen/medium/281.png
Nico O'Reilly,Left-Back,21,Manchester City,EPL,50000000.0,50.0,9.0,6.0,7.0,0.0,3774.0,281,https://tmssl.akamaized.net/images/wappen/medium/281.png
Rayan Aït-Nouri,Left-Back,24,Manchester City,EPL,40000000.0,26.0,0.0,5.0,4.0,0.0,1502.0,281,https://tmssl.akamaized.net/images/wappen/medium/281.png
Matheus Nunes,Right-Back,27,Manchester City,EPL,45000000.0,45.0,1.0,9.0,7.0,0.0,3687.0,281,https://tmssl.akamaized.net/images/wappen/medium/281.png
Rico Lewis,Right-Back,21,Manchester City,EPL,32000000.0,21.0,2.0,3.0,2.0,0.0,1015.0,281,https://tmssl.akamaized.net/images/wappen/medium/281.png
Rodri,Defensive Midfield,29,Manchester City,EPL,65000000.0,31.0,2.0,0.0,5.0,0.0,2032.0,281,https://tmssl.akamaized.net/images/wappen/medium/281.png
Nico González,Defensive Midfield,24,Manchester City,EPL,45000000.0,79.0,7.0,0.0,12.0,1.0,4423.0,281,https://tmssl.akamaized.net/images/wappen/medium/281.png
Tijjani Reijnders,Central Midfield,27,Manchester City,EPL,60000000.0,45.0,7.0,8.0,2.0,0.0,2673.0,281,https://tmssl.akamaized.net/images/wappen/medium/281.png
Sverre Nypan,Central Midfield,19,Manchester City,EPL,15000000.0,0.0,0.0,0.0,0.0,0.0,0.0,281,https://tmssl.akamaized.net/images/wappen/medium/281.png
Mateo Kovacic,Central Midfield,32,Manchester City,EPL,12000000.0,5.0,0.0,1.0,0.0,0.0,119.0,281,https://tmssl.akamaized.net/images/wappen/medium/281.png
Phil Foden,Attacking Midfield,25,Manchester City,EPL,80000000.0,46.0,10.0,5.0,5.0,0.0,2812.0,281,https://tmssl.akamaized.net/images/wappen/medium/281.png
Rayan Cherki,Attacking Midfield,22,Manchester City,EPL,65000000.0,47.0,10.0,14.0,2.0,0.0,2672.0,281,https://tmssl.akamaized.net/images/wappen/medium/281.png
Bernardo Silva,Attacking Midfield,31,Manchester City,EPL,27000000.0,48.0,3.0,5.0,13.0,1.0,3481.0,281,https://tmssl.akamaized.net/images/wappen/medium/281.png
Jérémy Doku,Left Winger,23,Manchester City,EPL,65000000.0,42.0,7.0,14.0,0.0,0.0,2661.0,281,https://tmssl.akamaized.net/images/wappen/medium/281.png
Savinho,Left Winger,22,Manchester City,EPL,40000000.0,32.0,3.0,3.0,4.0,0.0,1287.0,281,https://tmssl.akamaized.net/images/wappen/medium/281.png
Antoine Semenyo,Right Winger,26,Manchester City,EPL,75000000.0,43.0,18.0,6.0,7.0,0.0,3486.0,281,https://tmssl.akamaized.net/images/wappen/medium/281.png
Erling Haaland,Centre-Forward,25,Manchester City,EPL,200000000.0,49.0,36.0,7.0,2.0,0.0,3875.0,281,https://tmssl.akamaized.net/images/wappen/medium/281.png
Omar Marmoush,Centre-Forward,27,Manchester City,EPL,60000000.0,32.0,6.0,3.0,2.0,0.0,1225.0,281,https://tmssl.akamaized.net/images/wappen/medium/281.png
David Raya,Goalkeeper,30,Arsenal FC,EPL,35000000.0,47.0,0.0,0.0,1.0,0.0,4230.0,11,https://tmssl.akamaized.net/images/wappen/medium/11.png
Kepa Arrizabalaga,Goalkeeper,31,Arsenal FC,EPL,7000000.0,11.0,0.0,0.0,3.0,0.0,987.0,11,https://tmssl.akamaized.net/images/wappen/medium/11.png
William Saliba,Centre-Back,25,Arsenal FC,EPL,90000000.0,46.0,1.0,1.0,2.0,0.0,3864.0,11,https://tmssl.akamaized.net/images/wappen/medium/11.png
Gabriel,Centre-Back,28,Arsenal FC,EPL,75000000.0,46.0,4.0,5.0,5.0,0.0,3775.0,11,https://tmssl.akamaized.net/images/wappen/medium/11.png
Piero Hincapié,Centre-Back,24,Arsenal FC,EPL,50000000.0,37.0,1.0,2.0,3.0,0.0,2658.0,11,https://tmssl.akamaized.net/images/wappen/medium/11.png
Cristhian Mosquera,Centre-Back,21,Arsenal FC,EPL,35000000.0,31.0,0.0,0.0,3.0,0.0,1707.0,11,https://tmssl.akamaized.net/images/wappen/medium/11.png
Riccardo Calafiori,Left-Back,24,Arsenal FC,EPL,50000000.0,32.0,1.0,3.0,7.0,0.0,2041.0,11,https://tmssl.akamaized.net/images/wappen/medium/11.png
Myles Lewis-Skelly,Left-Back,19,Arsenal FC,EPL,35000000.0,31.0,0.0,4.0,6.0,0.0,1547.0,11,https://tmssl.akamaized.net/images/wappen/medium/11.png
Jurriën Timber,Right-Back,24,Arsenal FC,EPL,70000000.0,43.0,4.0,7.0,6.0,0.0,3309.0,11,https://tmssl.akamaized.net/images/wappen/medium/11.png
Ben White,Right-Back,28,Arsenal FC,EPL,30000000.0,28.0,1.0,2.0,3.0,0.0,1762.0,11,https://tmssl.akamaized.net/images/wappen/medium/11.png
Martín Zubimendi,Defensive Midfield,27,Arsenal FC,EPL,80000000.0,52.0,6.0,3.0,8.0,0.0,4123.0,11,https://tmssl.akamaized.net/images/wappen/medium/11.png
Christian Nørgaard,Defensive Midfield,32,Arsenal FC,EPL,7000000.0,19.0,0.0,3.0,3.0,0.0,995.0,11,https://tmssl.akamaized.net/images/wappen/medium/11.png
Declan Rice,Central Midfield,27,Arsenal FC,EPL,120000000.0,51.0,5.0,11.0,6.0,0.0,4066.0,11,https://tmssl.akamaized.net/images/wappen/medium/11.png
Mikel Merino,Central Midfield,29,Arsenal FC,EPL,30000000.0,33.0,6.0,3.0,5.0,0.0,1879.0,11,https://tmssl.akamaized.net/images/wappen/medium/11.png
Martin Ødegaard,Attacking Midfield,27,Arsenal FC,EPL,65000000.0,32.0,1.0,7.0,0.0,0.0,1774.0,11,https://tmssl.akamaized.net/images/wappen/medium/11.png
Eberechi Eze,Attacking Midfield,27,Arsenal FC,EPL,60000000.0,49.0,10.0,6.0,2.0,0.0,3047.0,11,https://tmssl.akamaized.net/images/wappen/medium/11.png
Gabriel Martinelli,Left Winger,24,Arsenal FC,EPL,45000000.0,49.0,11.0,6.0,5.0,0.0,2249.0,11,https://tmssl.akamaized.net/images/wappen/medium/11.png
Leandro Trossard,Left Winger,31,Arsenal FC,EPL,20000000.0,46.0,7.0,10.0,2.0,0.0,2577.0,11,https://tmssl.akamaized.net/images/wappen/medium/11.png
Bukayo Saka,Right Winger,24,Arsenal FC,EPL,120000000.0,45.0,10.0,8.0,1.0,0.0,2945.0,11,https://tmssl.akamaized.net/images/wappen/medium/11.png
Noni Madueke,Right Winger,24,Arsenal FC,EPL,50000000.0,39.0,7.0,4.0,1.0,0.0,2095.0,11,https://tmssl.akamaized.net/images/wappen/medium/11.png
Max Dowman,Right Winger,16,Arsenal FC,EPL,20000000.0,12.0,1.0,1.0,0.0,0.0,415.0,11,https://tmssl.akamaized.net/images/wappen/medium/11.png
Viktor Gyökeres,Centre-Forward,27,Arsenal FC,EPL,65000000.0,50.0,21.0,3.0,5.0,0.0,3225.0,11,https://tmssl.akamaized.net/images/wappen/medium/11.png
Kai Havertz,Centre-Forward,26,Arsenal FC,EPL,50000000.0,20.0,5.0,4.0,1.0,0.0,835.0,11,https://tmssl.akamaized.net/images/wappen/medium/11.png
Gabriel Jesus,Centre-Forward,29,Arsenal FC,EPL,20000000.0,26.0,5.0,2.0,2.0,0.0,913.0,11,https://tmssl.akamaized.net/images/wappen/medium/11.png
Robert Sánchez,Goalkeeper,28,Chelsea FC,EPL,22000000.0,47.0,0.0,1.0,3.0,1.0,4106.0,631,https://tmssl.akamaized.net/images/wappen/medium/631.png
Filip Jørgensen,Goalkeeper,24,Chelsea FC,EPL,15000000.0,11.0,0.0,0.0,1.0,0.0,873.0,631,https://tmssl.akamaized.net/images/wappen/medium/631.png
Gabriel Slonina,Goalkeeper,22,Chelsea FC,EPL,3500000.0,0.0,0.0,0.0,0.0,0.0,0.0,631,https://tmssl.akamaized.net/images/wappen/medium/631.png
Teddy Sharman-Lowe,Goalkeeper,23,Chelsea FC,EPL,550000.0,0.0,0.0,0.0,0.0,0.0,0.0,631,https://tmssl.akamaized.net/images/wappen/medium/631.png
Levi Colwill,Centre-Back,23,Chelsea FC,EPL,50000000.0,1.0,0.0,0.0,0.0,0.0,45.0,631,https://tmssl.akamaized.net/images/wappen/medium/631.png
Trevoh Chalobah,Centre-Back,26,Chelsea FC,EPL,40000000.0,45.0,3.0,0.0,4.0,1.0,3681.0,631,https://tmssl.akamaized.net/images/wappen/medium/631.png
Wesley Fofana,Centre-Back,25,Chelsea FC,EPL,28000000.0,34.0,0.0,2.0,6.0,0.0,2401.0,631,https://tmssl.akamaized.net/images/wappen/medium/631.png
Mamadou Sarr,Centre-Back,20,Chelsea FC,EPL,25000000.0,23.0,0.0,0.0,5.0,0.0,1860.0,631,https://tmssl.akamaized.net/images/wappen/medium/631.png
Tosin Adarabioyo,Centre-Back,28,Chelsea FC,EPL,18000000.0,29.0,2.0,0.0,3.0,0.0,1639.0,631,https://tmssl.akamaized.net/images/wappen/medium/631.png
Benoît Badiashile,Centre-Back,25,Chelsea FC,EPL,18000000.0,16.0,0.0,0.0,4.0,0.0,1074.0,631,https://tmssl.akamaized.net/images/wappen/medium/631.png
Marc Cucurella,Left-Back,27,Chelsea FC,EPL,50000000.0,46.0,1.0,4.0,9.0,1.0,3527.0,631,https://tmssl.akamaized.net/images/wappen/medium/631.png
Jorrel Hato,Left-Back,20,Chelsea FC,EPL,35000000.0,32.0,2.0,1.0,5.0,0.0,1925.0,631,https://tmssl.akamaized.net/images/wappen/medium/631.png
Caleb Wiley,Left-Back,21,Chelsea FC,EPL,8000000.0,0.0,0.0,0.0,0.0,0.0,0.0,631,https://tmssl.akamaized.net/images/wappen/medium/631.png
Reece James,Right-Back,26,Chelsea FC,EPL,60000000.0,36.0,2.0,7.0,5.0,0.0,2522.0,631,https://tmssl.akamaized.net/images/wappen/medium/631.png
Malo Gusto,Right-Back,23,Chelsea FC,EPL,35000000.0,46.0,3.0,5.0,5.0,0.0,3040.0,631,https://tmssl.akamaized.net/images/wappen/medium/631.png
Josh Acheampong,Right-Back,20,Chelsea FC,EPL,25000000.0,28.0,2.0,0.0,1.0,0.0,1216.0,631,https://tmssl.akamaized.net/images/wappen/medium/631.png
Moisés Caicedo,Defensive Midfield,24,Chelsea FC,EPL,110000000.0,46.0,5.0,1.0,14.0,1.0,3814.0,631,https://tmssl.akamaized.net/images/wappen/medium/631.png
Roméo Lavia,Defensive Midfield,22,Chelsea FC,EPL,25000000.0,20.0,0.0,0.0,1.0,0.0,758.0,631,https://tmssl.akamaized.net/images/wappen/medium/631.png
Dário Essugo,Defensive Midfield,21,Chelsea FC,EPL,17000000.0,4.0,0.0,2.0,1.0,0.0,108.0,631,https://tmssl.akamaized.net/images/wappen/medium/631.png
Enzo Fernández,Central Midfield,25,Chelsea FC,EPL,90000000.0,50.0,13.0,6.0,11.0,0.0,4019.0,631,https://tmssl.akamaized.net/images/wappen/medium/631.png
Andrey Santos,Central Midfield,22,Chelsea FC,EPL,45000000.0,41.0,2.0,4.0,8.0,0.0,2257.0,631,https://tmssl.akamaized.net/images/wappen/medium/631.png
Cole Palmer,Attacking Midfield,24,Chelsea FC,EPL,110000000.0,30.0,10.0,3.0,5.0,0.0,2084.0,631,https://tmssl.akamaized.net/images/wappen/medium/631.png
Alejandro Garnacho,Left Winger,21,Chelsea FC,EPL,40000000.0,41.0,8.0,4.0,3.0,0.0,2148.0,631,https://tmssl.akamaized.net/images/wappen/medium/631.png
Jamie Gittens,Left Winger,21,Chelsea FC,EPL,35000000.0,27.0,1.0,5.0,1.0,0.0,1102.0,631,https://tmssl.akamaized.net/images/wappen/medium/631.png
Estêvão,Right Winger,19,Chelsea FC,EPL,80000000.0,36.0,8.0,4.0,8.0,0.0,1676.0,631,https://tmssl.akamaized.net/images/wappen/medium/631.png
Pedro Neto,Right Winger,26,Chelsea FC,EPL,60000000.0,49.0,10.0,8.0,6.0,0.0,3597.0,631,https://tmssl.akamaized.net/images/wappen/medium/631.png
João Pedro,Centre-Forward,24,Chelsea FC,EPL,75000000.0,47.0,20.0,9.0,4.0,0.0,3428.0,631,https://tmssl.akamaized.net/images/wappen/medium/631.png
Liam Delap,Centre-Forward,23,Chelsea FC,EPL,32000000.0,38.0,2.0,4.0,4.0,0.0,1500.0,631,https://tmssl.akamaized.net/images/wappen/medium/631.png
Marc Guiu,Centre-Forward,20,Chelsea FC,EPL,12000000.0,13.0,2.0,2.0,1.0,0.0,527.0,631,https://tmssl.akamaized.net/images/wappen/medium/631.png
Giorgi Mamardashvili,Goalkeeper,25,Liverpool FC,EPL,28000000.0,18.0,0.0,0.0,0.0,0.0,1532.0,31,https://tmssl.akamaized.net/images/wappen/medium/31.png
Alisson,Goalkeeper,33,Liverpool FC,EPL,17000000.0,34.0,0.0,0.0,1.0,0.0,3026.0,31,https://tmssl.akamaized.net/images/wappen/medium/31.png
Freddie Woodman,Goalkeeper,29,Liverpool FC,EPL,3000000.0,4.0,0.0,0.0,0.0,0.0,302.0,31,https://tmssl.akamaized.net/images/wappen/medium/31.png
Harvey Davies,Goalkeeper,22,Liverpool FC,EPL,500000.0,0.0,0.0,0.0,0.0,0.0,0.0,31,https://tmssl.akamaized.net/images/wappen/medium/31.png
Ibrahima Konaté,Centre-Back,26,Liverpool FC,EPL,50000000.0,48.0,2.0,0.0,9.0,0.0,4024.0,31,https://tmssl.akamaized.net/images/wappen/medium/31.png
Giovanni Leoni,Centre-Back,19,Liverpool FC,EPL,25000000.0,1.0,0.0,0.0,0.0,0.0,81.0,31,https://tmssl.akamaized.net/images/wappen/medium/31.png
Virgil van Dijk,Centre-Back,34,Liverpool FC,EPL,18000000.0,52.0,6.0,3.0,6.0,0.0,4671.0,31,https://tmssl.akamaized.net/images/wappen/medium/31.png
Joe Gomez,Centre-Back,28,Liverpool FC,EPL,15000000.0,30.0,0.0,2.0,4.0,0.0,1306.0,31,https://tmssl.akamaized.net/images/wappen/medium/31.png
Rhys Williams,Centre-Back,25,Liverpool FC,EPL,500000.0,0.0,0.0,0.0,0.0,0.0,0.0,31,https://tmssl.akamaized.net/images/wappen/medium/31.png
Milos Kerkez,Left-Back,22,Liverpool FC,EPL,40000000.0,45.0,2.0,2.0,6.0,0.0,3031.0,31,https://tmssl.akamaized.net/images/wappen/medium/31.png
Andrew Robertson,Left-Back,32,Liverpool FC,EPL,10000000.0,35.0,3.0,2.0,1.0,0.0,1918.0,31,https://tmssl.akamaized.net/images/wappen/medium/31.png
Jeremie Frimpong,Right-Back,25,Liverpool FC,EPL,35000000.0,33.0,2.0,2.0,1.0,0.0,1688.0,31,https://tmssl.akamaized.net/images/wappen/medium/31.png
Conor Bradley,Right-Back,22,Liverpool FC,EPL,30000000.0,21.0,0.0,2.0,7.0,0.0,1209.0,31,https://tmssl.akamaized.net/images/wappen/medium/31.png
Calvin Ramsay,Right-Back,22,Liverpool FC,EPL,1500000.0,2.0,0.0,0.0,0.0,0.0,91.0,31,https://tmssl.akamaized.net/images/wappen/medium/31.png
Ryan Gravenberch,Defensive Midfield,24,Liverpool FC,EPL,90000000.0,47.0,5.0,6.0,8.0,0.0,3892.0,31,https://tmssl.akamaized.net/images/wappen/medium/31.png
Wataru Endo,Defensive Midfield,33,Liverpool FC,EPL,5000000.0,12.0,0.0,1.0,1.0,0.0,455.0,31,https://tmssl.akamaized.net/images/wappen/medium/31.png
Stefan Bajcetic,Defensive Midfield,21,Liverpool FC,EPL,5000000.0,0.0,0.0,0.0,0.0,0.0,0.0,31,https://tmssl.akamaized.net/images/wappen/medium/31.png
Alexis Mac Allister,Central Midfield,27,Liverpool FC,EPL,80000000.0,52.0,5.0,7.0,8.0,0.0,3615.0,31,https://tmssl.akamaized.net/images/wappen/medium/31.png
Curtis Jones,Central Midfield,25,Liverpool FC,EPL,35000000.0,46.0,2.0,3.0,4.0,0.0,2580.0,31,https://tmssl.akamaized.net/images/wappen/medium/31.png
Trey Nyoni,Central Midfield,18,Liverpool FC,EPL,6000000.0,13.0,0.0,0.0,0.0,0.0,230.0,31,https://tmssl.akamaized.net/images/wappen/medium/31.png
Florian Wirtz,Attacking Midfield,23,Liverpool FC,EPL,110000000.0,47.0,7.0,10.0,2.0,0.0,3463.0,31,https://tmssl.akamaized.net/images/wappen/medium/31.png
Dominik Szoboszlai,Attacking Midfield,25,Liverpool FC,EPL,100000000.0,50.0,13.0,10.0,10.0,1.0,4466.0,31,https://tmssl.akamaized.net/images/wappen/medium/31.png
Cody Gakpo,Left Winger,27,Liverpool FC,EPL,65000000.0,49.0,9.0,6.0,3.0,0.0,3355.0,31,https://tmssl.akamaized.net/images/wappen/medium/31.png
Rio Ngumoha,Left Winger,17,Liverpool FC,EPL,20000000.0,26.0,2.0,0.0,0.0,0.0,722.0,31,https://tmssl.akamaized.net/images/wappen/medium/31.png
Mohamed Salah,Right Winger,33,Liverpool FC,EPL,30000000.0,39.0,12.0,9.0,2.0,0.0,3060.0,31,https://tmssl.akamaized.net/images/wappen/medium/31.png
Federico Chiesa,Right Winger,28,Liverpool FC,EPL,15000000.0,34.0,3.0,3.0,4.0,0.0,689.0,31,https://tmssl.akamaized.net/images/wappen/medium/31.png
Alexander Isak,Centre-Forward,26,Liverpool FC,EPL,100000000.0,21.0,4.0,1.0,0.0,0.0,1010.0,31,https://tmssl.akamaized.net/images/wappen/medium/31.png
Hugo Ekitiké,Centre-Forward,23,Liverpool FC,EPL,90000000.0,45.0,17.0,6.0,1.0,0.0,2872.0,31,https://tmssl.akamaized.net/images/wappen/medium/31.png
Senne Lammens,Goalkeeper,23,Manchester United,EPL,30000000.0,30.0,0.0,0.0,0.0,0.0,2700.0,985,https://tmssl.akamaized.net/images/wappen/medium/985.png
Altay Bayındır,Goalkeeper,28,Manchester United,EPL,7000000.0,6.0,0.0,0.0,0.0,0.0,540.0,985,https://tmssl.akamaized.net/images/wappen/medium/985.png
Tom Heaton,Goalkeeper,40,Manchester United,EPL,150000.0,0.0,0.0,0.0,0.0,0.0,0.0,985,https://tmssl.akamaized.net/images/wappen/medium/985.png
Leny Yoro,Centre-Back,20,Manchester United,EPL,50000000.0,32.0,0.0,2.0,1.0,0.0,1813.0,985,https://tmssl.akamaized.net/images/wappen/medium/985.png
Matthijs de Ligt,Centre-Back,26,Manchester United,EPL,40000000.0,14.0,1.0,0.0,0.0,0.0,1215.0,985,https://tmssl.akamaized.net/images/wappen/medium/985.png
Lisandro Martínez,Centre-Back,28,Manchester United,EPL,40000000.0,16.0,0.0,0.0,0.0,1.0,1040.0,985,https://tmssl.akamaized.net/images/wappen/medium/985.png
Ayden Heaven,Centre-Back,19,Manchester United,EPL,20000000.0,18.0,0.0,1.0,2.0,0.0,987.0,985,https://tmssl.akamaized.net/images/wappen/medium/985.png
Harry Maguire,Centre-Back,33,Manchester United,EPL,10000000.0,22.0,2.0,2.0,4.0,1.0,1486.0,985,https://tmssl.akamaized.net/images/wappen/medium/985.png
Patrick Dorgu,Left-Back,21,Manchester United,EPL,35000000.0,25.0,3.0,3.0,5.0,0.0,1483.0,985,https://tmssl.akamaized.net/images/wappen/medium/985.png
Luke Shaw,Left-Back,30,Manchester United,EPL,10000000.0,35.0,0.0,1.0,8.0,0.0,2971.0,985,https://tmssl.akamaized.net/images/wappen/medium/985.png
Tyrell Malacia,Left-Back,26,Manchester United,EPL,5000000.0,2.0,0.0,0.0,0.0,0.0,7.0,985,https://tmssl.akamaized.net/images/wappen/medium/985.png
Diogo Dalot,Right-Back,27,Manchester United,EPL,30000000.0,35.0,1.0,3.0,5.0,0.0,2706.0,985,https://tmssl.akamaized.net/images/wappen/medium/985.png
Noussair Mazraoui,Right-Back,28,Manchester United,EPL,20000000.0,18.0,0.0,0.0,3.0,0.0,820.0,985,https://tmssl.akamaized.net/images/wappen/medium/985.png
Manuel Ugarte,Defensive Midfield,25,Manchester United,EPL,30000000.0,24.0,0.0,0.0,1.0,0.0,1005.0,985,https://tmssl.akamaized.net/images/wappen/medium/985.png
Casemiro,Defensive Midfield,34,Manchester United,EPL,8000000.0,34.0,9.0,2.0,8.0,0.0,2519.0,985,https://tmssl.akamaized.net/images/wappen/medium/985.png
Kobbie Mainoo,Central Midfield,21,Manchester United,EPL,50000000.0,27.0,1.0,3.0,2.0,0.0,1536.0,985,https://tmssl.akamaized.net/images/wappen/medium/985.png
Bruno Fernandes,Attacking Midfield,31,Manchester United,EPL,40000000.0,34.0,8.0,21.0,5.0,0.0,2933.0,985,https://tmssl.akamaized.net/images/wappen/medium/985.png
Mason Mount,Attacking Midfield,27,Manchester United,EPL,30000000.0,22.0,3.0,1.0,1.0,0.0,933.0,985,https://tmssl.akamaized.net/images/wappen/medium/985.png
Bryan Mbeumo,Right Winger,26,Manchester United,EPL,80000000.0,31.0,10.0,3.0,4.0,0.0,2501.0,985,https://tmssl.akamaized.net/images/wappen/medium/985.png
Amad Diallo,Right Winger,23,Manchester United,EPL,50000000.0,30.0,2.0,3.0,2.0,0.0,2173.0,985,https://tmssl.akamaized.net/images/wappen/medium/985.png
Matheus Cunha,Centre-Forward,26,Manchester United,EPL,70000000.0,33.0,9.0,4.0,3.0,0.0,2513.0,985,https://tmssl.akamaized.net/images/wappen/medium/985.png
Benjamin Sesko,Centre-Forward,22,Manchester United,EPL,65000000.0,32.0,12.0,1.0,2.0,0.0,1817.0,985,https://tmssl.akamaized.net/images/wappen/medium/985.png
Joshua Zirkzee,Centre-Forward,24,Manchester United,EPL,22000000.0,23.0,2.0,1.0,3.0,0.0,554.0,985,https://tmssl.akamaized.net/images/wappen/medium/985.png
Chido Obi,Centre-Forward,18,Manchester United,EPL,5000000.0,0.0,0.0,0.0,0.0,0.0,0.0,985,https://tmssl.akamaized.net/images/wappen/medium/985.png
Aaron Ramsdale,Goalkeeper,28,Newcastle United,EPL,12000000.0,23.0,0.0,0.0,3.0,0.0,2023.0,762,https://tmssl.akamaized.net/images/wappen/medium/762.png
Nick Pope,Goalkeeper,34,Newcastle United,EPL,7000000.0,33.0,0.0,1.0,2.0,0.0,2957.0,762,https://tmssl.akamaized.net/images/wappen/medium/762.png
Mark Gillespie,Goalkeeper,34,Newcastle United,EPL,150000.0,0.0,0.0,0.0,0.0,0.0,0.0,762,https://tmssl.akamaized.net/images/wappen/medium/762.png
John Ruddy,Goalkeeper,39,Newcastle United,EPL,100000.0,0.0,0.0,0.0,0.0,0.0,0.0,762,https://tmssl.akamaized.net/images/wappen/medium/762.png
Malick Thiaw,Centre-Back,24,Newcastle United,EPL,45000000.0,51.0,5.0,1.0,9.0,0.0,4371.0,762,https://tmssl.akamaized.net/images/wappen/medium/762.png
Sven Botman,Centre-Back,26,Newcastle United,EPL,35000000.0,35.0,2.0,1.0,2.0,0.0,2592.0,762,https://tmssl.akamaized.net/images/wappen/medium/762.png
Fabian Schär,Centre-Back,34,Newcastle United,EPL,6000000.0,21.0,1.0,0.0,3.0,0.0,1402.0,762,https://tmssl.akamaized.net/images/wappen/medium/762.png
Dan Burn,Centre-Back,34,Newcastle United,EPL,5000000.0,41.0,2.0,6.0,11.0,0.0,3272.0,762,https://tmssl.akamaized.net/images/wappen/medium/762.png
Lewis Hall,Left-Back,21,Newcastle United,EPL,35000000.0,43.0,1.0,2.0,4.0,0.0,2985.0,762,https://tmssl.akamaized.net/images/wappen/medium/762.png
Alex Murphy,Left-Back,21,Newcastle United,EPL,1500000.0,5.0,0.0,0.0,0.0,0.0,107.0,762,https://tmssl.akamaized.net/images/wappen/medium/762.png
Tino Livramento,Right-Back,23,Newcastle United,EPL,40000000.0,26.0,0.0,1.0,1.0,0.0,1810.0,762,https://tmssl.akamaized.net/images/wappen/medium/762.png
Kieran Trippier,Right-Back,35,Newcastle United,EPL,2500000.0,35.0,0.0,4.0,6.0,0.0,2527.0,762,https://tmssl.akamaized.net/images/wappen/medium/762.png
Emil Krafth,Right-Back,31,Newcastle United,EPL,1000000.0,3.0,0.0,0.0,0.0,0.0,178.0,762,https://tmssl.akamaized.net/images/wappen/medium/762.png
Sandro Tonali,Defensive Midfield,26,Newcastle United,EPL,80000000.0,51.0,3.0,7.0,7.0,0.0,3878.0,762,https://tmssl.akamaized.net/images/wappen/medium/762.png
Bruno Guimarães,Central Midfield,28,Newcastle United,EPL,75000000.0,38.0,9.0,8.0,8.0,0.0,3076.0,762,https://tmssl.akamaized.net/images/wappen/medium/762.png
Jacob Ramsey,Central Midfield,24,Newcastle United,EPL,35000000.0,40.0,2.0,1.0,4.0,0.0,2123.0,762,https://tmssl.akamaized.net/images/wappen/medium/762.png
Joelinton,Central Midfield,29,Newcastle United,EPL,30000000.0,41.0,6.0,2.0,16.0,0.0,2734.0,762,https://tmssl.akamaized.net/images/wappen/medium/762.png
Lewis Miley,Central Midfield,20,Newcastle United,EPL,25000000.0,34.0,3.0,4.0,0.0,0.0,2155.0,762,https://tmssl.akamaized.net/images/wappen/medium/762.png
Joe Willock,Central Midfield,26,Newcastle United,EPL,16000000.0,37.0,1.0,2.0,6.0,0.0,1523.0,762,https://tmssl.akamaized.net/images/wappen/medium/762.png
Anthony Gordon,Left Winger,25,Newcastle United,EPL,60000000.0,46.0,17.0,5.0,4.0,1.0,2869.0,762,https://tmssl.akamaized.net/images/wappen/medium/762.png
Harvey Barnes,Left Winger,28,Newcastle United,EPL,32000000.0,54.0,15.0,5.0,2.0,0.0,3208.0,762,https://tmssl.akamaized.net/images/wappen/medium/762.png
Anthony Elanga,Right Winger,24,Newcastle United,EPL,40000000.0,47.0,3.0,2.0,1.0,0.0,2080.0,762,https://tmssl.akamaized.net/images/wappen/medium/762.png
Jacob Murphy,Right Winger,31,Newcastle United,EPL,15000000.0,43.0,4.0,5.0,2.0,0.0,2106.0,762,https://tmssl.akamaized.net/images/wappen/medium/762.png
Nick Woltemade,Centre-Forward,24,Newcastle United,EPL,65000000.0,51.0,11.0,5.0,1.0,0.0,3042.0,762,https://tmssl.akamaized.net/images/wappen/medium/762.png
Yoane Wissa,Centre-Forward,29,Newcastle United,EPL,30000000.0,25.0,3.0,1.0,3.0,0.0,856.0,762,https://tmssl.akamaized.net/images/wappen/medium/762.png
William Osula,Centre-Forward,22,Newcastle United,EPL,15000000.0,32.0,7.0,1.0,0.0,0.0,1031.0,762,https://tmssl.akamaized.net/images/wappen/medium/762.png
Emiliano Martínez,Goalkeeper,33,Aston Villa,EPL,15000000.0,40.0,0.0,0.0,3.0,0.0,3510.0,405,https://tmssl.akamaized.net/images/wappen/medium/405.png
Marco Bizot,Goalkeeper,35,Aston Villa,EPL,2500000.0,13.0,0.0,0.0,2.0,1.0,1080.0,405,https://tmssl.akamaized.net/images/wappen/medium/405.png
Ezri Konsa,Centre-Back,28,Aston Villa,EPL,40000000.0,44.0,2.0,1.0,1.0,1.0,3810.0,405,https://tmssl.akamaized.net/images/wappen/medium/405.png
Pau Torres,Centre-Back,29,Aston Villa,EPL,22000000.0,32.0,0.0,0.0,1.0,0.0,2683.0,405,https://tmssl.akamaized.net/images/wappen/medium/405.png
Victor Lindelöf,Centre-Back,31,Aston Villa,EPL,6000000.0,23.0,0.0,1.0,2.0,0.0,1452.0,405,https://tmssl.akamaized.net/images/wappen/medium/405.png
Tyrone Mings,Centre-Back,33,Aston Villa,EPL,4000000.0,18.0,1.0,1.0,0.0,0.0,1413.0,405,https://tmssl.akamaized.net/images/wappen/medium/405.png
Ian Maatsen,Left-Back,24,Aston Villa,EPL,30000000.0,40.0,1.0,2.0,3.0,0.0,2158.0,405,https://tmssl.akamaized.net/images/wappen/medium/405.png
Lucas Digne,Left-Back,32,Aston Villa,EPL,8000000.0,40.0,0.0,6.0,6.0,0.0,2495.0,405,https://tmssl.akamaized.net/images/wappen/medium/405.png
Matty Cash,Right-Back,28,Aston Villa,EPL,22000000.0,44.0,3.0,5.0,10.0,0.0,3627.0,405,https://tmssl.akamaized.net/images/wappen/medium/405.png
Andrés García,Right-Back,23,Aston Villa,EPL,7000000.0,7.0,0.0,0.0,1.0,0.0,64.0,405,https://tmssl.akamaized.net/images/wappen/medium/405.png
Amadou Onana,Defensive Midfield,24,Aston Villa,EPL,45000000.0,36.0,2.0,0.0,4.0,0.0,2596.0,405,https://tmssl.akamaized.net/images/wappen/medium/405.png
Boubacar Kamara,Defensive Midfield,26,Aston Villa,EPL,40000000.0,26.0,1.0,4.0,5.0,0.0,1714.0,405,https://tmssl.akamaized.net/images/wappen/medium/405.png
Lamare Bogarde,Defensive Midfield,22,Aston Villa,EPL,15000000.0,41.0,0.0,0.0,7.0,0.0,1985.0,405,https://tmssl.akamaized.net/images/wappen/medium/405.png
Youri Tielemans,Central Midfield,29,Aston Villa,EPL,35000000.0,30.0,1.0,7.0,2.0,0.0,2211.0,405,https://tmssl.akamaized.net/images/wappen/medium/405.png
Douglas Luiz,Central Midfield,28,Aston Villa,EPL,20000000.0,29.0,1.0,2.0,6.0,0.0,1504.0,405,https://tmssl.akamaized.net/images/wappen/medium/405.png
John McGinn,Central Midfield,31,Aston Villa,EPL,15000000.0,39.0,7.0,6.0,6.0,0.0,2670.0,405,https://tmssl.akamaized.net/images/wappen/medium/405.png
Ross Barkley,Central Midfield,32,Aston Villa,EPL,5000000.0,20.0,2.0,0.0,1.0,0.0,737.0,405,https://tmssl.akamaized.net/images/wappen/medium/405.png
Morgan Rogers,Attacking Midfield,23,Aston Villa,EPL,80000000.0,51.0,12.0,9.0,9.0,0.0,4204.0,405,https://tmssl.akamaized.net/images/wappen/medium/405.png
Harvey Elliott,Attacking Midfield,23,Aston Villa,EPL,22000000.0,11.0,1.0,0.0,0.0,0.0,284.0,405,https://tmssl.akamaized.net/images/wappen/medium/405.png
Emiliano Buendía,Attacking Midfield,29,Aston Villa,EPL,18000000.0,49.0,9.0,7.0,8.0,0.0,2527.0,405,https://tmssl.akamaized.net/images/wappen/medium/405.png
Jadon Sancho,Left Winger,26,Aston Villa,EPL,20000000.0,36.0,1.0,3.0,0.0,0.0,1658.0,405,https://tmssl.akamaized.net/images/wappen/medium/405.png
Leon Bailey,Right Winger,28,Aston Villa,EPL,16000000.0,27.0,1.0,3.0,1.0,0.0,760.0,405,https://tmssl.akamaized.net/images/wappen/medium/405.png
Alysson,Right Winger,20,Aston Villa,EPL,10000000.0,3.0,0.0,0.0,0.0,0.0,47.0,405,https://tmssl.akamaized.net/images/wappen/medium/405.png
Ollie Watkins,Centre-Forward,30,Aston Villa,EPL,30000000.0,50.0,15.0,3.0,3.0,0.0,3389.0,405,https://tmssl.akamaized.net/images/wappen/medium/405.png
Tammy Abraham,Centre-Forward,28,Aston Villa,EPL,20000000.0,16.0,3.0,1.0,0.0,0.0,437.0,405,https://tmssl.akamaized.net/images/wappen/medium/405.png
Guglielmo Vicario,Goalkeeper,29,Tottenham Hotspur,EPL,23000000.0,43.0,0.0,0.0,3.0,0.0,3853.0,148,https://tmssl.akamaized.net/images/wappen/medium/148.png
Antonín Kinský,Goalkeeper,23,Tottenham Hotspur,EPL,13000000.0,7.0,0.0,0.0,0.0,0.0,557.0,148,https://tmssl.akamaized.net/images/wappen/medium/148.png
Brandon Austin,Goalkeeper,27,Tottenham Hotspur,EPL,500000.0,0.0,0.0,0.0,0.0,0.0,0.0,148,https://tmssl.akamaized.net/images/wappen/medium/148.png
Micky van de Ven,Centre-Back,25,Tottenham Hotspur,EPL,65000000.0,42.0,7.0,1.0,11.0,1.0,3673.0,148,https://tmssl.akamaized.net/images/wappen/medium/148.png
Cristian Romero,Centre-Back,28,Tottenham Hotspur,EPL,50000000.0,32.0,6.0,4.0,11.0,1.0,2657.0,148,https://tmssl.akamaized.net/images/wappen/medium/148.png
Radu Drăgușin,Centre-Back,24,Tottenham Hotspur,EPL,20000000.0,10.0,0.0,0.0,0.0,0.0,581.0,148,https://tmssl.akamaized.net/images/wappen/medium/148.png
Kevin Danso,Centre-Back,27,Tottenham Hotspur,EPL,20000000.0,33.0,0.0,0.0,9.0,0.0,2058.0,148,https://tmssl.akamaized.net/images/wappen/medium/148.png
Ben Davies,Centre-Back,33,Tottenham Hotspur,EPL,5000000.0,5.0,1.0,0.0,1.0,0.0,250.0,148,https://tmssl.akamaized.net/images/wappen/medium/148.png
Destiny Udogie,Left-Back,23,Tottenham Hotspur,EPL,35000000.0,25.0,0.0,1.0,4.0,0.0,1429.0,148,https://tmssl.akamaized.net/images/wappen/medium/148.png
Djed Spence,Left-Back,25,Tottenham Hotspur,EPL,30000000.0,41.0,0.0,0.0,5.0,0.0,2908.0,148,https://tmssl.akamaized.net/images/wappen/medium/148.png
Souza,Left-Back,19,Tottenham Hotspur,EPL,12000000.0,4.0,0.0,0.0,1.0,0.0,144.0,148,https://tmssl.akamaized.net/images/wappen/medium/148.png
Pedro Porro,Right-Back,26,Tottenham Hotspur,EPL,40000000.0,44.0,2.0,6.0,12.0,0.0,3653.0,148,https://tmssl.akamaized.net/images/wappen/medium/148.png
Rodrigo Bentancur,Defensive Midfield,28,Tottenham Hotspur,EPL,22000000.0,31.0,1.0,1.0,7.0,0.0,2296.0,148,https://tmssl.akamaized.net/images/wappen/medium/148.png
João Palhinha,Defensive Midfield,30,Tottenham Hotspur,EPL,18000000.0,42.0,6.0,3.0,10.0,0.0,2673.0,148,https://tmssl.akamaized.net/images/wappen/medium/148.png
Yves Bissouma,Defensive Midfield,29,Tottenham Hotspur,EPL,12000000.0,11.0,0.0,0.0,4.0,0.0,605.0,148,https://tmssl.akamaized.net/images/wappen/medium/148.png
Lucas Bergvall,Central Midfield,20,Tottenham Hotspur,EPL,40000000.0,32.0,1.0,5.0,3.0,0.0,1456.0,148,https://tmssl.akamaized.net/images/wappen/medium/148.png
Archie Gray,Central Midfield,20,Tottenham Hotspur,EPL,35000000.0,34.0,2.0,3.0,8.0,0.0,2254.0,148,https://tmssl.akamaized.net/images/wappen/medium/148.png
Conor Gallagher,Central Midfield,26,Tottenham Hotspur,EPL,35000000.0,42.0,4.0,2.0,4.0,0.0,2065.0,148,https://tmssl.akamaized.net/images/wappen/medium/148.png
Pape Matar Sarr,Central Midfield,23,Tottenham Hotspur,EPL,32000000.0,35.0,2.0,3.0,2.0,0.0,2174.0,148,https://tmssl.akamaized.net/images/wappen/medium/148.png
Xavi Simons,Attacking Midfield,23,Tottenham Hotspur,EPL,50000000.0,43.0,6.0,7.0,7.0,1.0,2749.0,148,https://tmssl.akamaized.net/images/wappen/medium/148.png
Dejan Kulusevski,Attacking Midfield,26,Tottenham Hotspur,EPL,35000000.0,0.0,0.0,0.0,0.0,0.0,0.0,148,https://tmssl.akamaized.net/images/wappen/medium/148.png
James Maddison,Attacking Midfield,29,Tottenham Hotspur,EPL,25000000.0,0.0,0.0,0.0,0.0,0.0,0.0,148,https://tmssl.akamaized.net/images/wappen/medium/148.png
Wilson Odobert,Left Winger,21,Tottenham Hotspur,EPL,20000000.0,33.0,2.0,5.0,0.0,0.0,1609.0,148,https://tmssl.akamaized.net/images/wappen/medium/148.png
Mohammed Kudus,Right Winger,25,Tottenham Hotspur,EPL,55000000.0,26.0,3.0,6.0,4.0,0.0,1921.0,148,https://tmssl.akamaized.net/images/wappen/medium/148.png
Dominic Solanke,Centre-Forward,28,Tottenham Hotspur,EPL,35000000.0,20.0,6.0,0.0,1.0,0.0,1161.0,148,https://tmssl.akamaized.net/images/wappen/medium/148.png
Richarlison,Centre-Forward,29,Tottenham Hotspur,EPL,28000000.0,40.0,11.0,5.0,9.0,0.0,2398.0,148,https://tmssl.akamaized.net/images/wappen/medium/148.png
Mathys Tel,Centre-Forward,21,Tottenham Hotspur,EPL,25000000.0,35.0,3.0,2.0,1.0,0.0,1440.0,148,https://tmssl.akamaized.net/images/wappen/medium/148.png
Randal Kolo Muani,Centre-Forward,27,Tottenham Hotspur,EPL,22000000.0,38.0,5.0,4.0,5.0,0.0,2027.0,148,https://tmssl.akamaized.net/images/wappen/medium/148.png
Dean Henderson,Goalkeeper,29,Crystal Palace,EPL,28000000.0,46.0,0.0,0.0,4.0,0.0,4140.0,873,https://tmssl.akamaized.net/images/wappen/medium/873.png
Walter Benítez,Goalkeeper,33,Crystal Palace,EPL,5000000.0,8.0,0.0,0.0,0.0,0.0,750.0,873,https://tmssl.akamaized.net/images/wappen/medium/873.png
Remi Matthews,Goalkeeper,32,Crystal Palace,EPL,300000.0,0.0,0.0,0.0,0.0,0.0,0.0,873,https://tmssl.akamaized.net/images/wappen/medium/873.png
Maxence Lacroix,Centre-Back,26,Crystal Palace,EPL,40000000.0,50.0,3.0,3.0,6.0,1.0,4421.0,873,https://tmssl.akamaized.net/images/wappen/medium/873.png
Chris Richards,Centre-Back,26,Crystal Palace,EPL,25000000.0,46.0,2.0,0.0,5.0,0.0,3922.0,873,https://tmssl.akamaized.net/images/wappen/medium/873.png
Jaydee Canvot,Centre-Back,19,Crystal Palace,EPL,20000000.0,33.0,0.0,0.0,7.0,0.0,2313.0,873,https://tmssl.akamaized.net/images/wappen/medium/873.png
Chadi Riad,Centre-Back,22,Crystal Palace,EPL,12000000.0,9.0,0.0,1.0,3.0,0.0,526.0,873,https://tmssl.akamaized.net/images/wappen/medium/873.png
Tyrick Mitchell,Left-Back,26,Crystal Palace,EPL,25000000.0,49.0,3.0,3.0,5.0,0.0,4036.0,873,https://tmssl.akamaized.net/images/wappen/medium/873.png
Borna Sosa,Left-Back,28,Crystal Palace,EPL,4000000.0,18.0,0.0,0.0,4.0,0.0,842.0,873,https://tmssl.akamaized.net/images/wappen/medium/873.png
Rio Cardines,Left-Back,19,Crystal Palace,EPL,300000.0,2.0,0.0,0.0,0.0,0.0,18.0,873,https://tmssl.akamaized.net/images/wappen/medium/873.png
Daniel Muñoz,Right-Back,29,Crystal Palace,EPL,27000000.0,40.0,5.0,3.0,7.0,0.0,3395.0,873,https://tmssl.akamaized.net/images/wappen/medium/873.png
Caleb Kporha,Right-Back,19,Crystal Palace,EPL,1000000.0,0.0,0.0,0.0,0.0,0.0,0.0,873,https://tmssl.akamaized.net/images/wappen/medium/873.png
Nathaniel Clyne,Right-Back,35,Crystal Palace,EPL,500000.0,11.0,0.0,1.0,1.0,0.0,571.0,873,https://tmssl.akamaized.net/images/wappen/medium/873.png
Adam Wharton,Defensive Midfield,22,Crystal Palace,EPL,60000000.0,47.0,0.0,7.0,6.0,0.0,3585.0,873,https://tmssl.akamaized.net/images/wappen/medium/873.png
Cheick Doucouré,Defensive Midfield,26,Crystal Palace,EPL,13000000.0,0.0,0.0,0.0,0.0,0.0,0.0,873,https://tmssl.akamaized.net/images/wappen/medium/873.png
Jefferson Lerma,Defensive Midfield,31,Crystal Palace,EPL,8000000.0,43.0,0.0,6.0,6.0,0.0,2330.0,873,https://tmssl.akamaized.net/images/wappen/medium/873.png
Kaden Rodney,Defensive Midfield,21,Crystal Palace,EPL,200000.0,3.0,0.0,0.0,0.0,0.0,138.0,873,https://tmssl.akamaized.net/images/wappen/medium/873.png
Will Hughes,Central Midfield,31,Crystal Palace,EPL,6000000.0,45.0,0.0,1.0,9.0,0.0,2153.0,873,https://tmssl.akamaized.net/images/wappen/medium/873.png
Daichi Kamada,Attacking Midfield,29,Crystal Palace,EPL,12000000.0,40.0,1.0,5.0,3.0,0.0,2794.0,873,https://tmssl.akamaized.net/images/wappen/medium/873.png
Justin Devenny,Attacking Midfield,22,Crystal Palace,EPL,12000000.0,31.0,2.0,1.0,0.0,0.0,1141.0,873,https://tmssl.akamaized.net/images/wappen/medium/873.png
Ismaïla Sarr,Right Winger,28,Crystal Palace,EPL,35000000.0,39.0,18.0,2.0,4.0,0.0,3177.0,873,https://tmssl.akamaized.net/images/wappen/medium/873.png
Yéremy Pino,Right Winger,23,Crystal Palace,EPL,35000000.0,48.0,5.0,5.0,7.0,0.0,3031.0,873,https://tmssl.akamaized.net/images/wappen/medium/873.png
Brennan Johnson,Right Winger,24,Crystal Palace,EPL,35000000.0,44.0,4.0,2.0,6.0,1.0,2119.0,873,https://tmssl.akamaized.net/images/wappen/medium/873.png
Evann Guessand,Right Winger,24,Crystal Palace,EPL,28000000.0,32.0,4.0,1.0,2.0,0.0,1831.0,873,https://tmssl.akamaized.net/images/wappen/medium/873.png
Jørgen Strand Larsen,Centre-Forward,26,Crystal Palace,EPL,45000000.0,42.0,10.0,3.0,7.0,0.0,2698.0,873,https://tmssl.akamaized.net/images/wappen/medium/873.png
Jean-Philippe Mateta,Centre-Forward,28,Crystal Palace,EPL,35000000.0,44.0,13.0,3.0,4.0,0.0,3131.0,873,https://tmssl.akamaized.net/images/wappen/medium/873.png
Christantus Uche,Centre-Forward,23,Crystal Palace,EPL,15000000.0,22.0,2.0,1.0,0.0,0.0,478.0,873,https://tmssl.akamaized.net/images/wappen/medium/873.png
Eddie Nketiah,Centre-Forward,26,Crystal Palace,EPL,14000000.0,19.0,4.0,1.0,3.0,0.0,690.0,873,https://tmssl.akamaized.net/images/wappen/medium/873.png
John Victor,Goalkeeper,30,Nottingham Forest,EPL,7000000.0,9.0,0.0,0.0,1.0,0.0,798.0,703,https://tmssl.akamaized.net/images/wappen/medium/703.png
Stefan Ortega,Goalkeeper,33,Nottingham Forest,EPL,5000000.0,9.0,0.0,0.0,0.0,0.0,840.0,703,https://tmssl.akamaized.net/images/wappen/medium/703.png
Matz Sels,Goalkeeper,34,Nottingham Forest,EPL,4000000.0,35.0,0.0,0.0,2.0,0.0,3057.0,703,https://tmssl.akamaized.net/images/wappen/medium/703.png
Angus Gunn,Goalkeeper,30,Nottingham Forest,EPL,1500000.0,1.0,0.0,0.0,0.0,0.0,45.0,703,https://tmssl.akamaized.net/images/wappen/medium/703.png
Murillo,Centre-Back,23,Nottingham Forest,EPL,50000000.0,38.0,2.0,0.0,7.0,0.0,2842.0,703,https://tmssl.akamaized.net/images/wappen/medium/703.png
Nikola Milenković,Centre-Back,28,Nottingham Forest,EPL,30000000.0,49.0,1.0,1.0,6.0,0.0,4136.0,703,https://tmssl.akamaized.net/images/wappen/medium/703.png
Morato,Centre-Back,24,Nottingham Forest,EPL,14000000.0,33.0,0.0,0.0,8.0,0.0,2319.0,703,https://tmssl.akamaized.net/images/wappen/medium/703.png
Jair Cunha,Centre-Back,21,Nottingham Forest,EPL,12000000.0,11.0,0.0,0.0,0.0,0.0,711.0,703,https://tmssl.akamaized.net/images/wappen/medium/703.png
Zach Abbott,Centre-Back,20,Nottingham Forest,EPL,3000000.0,10.0,0.0,0.0,1.0,0.0,671.0,703,https://tmssl.akamaized.net/images/wappen/medium/703.png
Willy Boly,Centre-Back,35,Nottingham Forest,EPL,500000.0,2.0,0.0,0.0,0.0,0.0,91.0,703,https://tmssl.akamaized.net/images/wappen/medium/703.png
Neco Williams,Left-Back,25,Nottingham Forest,EPL,25000000.0,49.0,2.0,4.0,7.0,1.0,3967.0,703,https://tmssl.akamaized.net/images/wappen/medium/703.png
Luca Netz,Left-Back,23,Nottingham Forest,EPL,6000000.0,21.0,0.0,2.0,2.0,0.0,1196.0,703,https://tmssl.akamaized.net/images/wappen/medium/703.png
Ola Aina,Right-Back,29,Nottingham Forest,EPL,20000000.0,26.0,0.0,1.0,3.0,0.0,2110.0,703,https://tmssl.akamaized.net/images/wappen/medium/703.png
Nicolò Savona,Right-Back,23,Nottingham Forest,EPL,18000000.0,20.0,2.0,2.0,3.0,0.0,1500.0,703,https://tmssl.akamaized.net/images/wappen/medium/703.png
Eric da Silva Moreira,Right-Back,20,Nottingham Forest,EPL,1000000.0,0.0,0.0,0.0,0.0,0.0,0.0,703,https://tmssl.akamaized.net/images/wappen/medium/703.png
Ibrahim Sangaré,Defensive Midfield,28,Nottingham Forest,EPL,22000000.0,41.0,2.0,3.0,6.0,0.0,2741.0,703,https://tmssl.akamaized.net/images/wappen/medium/703.png
Elliot Anderson,Central Midfield,23,Nottingham Forest,EPL,60000000.0,46.0,3.0,3.0,10.0,1.0,3833.0,703,https://tmssl.akamaized.net/images/wappen/medium/703.png
Nicolás Domínguez,Central Midfield,27,Nottingham Forest,EPL,16000000.0,37.0,2.0,1.0,5.0,0.0,1981.0,703,https://tmssl.akamaized.net/images/wappen/medium/703.png
Ryan Yates,Central Midfield,28,Nottingham Forest,EPL,8000000.0,32.0,2.0,4.0,4.0,0.0,1269.0,703,https://tmssl.akamaized.net/images/wappen/medium/703.png
Morgan Gibbs-White,Attacking Midfield,26,Nottingham Forest,EPL,60000000.0,51.0,16.0,7.0,4.0,0.0,3974.0,703,https://tmssl.akamaized.net/images/wappen/medium/703.png
Omari Hutchinson,Attacking Midfield,22,Nottingham Forest,EPL,30000000.0,37.0,1.0,7.0,3.0,0.0,2186.0,703,https://tmssl.akamaized.net/images/wappen/medium/703.png
James McAtee,Attacking Midfield,23,Nottingham Forest,EPL,20000000.0,22.0,1.0,1.0,1.0,0.0,947.0,703,https://tmssl.akamaized.net/images/wappen/medium/703.png
Callum Hudson-Odoi,Left Winger,25,Nottingham Forest,EPL,30000000.0,43.0,6.0,4.0,0.0,0.0,2642.0,703,https://tmssl.akamaized.net/images/wappen/medium/703.png
Dan Ndoye,Right Winger,25,Nottingham Forest,EPL,35000000.0,37.0,2.0,2.0,2.0,0.0,2014.0,703,https://tmssl.akamaized.net/images/wappen/medium/703.png
Dilane Bakwa,Right Winger,23,Nottingham Forest,EPL,28000000.0,26.0,1.0,5.0,1.0,0.0,1024.0,703,https://tmssl.akamaized.net/images/wappen/medium/703.png
Lorenzo Lucca,Centre-Forward,25,Nottingham Forest,EPL,25000000.0,30.0,3.0,0.0,2.0,1.0,930.0,703,https://tmssl.akamaized.net/images/wappen/medium/703.png
Igor Jesus,Centre-Forward,25,Nottingham Forest,EPL,22000000.0,48.0,16.0,5.0,5.0,0.0,2929.0,703,https://tmssl.akamaized.net/images/wappen/medium/703.png
Taiwo Awoniyi,Centre-Forward,28,Nottingham Forest,EPL,9000000.0,15.0,4.0,1.0,1.0,0.0,392.0,703,https://tmssl.akamaized.net/images/wappen/medium/703.png
Chris Wood,Centre-Forward,34,Nottingham Forest,EPL,6000000.0,16.0,5.0,0.0,0.0,0.0,924.0,703,https://tmssl.akamaized.net/images/wappen/medium/703.png
Bart Verbruggen,Goalkeeper,23,Brighton & Hove Albion,EPL,40000000.0,35.0,0.0,0.0,3.0,0.0,3150.0,1237,https://tmssl.akamaized.net/images/wappen/medium/1237.png
Jason Steele,Goalkeeper,35,Brighton & Hove Albion,EPL,750000.0,5.0,0.0,0.0,0.0,0.0,450.0,1237,https://tmssl.akamaized.net/images/wappen/medium/1237.png
Tom McGill,Goalkeeper,26,Brighton & Hove Albion,EPL,500000.0,0.0,0.0,0.0,0.0,0.0,0.0,1237,https://tmssl.akamaized.net/images/wappen/medium/1237.png
Jan Paul van Hecke,Centre-Back,25,Brighton & Hove Albion,EPL,35000000.0,37.0,3.0,3.0,10.0,0.0,3141.0,1237,https://tmssl.akamaized.net/images/wappen/medium/1237.png
Olivier Boscagli,Centre-Back,28,Brighton & Hove Albion,EPL,15000000.0,17.0,1.0,1.0,3.0,0.0,1178.0,1237,https://tmssl.akamaized.net/images/wappen/medium/1237.png
Igor Julio,Centre-Back,28,Brighton & Hove Albion,EPL,12000000.0,1.0,0.0,0.0,0.0,0.0,90.0,1237,https://tmssl.akamaized.net/images/wappen/medium/1237.png
Adam Webster,Centre-Back,31,Brighton & Hove Albion,EPL,5000000.0,0.0,0.0,0.0,0.0,0.0,0.0,1237,https://tmssl.akamaized.net/images/wappen/medium/1237.png
Lewis Dunk,Centre-Back,34,Brighton & Hove Albion,EPL,4000000.0,31.0,0.0,0.0,11.0,0.0,2657.0,1237,https://tmssl.akamaized.net/images/wappen/medium/1237.png
Ferdi Kadıoğlu,Left-Back,26,Brighton & Hove Albion,EPL,30000000.0,39.0,1.0,0.0,7.0,0.0,3246.0,1237,https://tmssl.akamaized.net/images/wappen/medium/1237.png
Maxim De Cuyper,Left-Back,25,Brighton & Hove Albion,EPL,22000000.0,28.0,2.0,1.0,2.0,0.0,1258.0,1237,https://tmssl.akamaized.net/images/wappen/medium/1237.png
Mats Wieffer,Right-Back,26,Brighton & Hove Albion,EPL,25000000.0,27.0,2.0,3.0,8.0,0.0,1850.0,1237,https://tmssl.akamaized.net/images/wappen/medium/1237.png
Joël Veltman,Right-Back,34,Brighton & Hove Albion,EPL,2500000.0,26.0,1.0,1.0,5.0,0.0,1263.0,1237,https://tmssl.akamaized.net/images/wappen/medium/1237.png
Carlos Baleba,Defensive Midfield,22,Brighton & Hove Albion,EPL,55000000.0,32.0,0.0,0.0,7.0,0.0,1702.0,1237,https://tmssl.akamaized.net/images/wappen/medium/1237.png
Jack Hinshelwood,Defensive Midfield,21,Brighton & Hove Albion,EPL,22000000.0,27.0,3.0,4.0,0.0,0.0,1744.0,1237,https://tmssl.akamaized.net/images/wappen/medium/1237.png
Yasin Ayari,Central Midfield,22,Brighton & Hove Albion,EPL,30000000.0,30.0,4.0,3.0,1.0,0.0,1998.0,1237,https://tmssl.akamaized.net/images/wappen/medium/1237.png
Diego Gómez,Central Midfield,23,Brighton & Hove Albion,EPL,25000000.0,35.0,10.0,1.0,10.0,0.0,2403.0,1237,https://tmssl.akamaized.net/images/wappen/medium/1237.png
Matt O'Riley,Central Midfield,25,Brighton & Hove Albion,EPL,20000000.0,31.0,2.0,6.0,3.0,0.0,1487.0,1237,https://tmssl.akamaized.net/images/wappen/medium/1237.png
Pascal Groß,Central Midfield,34,Brighton & Hove Albion,EPL,3500000.0,34.0,1.0,5.0,2.0,0.0,2279.0,1237,https://tmssl.akamaized.net/images/wappen/medium/1237.png
James Milner,Central Midfield,40,Brighton & Hove Albion,EPL,750000.0,21.0,1.0,1.0,2.0,0.0,887.0,1237,https://tmssl.akamaized.net/images/wappen/medium/1237.png
Kaoru Mitoma,Left Winger,28,Brighton & Hove Albion,EPL,25000000.0,26.0,3.0,1.0,4.0,0.0,1704.0,1237,https://tmssl.akamaized.net/images/wappen/medium/1237.png
Yankuba Minteh,Right Winger,21,Brighton & Hove Albion,EPL,40000000.0,33.0,2.0,4.0,3.0,0.0,2227.0,1237,https://tmssl.akamaized.net/images/wappen/medium/1237.png
Solly March,Right Winger,31,Brighton & Hove Albion,EPL,2000000.0,1.0,0.0,0.0,0.0,0.0,4.0,1237,https://tmssl.akamaized.net/images/wappen/medium/1237.png
Georginio Rutter,Centre-Forward,24,Brighton & Hove Albion,EPL,30000000.0,32.0,3.0,4.0,2.0,0.0,1914.0,1237,https://tmssl.akamaized.net/images/wappen/medium/1237.png
Charalampos Kostoulas,Centre-Forward,18,Brighton & Hove Albion,EPL,25000000.0,23.0,2.0,1.0,3.0,0.0,491.0,1237,https://tmssl.akamaized.net/images/wappen/medium/1237.png
Stefanos Tzimas,Centre-Forward,20,Brighton & Hove Albion,EPL,20000000.0,12.0,3.0,2.0,1.0,0.0,311.0,1237,https://tmssl.akamaized.net/images/wappen/medium/1237.png
Danny Welbeck,Centre-Forward,35,Brighton & Hove Albion,EPL,4000000.0,37.0,14.0,2.0,5.0,0.0,2247.0,1237,https://tmssl.akamaized.net/images/wappen/medium/1237.png
Jordan Pickford,Goalkeeper,32,Everton FC,EPL,15000000.0,36.0,0.0,0.0,4.0,0.0,3270.0,29,https://tmssl.akamaized.net/images/wappen/medium/29.png
Mark Travers,Goalkeeper,27,Everton FC,EPL,4000000.0,2.0,0.0,0.0,0.0,0.0,180.0,29,https://tmssl.akamaized.net/images/wappen/medium/29.png
Tom King,Goalkeeper,31,Everton FC,EPL,150000.0,0.0,0.0,0.0,0.0,0.0,0.0,29,https://tmssl.akamaized.net/images/wappen/medium/29.png
Jarrad Branthwaite,Centre-Back,23,Everton FC,EPL,45000000.0,10.0,1.0,1.0,1.0,0.0,681.0,29,https://tmssl.akamaized.net/images/wappen/medium/29.png
James Tarkowski,Centre-Back,33,Everton FC,EPL,7000000.0,37.0,1.0,2.0,7.0,0.0,3360.0,29,https://tmssl.akamaized.net/images/wappen/medium/29.png
Michael Keane,Centre-Back,33,Everton FC,EPL,4000000.0,32.0,3.0,0.0,1.0,1.0,2500.0,29,https://tmssl.akamaized.net/images/wappen/medium/29.png
Vitaliy Mykolenko,Left-Back,26,Everton FC,EPL,25000000.0,33.0,0.0,1.0,5.0,0.0,2895.0,29,https://tmssl.akamaized.net/images/wappen/medium/29.png
Adam Aznou,Left-Back,19,Everton FC,EPL,7000000.0,1.0,0.0,1.0,0.0,0.0,34.0,29,https://tmssl.akamaized.net/images/wappen/medium/29.png
Jake O'Brien,Right-Back,25,Everton FC,EPL,18000000.0,37.0,1.0,1.0,4.0,1.0,3097.0,29,https://tmssl.akamaized.net/images/wappen/medium/29.png
Nathan Patterson,Right-Back,24,Everton FC,EPL,10000000.0,8.0,0.0,0.0,0.0,0.0,356.0,29,https://tmssl.akamaized.net/images/wappen/medium/29.png
Séamus Coleman,Right-Back,37,Everton FC,EPL,300000.0,5.0,0.0,0.0,0.0,0.0,180.0,29,https://tmssl.akamaized.net/images/wappen/medium/29.png
James Garner,Defensive Midfield,25,Everton FC,EPL,35000000.0,38.0,3.0,7.0,11.0,0.0,3444.0,29,https://tmssl.akamaized.net/images/wappen/medium/29.png
Idrissa Gueye,Defensive Midfield,36,Everton FC,EPL,1000000.0,43.0,2.0,3.0,3.0,1.0,2479.0,29,https://tmssl.akamaized.net/images/wappen/medium/29.png
Kiernan Dewsbury-Hall,Central Midfield,27,Everton FC,EPL,32000000.0,29.0,8.0,6.0,6.0,0.0,2419.0,29,https://tmssl.akamaized.net/images/wappen/medium/29.png
Carlos Alcaraz,Central Midfield,23,Everton FC,EPL,15000000.0,20.0,1.0,1.0,4.0,0.0,801.0,29,https://tmssl.akamaized.net/images/wappen/medium/29.png
Tim Iroegbunam,Central Midfield,22,Everton FC,EPL,15000000.0,28.0,0.0,3.0,8.0,0.0,1341.0,29,https://tmssl.akamaized.net/images/wappen/medium/29.png
Harrison Armstrong,Central Midfield,19,Everton FC,EPL,12000000.0,14.0,0.0,2.0,0.0,0.0,710.0,29,https://tmssl.akamaized.net/images/wappen/medium/29.png
Merlin Röhl,Attacking Midfield,23,Everton FC,EPL,16000000.0,17.0,0.0,0.0,0.0,0.0,604.0,29,https://tmssl.akamaized.net/images/wappen/medium/29.png
Jack Grealish,Left Winger,30,Everton FC,EPL,25000000.0,22.0,2.0,6.0,2.0,0.0,1723.0,29,https://tmssl.akamaized.net/images/wappen/medium/29.png
Tyrique George,Left Winger,20,Everton FC,EPL,22000000.0,19.0,3.0,1.0,3.0,0.0,647.0,29,https://tmssl.akamaized.net/images/wappen/medium/29.png
Dwight McNeil,Left Winger,26,Everton FC,EPL,20000000.0,24.0,0.0,1.0,1.0,0.0,1424.0,29,https://tmssl.akamaized.net/images/wappen/medium/29.png
Iliman Ndiaye,Right Winger,26,Everton FC,EPL,50000000.0,31.0,6.0,3.0,2.0,0.0,2563.0,29,https://tmssl.akamaized.net/images/wappen/medium/29.png
Tyler Dibling,Right Winger,20,Everton FC,EPL,22000000.0,17.0,0.0,0.0,2.0,0.0,513.0,29,https://tmssl.akamaized.net/images/wappen/medium/29.png
Thierno Barry,Centre-Forward,23,Everton FC,EPL,30000000.0,38.0,8.0,0.0,5.0,0.0,1945.0,29,https://tmssl.akamaized.net/images/wappen/medium/29.png
Beto,Centre-Forward,28,Everton FC,EPL,20000000.0,37.0,9.0,1.0,3.0,0.0,1610.0,29,https://tmssl.akamaized.net/images/wappen/medium/29.png
Caoimhín Kelleher,Goalkeeper,27,Brentford FC,EPL,25000000.0,35.0,0.0,0.0,1.0,0.0,3180.0,1148,https://tmssl.akamaized.net/images/wappen/medium/1148.png
Hákon Valdimarsson,Goalkeeper,24,Brentford FC,EPL,2500000.0,7.0,0.0,0.0,0.0,0.0,630.0,1148,https://tmssl.akamaized.net/images/wappen/medium/1148.png
Ellery Balcombe,Goalkeeper,26,Brentford FC,EPL,400000.0,0.0,0.0,0.0,0.0,0.0,0.0,1148,https://tmssl.akamaized.net/images/wappen/medium/1148.png
Sepp van den Berg,Centre-Back,24,Brentford FC,EPL,32000000.0,36.0,0.0,1.0,2.0,0.0,3105.0,1148,https://tmssl.akamaized.net/images/wappen/medium/1148.png
Nathan Collins,Centre-Back,25,Brentford FC,EPL,30000000.0,38.0,2.0,3.0,6.0,0.0,3101.0,1148,https://tmssl.akamaized.net/images/wappen/medium/1148.png
Kristoffer Ajer,Centre-Back,28,Brentford FC,EPL,18000000.0,29.0,0.0,2.0,3.0,0.0,1966.0,1148,https://tmssl.akamaized.net/images/wappen/medium/1148.png
Ethan Pinnock,Centre-Back,32,Brentford FC,EPL,4000000.0,8.0,0.0,0.0,1.0,0.0,651.0,1148,https://tmssl.akamaized.net/images/wappen/medium/1148.png
Rico Henry,Left-Back,28,Brentford FC,EPL,15000000.0,30.0,0.0,0.0,2.0,0.0,1755.0,1148,https://tmssl.akamaized.net/images/wappen/medium/1148.png
Michael Kayode,Right-Back,21,Brentford FC,EPL,35000000.0,41.0,1.0,2.0,8.0,0.0,3342.0,1148,https://tmssl.akamaized.net/images/wappen/medium/1148.png
Aaron Hickey,Right-Back,23,Brentford FC,EPL,16000000.0,24.0,1.0,0.0,1.0,0.0,927.0,1148,https://tmssl.akamaized.net/images/wappen/medium/1148.png
Vitaly Janelt,Defensive Midfield,28,Brentford FC,EPL,18000000.0,27.0,1.0,4.0,8.0,0.0,1547.0,1148,https://tmssl.akamaized.net/images/wappen/medium/1148.png
Jordan Henderson,Defensive Midfield,35,Brentford FC,EPL,2000000.0,31.0,1.0,3.0,4.0,0.0,1988.0,1148,https://tmssl.akamaized.net/images/wappen/medium/1148.png
Yegor Yarmolyuk,Central Midfield,22,Brentford FC,EPL,30000000.0,40.0,1.0,2.0,8.0,0.0,2789.0,1148,https://tmssl.akamaized.net/images/wappen/medium/1148.png
Mathias Jensen,Central Midfield,30,Brentford FC,EPL,12000000.0,39.0,5.0,3.0,3.0,0.0,2514.0,1148,https://tmssl.akamaized.net/images/wappen/medium/1148.png
Josh Dasilva,Central Midfield,27,Brentford FC,EPL,2000000.0,1.0,0.0,0.0,0.0,0.0,1.0,1148,https://tmssl.akamaized.net/images/wappen/medium/1148.png
Keane Lewis-Potter,Left Midfield,25,Brentford FC,EPL,25000000.0,38.0,5.0,4.0,1.0,0.0,2044.0,1148,https://tmssl.akamaized.net/images/wappen/medium/1148.png
Mikkel Damsgaard,Attacking Midfield,25,Brentford FC,EPL,30000000.0,34.0,4.0,4.0,0.0,0.0,2172.0,1148,https://tmssl.akamaized.net/images/wappen/medium/1148.png
Antoni Milambo,Attacking Midfield,21,Brentford FC,EPL,20000000.0,3.0,0.0,0.0,0.0,0.0,172.0,1148,https://tmssl.akamaized.net/images/wappen/medium/1148.png
Fábio Carvalho,Attacking Midfield,23,Brentford FC,EPL,10000000.0,9.0,3.0,1.0,1.0,0.0,370.0,1148,https://tmssl.akamaized.net/images/wappen/medium/1148.png
Kevin Schade,Left Winger,24,Brentford FC,EPL,35000000.0,36.0,7.0,4.0,6.0,1.0,2833.0,1148,https://tmssl.akamaized.net/images/wappen/medium/1148.png
Reiss Nelson,Left Winger,26,Brentford FC,EPL,12000000.0,13.0,1.0,2.0,0.0,0.0,338.0,1148,https://tmssl.akamaized.net/images/wappen/medium/1148.png
Dango Ouattara,Right Winger,24,Brentford FC,EPL,35000000.0,34.0,5.0,8.0,5.0,0.0,2388.0,1148,https://tmssl.akamaized.net/images/wappen/medium/1148.png
Romelle Donovan,Right Winger,19,Brentford FC,EPL,3500000.0,9.0,0.0,2.0,0.0,0.0,282.0,1148,https://tmssl.akamaized.net/images/wappen/medium/1148.png
Igor Thiago,Centre-Forward,24,Brentford FC,EPL,50000000.0,37.0,25.0,1.0,8.0,0.0,3167.0,1148,https://tmssl.akamaized.net/images/wappen/medium/1148.png
Kaye Furo,Centre-Forward,19,Brentford FC,EPL,8000000.0,3.0,0.0,0.0,0.0,0.0,87.0,1148,https://tmssl.akamaized.net/images/wappen/medium/1148.png
Djordje Petrovic,Goalkeeper,26,AFC Bournemouth,EPL,28000000.0,37.0,0.0,0.0,4.0,0.0,3360.0,989,https://tmssl.akamaized.net/images/wappen/medium/989.png
Christos Mandas,Goalkeeper,24,AFC Bournemouth,EPL,10000000.0,1.0,0.0,0.0,0.0,0.0,90.0,989,https://tmssl.akamaized.net/images/wappen/medium/989.png
Fraser Forster,Goalkeeper,38,AFC Bournemouth,EPL,600000.0,0.0,0.0,0.0,0.0,0.0,0.0,989,https://tmssl.akamaized.net/images/wappen/medium/989.png
Bafodé Diakité,Centre-Back,25,AFC Bournemouth,EPL,30000000.0,20.0,0.0,0.0,1.0,0.0,1440.0,989,https://tmssl.akamaized.net/images/wappen/medium/989.png
Marcos Senesi,Centre-Back,29,AFC Bournemouth,EPL,22000000.0,36.0,0.0,5.0,8.0,0.0,3096.0,989,https://tmssl.akamaized.net/images/wappen/medium/989.png
Veljko Milosavljevic,Centre-Back,18,AFC Bournemouth,EPL,20000000.0,7.0,0.0,0.0,0.0,0.0,367.0,989,https://tmssl.akamaized.net/images/wappen/medium/989.png
James Hill,Centre-Back,24,AFC Bournemouth,EPL,15000000.0,28.0,0.0,3.0,3.0,0.0,2044.0,989,https://tmssl.akamaized.net/images/wappen/medium/989.png
Matai Akinmboni,Centre-Back,19,AFC Bournemouth,EPL,1000000.0,0.0,0.0,0.0,0.0,0.0,0.0,989,https://tmssl.akamaized.net/images/wappen/medium/989.png
Adrien Truffert,Left-Back,24,AFC Bournemouth,EPL,25000000.0,36.0,1.0,3.0,4.0,0.0,3147.0,989,https://tmssl.akamaized.net/images/wappen/medium/989.png
Julio Soler,Left-Back,21,AFC Bournemouth,EPL,8000000.0,5.0,0.0,0.0,1.0,0.0,207.0,989,https://tmssl.akamaized.net/images/wappen/medium/989.png
Álex Jiménez,Right-Back,21,AFC Bournemouth,EPL,22000000.0,33.0,1.0,1.0,11.0,0.0,2420.0,989,https://tmssl.akamaized.net/images/wappen/medium/989.png
Adam Smith,Right-Back,35,AFC Bournemouth,EPL,500000.0,20.0,0.0,1.0,3.0,0.0,930.0,989,https://tmssl.akamaized.net/images/wappen/medium/989.png
Tyler Adams,Defensive Midfield,27,AFC Bournemouth,EPL,25000000.0,23.0,2.0,2.0,7.0,0.0,1568.0,989,https://tmssl.akamaized.net/images/wappen/medium/989.png
Alex Scott,Central Midfield,22,AFC Bournemouth,EPL,40000000.0,37.0,4.0,1.0,5.0,0.0,2882.0,989,https://tmssl.akamaized.net/images/wappen/medium/989.png
Lewis Cook,Central Midfield,29,AFC Bournemouth,EPL,13000000.0,17.0,0.0,1.0,2.0,1.0,990.0,989,https://tmssl.akamaized.net/images/wappen/medium/989.png
Alex Tóth,Central Midfield,20,AFC Bournemouth,EPL,12000000.0,7.0,0.0,0.0,1.0,0.0,79.0,989,https://tmssl.akamaized.net/images/wappen/medium/989.png
Ryan Christie,Central Midfield,31,AFC Bournemouth,EPL,9000000.0,26.0,2.0,0.0,3.0,0.0,1019.0,989,https://tmssl.akamaized.net/images/wappen/medium/989.png
Justin Kluivert,Attacking Midfield,27,AFC Bournemouth,EPL,30000000.0,19.0,2.0,0.0,4.0,0.0,988.0,989,https://tmssl.akamaized.net/images/wappen/medium/989.png
Marcus Tavernier,Attacking Midfield,27,AFC Bournemouth,EPL,23000000.0,32.0,7.0,4.0,6.0,0.0,2535.0,989,https://tmssl.akamaized.net/images/wappen/medium/989.png
Amine Adli,Left Winger,26,AFC Bournemouth,EPL,20000000.0,32.0,3.0,3.0,4.0,0.0,1259.0,989,https://tmssl.akamaized.net/images/wappen/medium/989.png
Rayan,Right Winger,19,AFC Bournemouth,EPL,40000000.0,12.0,4.0,2.0,1.0,0.0,884.0,989,https://tmssl.akamaized.net/images/wappen/medium/989.png
Ben Gannon-Doak,Right Winger,20,AFC Bournemouth,EPL,16000000.0,8.0,0.0,1.0,0.0,0.0,117.0,989,https://tmssl.akamaized.net/images/wappen/medium/989.png
David Brooks,Right Winger,28,AFC Bournemouth,EPL,14000000.0,31.0,2.0,3.0,7.0,0.0,1277.0,989,https://tmssl.akamaized.net/images/wappen/medium/989.png
Junior Kroupi,Centre-Forward,19,AFC Bournemouth,EPL,40000000.0,32.0,12.0,0.0,5.0,0.0,1611.0,989,https://tmssl.akamaized.net/images/wappen/medium/989.png
Evanilson,Centre-Forward,26,AFC Bournemouth,EPL,35000000.0,35.0,6.0,4.0,2.0,0.0,2674.0,989,https://tmssl.akamaized.net/images/wappen/medium/989.png
Enes Ünal,Centre-Forward,29,AFC Bournemouth,EPL,8000000.0,21.0,1.0,0.0,1.0,0.0,213.0,989,https://tmssl.akamaized.net/images/wappen/medium/989.png
José Sá,Goalkeeper,33,Wolverhampton Wanderers,EPL,5000000.0,22.0,0.0,0.0,2.0,0.0,1980.0,543,https://tmssl.akamaized.net/images/wappen/medium/543.png
Sam Johnstone,Goalkeeper,33,Wolverhampton Wanderers,EPL,3000000.0,17.0,0.0,1.0,0.0,0.0,1530.0,543,https://tmssl.akamaized.net/images/wappen/medium/543.png
Daniel Bentley,Goalkeeper,32,Wolverhampton Wanderers,EPL,1000000.0,2.0,0.0,0.0,0.0,0.0,180.0,543,https://tmssl.akamaized.net/images/wappen/medium/543.png
Ladislav Krejčí,Centre-Back,27,Wolverhampton Wanderers,EPL,22000000.0,32.0,2.0,1.0,5.0,0.0,2700.0,543,https://tmssl.akamaized.net/images/wappen/medium/543.png
Toti,Centre-Back,27,Wolverhampton Wanderers,EPL,20000000.0,20.0,0.0,0.0,2.0,1.0,1487.0,543,https://tmssl.akamaized.net/images/wappen/medium/543.png
Yerson Mosquera,Centre-Back,25,Wolverhampton Wanderers,EPL,12000000.0,28.0,0.0,0.0,12.0,0.0,2215.0,543,https://tmssl.akamaized.net/images/wappen/medium/543.png
Santiago Bueno,Centre-Back,27,Wolverhampton Wanderers,EPL,10000000.0,31.0,4.0,2.0,6.0,0.0,2733.0,543,https://tmssl.akamaized.net/images/wappen/medium/543.png
Hugo Bueno,Left-Back,23,Wolverhampton Wanderers,EPL,12000000.0,35.0,1.0,2.0,3.0,0.0,2568.0,543,https://tmssl.akamaized.net/images/wappen/medium/543.png
David Møller Wolfe,Left-Back,24,Wolverhampton Wanderers,EPL,10000000.0,23.0,2.0,3.0,1.0,0.0,1116.0,543,https://tmssl.akamaized.net/images/wappen/medium/543.png
Jackson Tchatchoua,Right-Back,24,Wolverhampton Wanderers,EPL,12000000.0,36.0,0.0,2.0,3.0,0.0,2185.0,543,https://tmssl.akamaized.net/images/wappen/medium/543.png
Pedro Lima,Right-Back,19,Wolverhampton Wanderers,EPL,4000000.0,7.0,0.0,0.0,0.0,0.0,185.0,543,https://tmssl.akamaized.net/images/wappen/medium/543.png
Matt Doherty,Right-Back,34,Wolverhampton Wanderers,EPL,1500000.0,15.0,0.0,0.0,4.0,0.0,1010.0,543,https://tmssl.akamaized.net/images/wappen/medium/543.png
André,Defensive Midfield,24,Wolverhampton Wanderers,EPL,25000000.0,36.0,1.0,0.0,13.0,0.0,2852.0,543,https://tmssl.akamaized.net/images/wappen/medium/543.png
João Gomes,Central Midfield,25,Wolverhampton Wanderers,EPL,35000000.0,39.0,1.0,3.0,12.0,0.0,3013.0,543,https://tmssl.akamaized.net/images/wappen/medium/543.png
Jean-Ricner Bellegarde,Central Midfield,27,Wolverhampton Wanderers,EPL,16000000.0,29.0,1.0,1.0,5.0,0.0,1479.0,543,https://tmssl.akamaized.net/images/wappen/medium/543.png
Rodrigo Gomes,Left Midfield,22,Wolverhampton Wanderers,EPL,15000000.0,24.0,5.0,0.0,1.0,0.0,933.0,543,https://tmssl.akamaized.net/images/wappen/medium/543.png
Mateus Mané,Attacking Midfield,18,Wolverhampton Wanderers,EPL,20000000.0,27.0,2.0,2.0,0.0,0.0,1752.0,543,https://tmssl.akamaized.net/images/wappen/medium/543.png
Angel Gomes,Attacking Midfield,25,Wolverhampton Wanderers,EPL,12000000.0,31.0,4.0,1.0,6.0,0.0,1545.0,543,https://tmssl.akamaized.net/images/wappen/medium/543.png
Enso González,Left Winger,21,Wolverhampton Wanderers,EPL,3000000.0,0.0,0.0,0.0,0.0,0.0,0.0,543,https://tmssl.akamaized.net/images/wappen/medium/543.png
Tolu Arokodare,Centre-Forward,25,Wolverhampton Wanderers,EPL,22000000.0,35.0,6.0,2.0,1.0,0.0,1649.0,543,https://tmssl.akamaized.net/images/wappen/medium/543.png
Adam Armstrong,Centre-Forward,29,Wolverhampton Wanderers,EPL,8000000.0,13.0,1.0,2.0,3.0,0.0,1030.0,543,https://tmssl.akamaized.net/images/wappen/medium/543.png
Hee-chan Hwang,Centre-Forward,30,Wolverhampton Wanderers,EPL,8000000.0,28.0,3.0,3.0,4.0,0.0,1503.0,543,https://tmssl.akamaized.net/images/wappen/medium/543.png
Nathan Fraser,Centre-Forward,21,Wolverhampton Wanderers,EPL,600000.0,0.0,0.0,0.0,0.0,0.0,0.0,543,https://tmssl.akamaized.net/images/wappen/medium/543.png
Joan García,Goalkeeper,25,FC Barcelona,LaLiga,40000000.0,43.0,0.0,0.0,1.0,0.0,3862.0,131,https://tmssl.akamaized.net/images/wappen/medium/131.png
Diego Kochen,Goalkeeper,20,FC Barcelona,LaLiga,500000.0,0.0,0.0,0.0,0.0,0.0,0.0,131,https://tmssl.akamaized.net/images/wappen/medium/131.png
Pau Cubarsí,Centre-Back,19,FC Barcelona,LaLiga,80000000.0,46.0,1.0,0.0,4.0,1.0,3825.0,131,https://tmssl.akamaized.net/images/wappen/medium/131.png
Eric García,Centre-Back,25,FC Barcelona,LaLiga,35000000.0,48.0,1.0,2.0,7.0,2.0,3740.0,131,https://tmssl.akamaized.net/images/wappen/medium/131.png
Gerard Martín,Centre-Back,24,FC Barcelona,LaLiga,25000000.0,48.0,0.0,1.0,8.0,0.0,2953.0,131,https://tmssl.akamaized.net/images/wappen/medium/131.png
Ronald Araujo,Centre-Back,27,FC Barcelona,LaLiga,20000000.0,36.0,4.0,0.0,2.0,0.0,1542.0,131,https://tmssl.akamaized.net/images/wappen/medium/131.png
Andreas Christensen,Centre-Back,30,FC Barcelona,LaLiga,9000000.0,17.0,1.0,0.0,1.0,0.0,515.0,131,https://tmssl.akamaized.net/images/wappen/medium/131.png
Alejandro Balde,Left-Back,22,FC Barcelona,LaLiga,55000000.0,38.0,0.0,3.0,3.0,0.0,2590.0,131,https://tmssl.akamaized.net/images/wappen/medium/131.png
Jules Koundé,Right-Back,27,FC Barcelona,LaLiga,65000000.0,45.0,3.0,4.0,6.0,0.0,3349.0,131,https://tmssl.akamaized.net/images/wappen/medium/131.png
João Cancelo,Right-Back,31,FC Barcelona,LaLiga,9000000.0,19.0,1.0,4.0,3.0,0.0,1236.0,131,https://tmssl.akamaized.net/images/wappen/medium/131.png
Xavi Espart,Right-Back,18,FC Barcelona,LaLiga,5000000.0,4.0,0.0,0.0,0.0,0.0,117.0,131,https://tmssl.akamaized.net/images/wappen/medium/131.png
Marc Bernal,Defensive Midfield,18,FC Barcelona,LaLiga,30000000.0,29.0,5.0,1.0,4.0,0.0,1055.0,131,https://tmssl.akamaized.net/images/wappen/medium/131.png
Marc Casadó,Defensive Midfield,22,FC Barcelona,LaLiga,20000000.0,31.0,0.0,1.0,4.0,0.0,1323.0,131,https://tmssl.akamaized.net/images/wappen/medium/131.png
Pedri,Central Midfield,23,FC Barcelona,LaLiga,150000000.0,40.0,2.0,11.0,1.0,0.0,2886.0,131,https://tmssl.akamaized.net/images/wappen/medium/131.png
Frenkie de Jong,Central Midfield,29,FC Barcelona,LaLiga,45000000.0,36.0,1.0,8.0,6.0,1.0,2515.0,131,https://tmssl.akamaized.net/images/wappen/medium/131.png
Gavi,Central Midfield,21,FC Barcelona,LaLiga,30000000.0,10.0,0.0,1.0,5.0,0.0,443.0,131,https://tmssl.akamaized.net/images/wappen/medium/131.png
Fermín López,Attacking Midfield,23,FC Barcelona,LaLiga,100000000.0,46.0,13.0,17.0,7.0,0.0,2920.0,131,https://tmssl.akamaized.net/images/wappen/medium/131.png
Dani Olmo,Attacking Midfield,28,FC Barcelona,LaLiga,60000000.0,45.0,8.0,9.0,3.0,0.0,2607.0,131,https://tmssl.akamaized.net/images/wappen/medium/131.png
Raphinha,Left Winger,29,FC Barcelona,LaLiga,80000000.0,31.0,19.0,8.0,4.0,0.0,2105.0,131,https://tmssl.akamaized.net/images/wappen/medium/131.png
Marcus Rashford,Left Winger,28,FC Barcelona,LaLiga,40000000.0,46.0,13.0,14.0,2.0,0.0,2378.0,131,https://tmssl.akamaized.net/images/wappen/medium/131.png
Lamine Yamal,Right Winger,18,FC Barcelona,LaLiga,200000000.0,45.0,24.0,18.0,6.0,0.0,3702.0,131,https://tmssl.akamaized.net/images/wappen/medium/131.png
Roony Bardghji,Right Winger,20,FC Barcelona,LaLiga,15000000.0,26.0,2.0,4.0,0.0,0.0,783.0,131,https://tmssl.akamaized.net/images/wappen/medium/131.png
Ferran Torres,Centre-Forward,26,FC Barcelona,LaLiga,50000000.0,46.0,20.0,2.0,2.0,0.0,2506.0,131,https://tmssl.akamaized.net/images/wappen/medium/131.png
Robert Lewandowski,Centre-Forward,37,FC Barcelona,LaLiga,8000000.0,42.0,18.0,4.0,2.0,0.0,2208.0,131,https://tmssl.akamaized.net/images/wappen/medium/131.png
Thibaut Courtois,Goalkeeper,34,Real Madrid,LaLiga,18000000.0,41.0,0.0,2.0,1.0,0.0,3645.0,418,https://tmssl.akamaized.net/images/wappen/medium/418.png
Andriy Lunin,Goalkeeper,27,Real Madrid,LaLiga,15000000.0,12.0,0.0,0.0,0.0,1.0,1035.0,418,https://tmssl.akamaized.net/images/wappen/medium/418.png
Fran González,Goalkeeper,20,Real Madrid,LaLiga,3000000.0,0.0,0.0,0.0,0.0,0.0,0.0,418,https://tmssl.akamaized.net/images/wappen/medium/418.png
Dean Huijsen,Centre-Back,21,Real Madrid,LaLiga,65000000.0,38.0,2.0,2.0,10.0,1.0,2928.0,418,https://tmssl.akamaized.net/images/wappen/medium/418.png
Éder Militão,Centre-Back,28,Real Madrid,LaLiga,25000000.0,21.0,2.0,1.0,4.0,0.0,1530.0,418,https://tmssl.akamaized.net/images/wappen/medium/418.png
Raúl Asencio,Centre-Back,23,Real Madrid,LaLiga,25000000.0,31.0,2.0,1.0,6.0,0.0,2246.0,418,https://tmssl.akamaized.net/images/wappen/medium/418.png
Antonio Rüdiger,Centre-Back,33,Real Madrid,LaLiga,9000000.0,24.0,1.0,0.0,2.0,0.0,2010.0,418,https://tmssl.akamaized.net/images/wappen/medium/418.png
David Alaba,Centre-Back,33,Real Madrid,LaLiga,3500000.0,14.0,0.0,0.0,1.0,0.0,417.0,418,https://tmssl.akamaized.net/images/wappen/medium/418.png
Álvaro Carreras,Left-Back,23,Real Madrid,LaLiga,60000000.0,38.0,2.0,2.0,10.0,1.0,3222.0,418,https://tmssl.akamaized.net/images/wappen/medium/418.png
Fran García,Left-Back,26,Real Madrid,LaLiga,12000000.0,21.0,1.0,1.0,0.0,0.0,1172.0,418,https://tmssl.akamaized.net/images/wappen/medium/418.png
Ferland Mendy,Left-Back,30,Real Madrid,LaLiga,6000000.0,9.0,0.0,0.0,0.0,0.0,452.0,418,https://tmssl.akamaized.net/images/wappen/medium/418.png
Trent Alexander-Arnold,Right-Back,27,Real Madrid,LaLiga,65000000.0,27.0,0.0,5.0,4.0,0.0,1627.0,418,https://tmssl.akamaized.net/images/wappen/medium/418.png
Daniel Carvajal,Right-Back,34,Real Madrid,LaLiga,6000000.0,20.0,0.0,0.0,0.0,1.0,886.0,418,https://tmssl.akamaized.net/images/wappen/medium/418.png
Aurélien Tchouaméni,Defensive Midfield,26,Real Madrid,LaLiga,75000000.0,46.0,2.0,2.0,11.0,0.0,3717.0,418,https://tmssl.akamaized.net/images/wappen/medium/418.png
Federico Valverde,Central Midfield,27,Real Madrid,LaLiga,120000000.0,48.0,9.0,13.0,4.0,1.0,4068.0,418,https://tmssl.akamaized.net/images/wappen/medium/418.png
Eduardo Camavinga,Central Midfield,23,Real Madrid,LaLiga,50000000.0,40.0,2.0,1.0,2.0,0.0,2019.0,418,https://tmssl.akamaized.net/images/wappen/medium/418.png
Thiago Pitarch,Central Midfield,18,Real Madrid,LaLiga,20000000.0,13.0,0.0,0.0,1.0,0.0,637.0,418,https://tmssl.akamaized.net/images/wappen/medium/418.png
Dani Ceballos,Central Midfield,29,Real Madrid,LaLiga,8000000.0,22.0,0.0,0.0,2.0,0.0,812.0,418,https://tmssl.akamaized.net/images/wappen/medium/418.png
Jorge Cestero,Central Midfield,20,Real Madrid,LaLiga,7500000.0,5.0,0.0,0.0,0.0,0.0,114.0,418,https://tmssl.akamaized.net/images/wappen/medium/418.png
Manuel Ángel,Central Midfield,22,Real Madrid,LaLiga,5000000.0,7.0,0.0,0.0,0.0,0.0,129.0,418,https://tmssl.akamaized.net/images/wappen/medium/418.png
Jude Bellingham,Attacking Midfield,22,Real Madrid,LaLiga,140000000.0,36.0,6.0,5.0,4.0,0.0,2441.0,418,https://tmssl.akamaized.net/images/wappen/medium/418.png
Arda Güler,Attacking Midfield,21,Real Madrid,LaLiga,90000000.0,50.0,6.0,14.0,2.0,0.0,3239.0,418,https://tmssl.akamaized.net/images/wappen/medium/418.png
César Palacios,Attacking Midfield,21,Real Madrid,LaLiga,6000000.0,5.0,0.0,0.0,1.0,0.0,76.0,418,https://tmssl.akamaized.net/images/wappen/medium/418.png
Vinicius Junior,Left Winger,25,Real Madrid,LaLiga,150000000.0,50.0,21.0,14.0,11.0,0.0,3992.0,418,https://tmssl.akamaized.net/images/wappen/medium/418.png
Rodrygo,Right Winger,25,Real Madrid,LaLiga,50000000.0,27.0,3.0,6.0,4.0,0.0,1106.0,418,https://tmssl.akamaized.net/images/wappen/medium/418.png
Franco Mastantuono,Right Winger,18,Real Madrid,LaLiga,45000000.0,31.0,3.0,1.0,5.0,1.0,1302.0,418,https://tmssl.akamaized.net/images/wappen/medium/418.png
Brahim Díaz,Right Winger,26,Real Madrid,LaLiga,35000000.0,38.0,1.0,8.0,3.0,0.0,1417.0,418,https://tmssl.akamaized.net/images/wappen/medium/418.png
Kylian Mbappé,Centre-Forward,27,Real Madrid,LaLiga,200000000.0,41.0,41.0,6.0,5.0,0.0,3421.0,418,https://tmssl.akamaized.net/images/wappen/medium/418.png
Gonzalo García,Centre-Forward,22,Real Madrid,LaLiga,30000000.0,35.0,6.0,3.0,2.0,0.0,1236.0,418,https://tmssl.akamaized.net/images/wappen/medium/418.png
Jan Oblak,Goalkeeper,33,Atlético de Madrid,LaLiga,17000000.0,40.0,0.0,1.0,0.0,0.0,3600.0,13,https://tmssl.akamaized.net/images/wappen/medium/13.png
Juan Musso,Goalkeeper,32,Atlético de Madrid,LaLiga,3000000.0,16.0,0.0,0.0,3.0,0.0,1470.0,13,https://tmssl.akamaized.net/images/wappen/medium/13.png
Dávid Hancko,Centre-Back,28,Atlético de Madrid,LaLiga,35000000.0,44.0,3.0,3.0,3.0,0.0,3669.0,13,https://tmssl.akamaized.net/images/wappen/medium/13.png
Marc Pubill,Centre-Back,22,Atlético de Madrid,LaLiga,28000000.0,31.0,0.0,1.0,5.0,0.0,2370.0,13,https://tmssl.akamaized.net/images/wappen/medium/13.png
Robin Le Normand,Centre-Back,29,Atlético de Madrid,LaLiga,25000000.0,42.0,3.0,1.0,6.0,0.0,2577.0,13,https://tmssl.akamaized.net/images/wappen/medium/13.png
José María Giménez,Centre-Back,31,Atlético de Madrid,LaLiga,12000000.0,24.0,1.0,1.0,4.0,0.0,1501.0,13,https://tmssl.akamaized.net/images/wappen/medium/13.png
Clément Lenglet,Centre-Back,30,Atlético de Madrid,LaLiga,5000000.0,21.0,0.0,1.0,6.0,0.0,1569.0,13,https://tmssl.akamaized.net/images/wappen/medium/13.png
Matteo Ruggeri,Left-Back,23,Atlético de Madrid,LaLiga,20000000.0,42.0,0.0,7.0,7.0,0.0,3080.0,13,https://tmssl.akamaized.net/images/wappen/medium/13.png
Marcos Llorente,Right-Back,31,Atlético de Madrid,LaLiga,22000000.0,45.0,4.0,6.0,8.0,0.0,3512.0,13,https://tmssl.akamaized.net/images/wappen/medium/13.png
Nahuel Molina,Right-Back,28,Atlético de Madrid,LaLiga,15000000.0,44.0,2.0,4.0,5.0,0.0,2337.0,13,https://tmssl.akamaized.net/images/wappen/medium/13.png
Pablo Barrios,Central Midfield,22,Atlético de Madrid,LaLiga,60000000.0,35.0,1.0,3.0,2.0,0.0,2452.0,13,https://tmssl.akamaized.net/images/wappen/medium/13.png
Johnny Cardoso,Central Midfield,24,Atlético de Madrid,LaLiga,22000000.0,29.0,1.0,0.0,5.0,0.0,1682.0,13,https://tmssl.akamaized.net/images/wappen/medium/13.png
Rodrigo Mendoza,Central Midfield,21,Atlético de Madrid,LaLiga,20000000.0,9.0,0.0,1.0,2.0,0.0,453.0,13,https://tmssl.akamaized.net/images/wappen/medium/13.png
Obed Vargas,Central Midfield,20,Atlético de Madrid,LaLiga,8000000.0,9.0,0.0,1.0,2.0,0.0,488.0,13,https://tmssl.akamaized.net/images/wappen/medium/13.png
Koke,Central Midfield,34,Atlético de Madrid,LaLiga,6000000.0,51.0,2.0,3.0,6.0,0.0,3160.0,13,https://tmssl.akamaized.net/images/wappen/medium/13.png
Álex Baena,Left Winger,24,Atlético de Madrid,LaLiga,45000000.0,42.0,2.0,3.0,8.0,0.0,2090.0,13,https://tmssl.akamaized.net/images/wappen/medium/13.png
Ademola Lookman,Left Winger,28,Atlético de Madrid,LaLiga,40000000.0,38.0,10.0,6.0,2.0,0.0,2302.0,13,https://tmssl.akamaized.net/images/wappen/medium/13.png
Thiago Almada,Left Winger,25,Atlético de Madrid,LaLiga,20000000.0,36.0,4.0,2.0,4.0,1.0,1561.0,13,https://tmssl.akamaized.net/images/wappen/medium/13.png
Giuliano Simeone,Right Winger,23,Atlético de Madrid,LaLiga,40000000.0,50.0,7.0,8.0,4.0,0.0,3656.0,13,https://tmssl.akamaized.net/images/wappen/medium/13.png
Antoine Griezmann,Second Striker,35,Atlético de Madrid,LaLiga,10000000.0,51.0,14.0,6.0,1.0,0.0,2471.0,13,https://tmssl.akamaized.net/images/wappen/medium/13.png
Julián Alvarez,Centre-Forward,26,Atlético de Madrid,LaLiga,90000000.0,48.0,20.0,9.0,2.0,0.0,3483.0,13,https://tmssl.akamaized.net/images/wappen/medium/13.png
Alexander Sørloth,Centre-Forward,30,Atlético de Madrid,LaLiga,20000000.0,49.0,19.0,1.0,5.0,1.0,2574.0,13,https://tmssl.akamaized.net/images/wappen/medium/13.png
Unai Simón,Goalkeeper,28,Athletic Bilbao,LaLiga,25000000.0,43.0,0.0,0.0,1.0,0.0,3870.0,621,https://tmssl.akamaized.net/images/wappen/medium/621.png
Álex Padilla,Goalkeeper,22,Athletic Bilbao,LaLiga,3000000.0,5.0,0.0,0.0,0.0,1.0,510.0,621,https://tmssl.akamaized.net/images/wappen/medium/621.png
Dani Vivian,Centre-Back,26,Athletic Bilbao,LaLiga,25000000.0,38.0,1.0,0.0,9.0,1.0,3298.0,621,https://tmssl.akamaized.net/images/wappen/medium/621.png
Aitor Paredes,Centre-Back,26,Athletic Bilbao,LaLiga,15000000.0,29.0,2.0,1.0,9.0,1.0,2413.0,621,https://tmssl.akamaized.net/images/wappen/medium/621.png
Aymeric Laporte,Centre-Back,31,Athletic Bilbao,LaLiga,9000000.0,27.0,0.0,2.0,2.0,0.0,2209.0,621,https://tmssl.akamaized.net/images/wappen/medium/621.png
Yeray Álvarez,Centre-Back,31,Athletic Bilbao,LaLiga,1000000.0,3.0,0.0,0.0,0.0,0.0,244.0,621,https://tmssl.akamaized.net/images/wappen/medium/621.png
Unai Egiluz,Centre-Back,24,Athletic Bilbao,LaLiga,600000.0,0.0,0.0,0.0,0.0,0.0,0.0,621,https://tmssl.akamaized.net/images/wappen/medium/621.png
Adama Boiro,Left-Back,23,Athletic Bilbao,LaLiga,3000000.0,22.0,0.0,0.0,2.0,0.0,1355.0,621,https://tmssl.akamaized.net/images/wappen/medium/621.png
Yuri Berchiche,Left-Back,36,Athletic Bilbao,LaLiga,1200000.0,37.0,0.0,6.0,6.0,0.0,3003.0,621,https://tmssl.akamaized.net/images/wappen/medium/621.png
Jesús Areso,Right-Back,26,Athletic Bilbao,LaLiga,8000000.0,34.0,0.0,1.0,4.0,0.0,1893.0,621,https://tmssl.akamaized.net/images/wappen/medium/621.png
Andoni Gorosabel,Right-Back,29,Athletic Bilbao,LaLiga,4000000.0,30.0,0.0,2.0,4.0,0.0,1807.0,621,https://tmssl.akamaized.net/images/wappen/medium/621.png
Iñigo Lekue,Right-Back,33,Athletic Bilbao,LaLiga,1200000.0,18.0,0.0,0.0,2.0,1.0,1199.0,621,https://tmssl.akamaized.net/images/wappen/medium/621.png
Mikel Vesga,Defensive Midfield,33,Athletic Bilbao,LaLiga,1500000.0,31.0,0.0,0.0,2.0,0.0,805.0,621,https://tmssl.akamaized.net/images/wappen/medium/621.png
Mikel Jauregizar,Central Midfield,22,Athletic Bilbao,LaLiga,35000000.0,45.0,3.0,2.0,10.0,0.0,3543.0,621,https://tmssl.akamaized.net/images/wappen/medium/621.png
Beñat Prados,Central Midfield,25,Athletic Bilbao,LaLiga,18000000.0,2.0,0.0,0.0,1.0,0.0,85.0,621,https://tmssl.akamaized.net/images/wappen/medium/621.png
Alejandro Rego,Central Midfield,22,Athletic Bilbao,LaLiga,3000000.0,37.0,1.0,1.0,6.0,0.0,1848.0,621,https://tmssl.akamaized.net/images/wappen/medium/621.png
Selton Sánchez,Central Midfield,19,Athletic Bilbao,LaLiga,3000000.0,13.0,0.0,1.0,0.0,0.0,403.0,621,https://tmssl.akamaized.net/images/wappen/medium/621.png
Iñigo Ruiz de Galarreta,Central Midfield,32,Athletic Bilbao,LaLiga,2500000.0,43.0,1.0,3.0,14.0,0.0,2531.0,621,https://tmssl.akamaized.net/images/wappen/medium/621.png
Oihan Sancet,Attacking Midfield,26,Athletic Bilbao,LaLiga,35000000.0,37.0,6.0,1.0,4.0,1.0,2401.0,621,https://tmssl.akamaized.net/images/wappen/medium/621.png
Unai Gómez,Attacking Midfield,22,Athletic Bilbao,LaLiga,5000000.0,33.0,2.0,1.0,3.0,0.0,1230.0,621,https://tmssl.akamaized.net/images/wappen/medium/621.png
Nico Williams,Left Winger,23,Athletic Bilbao,LaLiga,50000000.0,31.0,6.0,7.0,2.0,0.0,2065.0,621,https://tmssl.akamaized.net/images/wappen/medium/621.png
Álex Berenguer,Left Winger,30,Athletic Bilbao,LaLiga,5000000.0,37.0,2.0,4.0,4.0,0.0,2624.0,621,https://tmssl.akamaized.net/images/wappen/medium/621.png
Nico Serrano,Left Winger,23,Athletic Bilbao,LaLiga,1500000.0,22.0,2.0,0.0,0.0,0.0,557.0,621,https://tmssl.akamaized.net/images/wappen/medium/621.png
Iñaki Williams,Right Winger,31,Athletic Bilbao,LaLiga,10000000.0,35.0,3.0,4.0,2.0,0.0,2415.0,621,https://tmssl.akamaized.net/images/wappen/medium/621.png
Robert Navarro,Right Winger,24,Athletic Bilbao,LaLiga,6000000.0,40.0,8.0,3.0,1.0,0.0,1743.0,621,https://tmssl.akamaized.net/images/wappen/medium/621.png
Gorka Guruzeta,Centre-Forward,29,Athletic Bilbao,LaLiga,5000000.0,44.0,16.0,3.0,7.0,0.0,3009.0,621,https://tmssl.akamaized.net/images/wappen/medium/621.png
Maroan Sannadi,Centre-Forward,25,Athletic Bilbao,LaLiga,5000000.0,10.0,1.0,0.0,2.0,0.0,353.0,621,https://tmssl.akamaized.net/images/wappen/medium/621.png
Urko Izeta,Centre-Forward,26,Athletic Bilbao,LaLiga,1500000.0,14.0,0.0,0.0,3.0,0.0,326.0,621,https://tmssl.akamaized.net/images/wappen/medium/621.png
Álvaro Valles,Goalkeeper,28,Real Betis Balompié,LaLiga,6000000.0,30.0,0.0,0.0,1.0,0.0,2700.0,150,https://tmssl.akamaized.net/images/wappen/medium/150.png
Pau López,Goalkeeper,31,Real Betis Balompié,LaLiga,2500000.0,16.0,0.0,0.0,3.0,0.0,1440.0,150,https://tmssl.akamaized.net/images/wappen/medium/150.png
Adrián San Miguel,Goalkeeper,39,Real Betis Balompié,LaLiga,400000.0,5.0,0.0,0.0,0.0,0.0,450.0,150,https://tmssl.akamaized.net/images/wappen/medium/150.png
Natan,Centre-Back,25,Real Betis Balompié,LaLiga,25000000.0,42.0,0.0,1.0,13.0,0.0,3562.0,150,https://tmssl.akamaized.net/images/wappen/medium/150.png
Valentín Gómez,Centre-Back,22,Real Betis Balompié,LaLiga,12000000.0,37.0,1.0,0.0,7.0,0.0,2575.0,150,https://tmssl.akamaized.net/images/wappen/medium/150.png
Diego Llorente,Centre-Back,32,Real Betis Balompié,LaLiga,3000000.0,26.0,2.0,0.0,5.0,0.0,1922.0,150,https://tmssl.akamaized.net/images/wappen/medium/150.png
Marc Bartra,Centre-Back,35,Real Betis Balompié,LaLiga,1000000.0,34.0,1.0,0.0,4.0,0.0,2499.0,150,https://tmssl.akamaized.net/images/wappen/medium/150.png
Junior Firpo,Left-Back,29,Real Betis Balompié,LaLiga,5000000.0,14.0,0.0,2.0,3.0,0.0,844.0,150,https://tmssl.akamaized.net/images/wappen/medium/150.png
Ricardo Rodríguez,Left-Back,33,Real Betis Balompié,LaLiga,1500000.0,33.0,0.0,1.0,3.0,0.0,2287.0,150,https://tmssl.akamaized.net/images/wappen/medium/150.png
Ángel Ortiz,Right-Back,21,Real Betis Balompié,LaLiga,4000000.0,23.0,1.0,2.0,1.0,0.0,1379.0,150,https://tmssl.akamaized.net/images/wappen/medium/150.png
Héctor Bellerín,Right-Back,31,Real Betis Balompié,LaLiga,2500000.0,25.0,2.0,3.0,2.0,0.0,1697.0,150,https://tmssl.akamaized.net/images/wappen/medium/150.png
Sofyan Amrabat,Defensive Midfield,29,Real Betis Balompié,LaLiga,12000000.0,20.0,1.0,0.0,5.0,0.0,1421.0,150,https://tmssl.akamaized.net/images/wappen/medium/150.png
Marc Roca,Defensive Midfield,29,Real Betis Balompié,LaLiga,4000000.0,37.0,1.0,3.0,3.0,0.0,2527.0,150,https://tmssl.akamaized.net/images/wappen/medium/150.png
Sergi Altimira,Central Midfield,24,Real Betis Balompié,LaLiga,20000000.0,38.0,2.0,2.0,5.0,0.0,2095.0,150,https://tmssl.akamaized.net/images/wappen/medium/150.png
Álvaro Fidalgo,Central Midfield,29,Real Betis Balompié,LaLiga,10000000.0,11.0,1.0,0.0,0.0,0.0,694.0,150,https://tmssl.akamaized.net/images/wappen/medium/150.png
Nelson Deossa,Central Midfield,26,Real Betis Balompié,LaLiga,9000000.0,31.0,0.0,1.0,5.0,0.0,1389.0,150,https://tmssl.akamaized.net/images/wappen/medium/150.png
Pablo Fornals,Central Midfield,30,Real Betis Balompié,LaLiga,8000000.0,48.0,7.0,8.0,4.0,0.0,3477.0,150,https://tmssl.akamaized.net/images/wappen/medium/150.png
Giovani Lo Celso,Attacking Midfield,30,Real Betis Balompié,LaLiga,10000000.0,29.0,3.0,3.0,4.0,0.0,1633.0,150,https://tmssl.akamaized.net/images/wappen/medium/150.png
Isco,Attacking Midfield,34,Real Betis Balompié,LaLiga,4000000.0,5.0,0.0,1.0,0.0,0.0,90.0,150,https://tmssl.akamaized.net/images/wappen/medium/150.png
Abde Ezzalzouli,Left Winger,24,Real Betis Balompié,LaLiga,30000000.0,39.0,13.0,13.0,4.0,0.0,2839.0,150,https://tmssl.akamaized.net/images/wappen/medium/150.png
Rodrigo Riquelme,Left Winger,26,Real Betis Balompié,LaLiga,6000000.0,35.0,7.0,1.0,2.0,0.0,1383.0,150,https://tmssl.akamaized.net/images/wappen/medium/150.png
Antony,Right Winger,26,Real Betis Balompié,LaLiga,40000000.0,42.0,13.0,10.0,7.0,1.0,3174.0,150,https://tmssl.akamaized.net/images/wappen/medium/150.png
Pablo García,Right Winger,19,Real Betis Balompié,LaLiga,8000000.0,25.0,2.0,1.0,2.0,0.0,714.0,150,https://tmssl.akamaized.net/images/wappen/medium/150.png
Aitor Ruibal,Right Winger,30,Real Betis Balompié,LaLiga,4000000.0,41.0,5.0,4.0,7.0,0.0,2613.0,150,https://tmssl.akamaized.net/images/wappen/medium/150.png
Cucho Hernández,Centre-Forward,27,Real Betis Balompié,LaLiga,18000000.0,37.0,14.0,3.0,5.0,0.0,2872.0,150,https://tmssl.akamaized.net/images/wappen/medium/150.png
Chimy Ávila,Centre-Forward,32,Real Betis Balompié,LaLiga,1500000.0,28.0,3.0,3.0,4.0,0.0,1005.0,150,https://tmssl.akamaized.net/images/wappen/medium/150.png
Cédric Bakambu,Centre-Forward,35,Real Betis Balompié,LaLiga,1400000.0,26.0,4.0,3.0,4.0,0.0,1130.0,150,https://tmssl.akamaized.net/images/wappen/medium/150.png
Luiz Júnior,Goalkeeper,25,Villarreal CF,LaLiga,12000000.0,33.0,0.0,0.0,3.0,0.0,2970.0,1050,https://tmssl.akamaized.net/images/wappen/medium/1050.png
Diego Conde,Goalkeeper,27,Villarreal CF,LaLiga,4000000.0,1.0,0.0,0.0,0.0,0.0,90.0,1050,https://tmssl.akamaized.net/images/wappen/medium/1050.png
Arnau Tenas,Goalkeeper,24,Villarreal CF,LaLiga,4000000.0,11.0,0.0,0.0,0.0,0.0,1020.0,1050,https://tmssl.akamaized.net/images/wappen/medium/1050.png
Renato Veiga,Centre-Back,22,Villarreal CF,LaLiga,25000000.0,40.0,1.0,0.0,6.0,1.0,3172.0,1050,https://tmssl.akamaized.net/images/wappen/medium/1050.png
Logan Costa,Centre-Back,25,Villarreal CF,LaLiga,18000000.0,0.0,0.0,0.0,0.0,0.0,0.0,1050,https://tmssl.akamaized.net/images/wappen/medium/1050.png
Rafa Marín,Centre-Back,24,Villarreal CF,LaLiga,12000000.0,28.0,1.0,1.0,4.0,0.0,2395.0,1050,https://tmssl.akamaized.net/images/wappen/medium/1050.png
Pau Navarro,Centre-Back,21,Villarreal CF,LaLiga,10000000.0,25.0,0.0,0.0,5.0,0.0,2021.0,1050,https://tmssl.akamaized.net/images/wappen/medium/1050.png
Juan Foyth,Centre-Back,28,Villarreal CF,LaLiga,10000000.0,18.0,0.0,0.0,3.0,1.0,1314.0,1050,https://tmssl.akamaized.net/images/wappen/medium/1050.png
Willy Kambwala,Centre-Back,21,Villarreal CF,LaLiga,4000000.0,1.0,0.0,0.0,0.0,0.0,9.0,1050,https://tmssl.akamaized.net/images/wappen/medium/1050.png
Sergi Cardona,Left-Back,26,Villarreal CF,LaLiga,9000000.0,39.0,1.0,4.0,5.0,0.0,2444.0,1050,https://tmssl.akamaized.net/images/wappen/medium/1050.png
Alfonso Pedraza,Left-Back,30,Villarreal CF,LaLiga,2500000.0,33.0,1.0,4.0,10.0,0.0,1877.0,1050,https://tmssl.akamaized.net/images/wappen/medium/1050.png
Santiago Mouriño,Right-Back,24,Villarreal CF,LaLiga,10000000.0,31.0,1.0,2.0,11.0,0.0,2647.0,1050,https://tmssl.akamaized.net/images/wappen/medium/1050.png
Alex Freeman,Right-Back,21,Villarreal CF,LaLiga,3500000.0,8.0,0.0,0.0,0.0,0.0,250.0,1050,https://tmssl.akamaized.net/images/wappen/medium/1050.png
Thomas Partey,Defensive Midfield,32,Villarreal CF,LaLiga,2500000.0,29.0,0.0,0.0,2.0,0.0,1179.0,1050,https://tmssl.akamaized.net/images/wappen/medium/1050.png
Pape Gueye,Central Midfield,27,Villarreal CF,LaLiga,40000000.0,36.0,4.0,2.0,12.0,0.0,2627.0,1050,https://tmssl.akamaized.net/images/wappen/medium/1050.png
Santi Comesaña,Central Midfield,29,Villarreal CF,LaLiga,8000000.0,41.0,5.0,6.0,6.0,1.0,2993.0,1050,https://tmssl.akamaized.net/images/wappen/medium/1050.png
Dani Parejo,Central Midfield,37,Villarreal CF,LaLiga,1200000.0,37.0,0.0,1.0,3.0,0.0,1526.0,1050,https://tmssl.akamaized.net/images/wappen/medium/1050.png
Alberto Moleiro,Left Winger,22,Villarreal CF,LaLiga,40000000.0,41.0,10.0,5.0,6.0,0.0,2531.0,1050,https://tmssl.akamaized.net/images/wappen/medium/1050.png
Alfon González,Left Winger,27,Villarreal CF,LaLiga,3000000.0,21.0,3.0,0.0,0.0,0.0,685.0,1050,https://tmssl.akamaized.net/images/wappen/medium/1050.png
Hugo López,Left Winger,19,Villarreal CF,LaLiga,1000000.0,5.0,0.0,1.0,0.0,0.0,180.0,1050,https://tmssl.akamaized.net/images/wappen/medium/1050.png
Tajon Buchanan,Right Winger,27,Villarreal CF,LaLiga,12000000.0,40.0,7.0,1.0,9.0,0.0,2185.0,1050,https://tmssl.akamaized.net/images/wappen/medium/1050.png
Nicolas Pépé,Right Winger,30,Villarreal CF,LaLiga,6000000.0,43.0,8.0,8.0,5.0,0.0,3006.0,1050,https://tmssl.akamaized.net/images/wappen/medium/1050.png
Georges Mikautadze,Centre-Forward,25,Villarreal CF,LaLiga,28000000.0,41.0,14.0,5.0,1.0,0.0,2695.0,1050,https://tmssl.akamaized.net/images/wappen/medium/1050.png
Tani Oluwaseyi,Centre-Forward,26,Villarreal CF,LaLiga,8000000.0,35.0,7.0,2.0,1.0,0.0,1409.0,1050,https://tmssl.akamaized.net/images/wappen/medium/1050.png
Ayoze Pérez,Centre-Forward,32,Villarreal CF,LaLiga,6000000.0,29.0,4.0,4.0,3.0,0.0,1328.0,1050,https://tmssl.akamaized.net/images/wappen/medium/1050.png
Gerard Moreno,Centre-Forward,34,Villarreal CF,LaLiga,2800000.0,21.0,9.0,0.0,0.0,0.0,1259.0,1050,https://tmssl.akamaized.net/images/wappen/medium/1050.png
Álex Remiro,Goalkeeper,31,Real Sociedad,LaLiga,14000000.0,36.0,0.0,0.0,1.0,0.0,3240.0,681,https://tmssl.akamaized.net/images/wappen/medium/681.png
Unai Marrero,Goalkeeper,24,Real Sociedad,LaLiga,600000.0,6.0,0.0,0.0,0.0,0.0,600.0,681,https://tmssl.akamaized.net/images/wappen/medium/681.png
Jon Martín,Centre-Back,20,Real Sociedad,LaLiga,20000000.0,29.0,1.0,0.0,5.0,0.0,2581.0,681,https://tmssl.akamaized.net/images/wappen/medium/681.png
Igor Zubeldia,Centre-Back,29,Real Sociedad,LaLiga,9000000.0,26.0,1.0,1.0,8.0,0.0,2200.0,681,https://tmssl.akamaized.net/images/wappen/medium/681.png
Duje Caleta-Car,Centre-Back,29,Real Sociedad,LaLiga,3000000.0,30.0,1.0,0.0,7.0,1.0,2449.0,681,https://tmssl.akamaized.net/images/wappen/medium/681.png
Aritz Elustondo,Centre-Back,32,Real Sociedad,LaLiga,1800000.0,17.0,0.0,0.0,1.0,0.0,702.0,681,https://tmssl.akamaized.net/images/wappen/medium/681.png
Sergio Gómez,Left-Back,25,Real Sociedad,LaLiga,15000000.0,39.0,0.0,3.0,3.0,1.0,2982.0,681,https://tmssl.akamaized.net/images/wappen/medium/681.png
Aihen Muñoz,Left-Back,28,Real Sociedad,LaLiga,3500000.0,25.0,0.0,0.0,3.0,0.0,1135.0,681,https://tmssl.akamaized.net/images/wappen/medium/681.png
Jon Aramburu,Right-Back,23,Real Sociedad,LaLiga,15000000.0,39.0,1.0,0.0,9.0,0.0,3121.0,681,https://tmssl.akamaized.net/images/wappen/medium/681.png
Álvaro Odriozola,Right-Back,30,Real Sociedad,LaLiga,800000.0,10.0,1.0,0.0,1.0,0.0,439.0,681,https://tmssl.akamaized.net/images/wappen/medium/681.png
Jon Gorrotxategi,Defensive Midfield,24,Real Sociedad,LaLiga,25000000.0,35.0,1.0,3.0,8.0,0.0,2489.0,681,https://tmssl.akamaized.net/images/wappen/medium/681.png
Beñat Turrientes,Central Midfield,24,Real Sociedad,LaLiga,10000000.0,31.0,3.0,4.0,6.0,0.0,1695.0,681,https://tmssl.akamaized.net/images/wappen/medium/681.png
Luka Sucic,Central Midfield,23,Real Sociedad,LaLiga,10000000.0,24.0,4.0,3.0,1.0,0.0,1102.0,681,https://tmssl.akamaized.net/images/wappen/medium/681.png
Yangel Herrera,Central Midfield,28,Real Sociedad,LaLiga,9000000.0,14.0,0.0,1.0,2.0,0.0,497.0,681,https://tmssl.akamaized.net/images/wappen/medium/681.png
Carlos Soler,Central Midfield,29,Real Sociedad,LaLiga,8000000.0,36.0,4.0,3.0,3.0,1.0,2616.0,681,https://tmssl.akamaized.net/images/wappen/medium/681.png
Brais Méndez,Attacking Midfield,29,Real Sociedad,LaLiga,12000000.0,30.0,6.0,2.0,4.0,1.0,1762.0,681,https://tmssl.akamaized.net/images/wappen/medium/681.png
Arsen Zakharyan,Attacking Midfield,22,Real Sociedad,LaLiga,10000000.0,20.0,1.0,0.0,2.0,0.0,639.0,681,https://tmssl.akamaized.net/images/wappen/medium/681.png
Pablo Marín,Attacking Midfield,22,Real Sociedad,LaLiga,8000000.0,36.0,1.0,1.0,3.0,0.0,1625.0,681,https://tmssl.akamaized.net/images/wappen/medium/681.png
Ander Barrenetxea,Left Winger,24,Real Sociedad,LaLiga,18000000.0,32.0,4.0,5.0,4.0,0.0,1872.0,681,https://tmssl.akamaized.net/images/wappen/medium/681.png
Gonçalo Guedes,Left Winger,29,Real Sociedad,LaLiga,6000000.0,38.0,9.0,8.0,5.0,0.0,2318.0,681,https://tmssl.akamaized.net/images/wappen/medium/681.png
Wesley,Left Winger,21,Real Sociedad,LaLiga,5000000.0,42.0,5.0,2.0,6.0,0.0,3013.0,681,https://tmssl.akamaized.net/images/wappen/medium/681.png
Takefusa Kubo,Right Winger,24,Real Sociedad,LaLiga,30000000.0,25.0,2.0,4.0,3.0,0.0,1635.0,681,https://tmssl.akamaized.net/images/wappen/medium/681.png
Mikel Oyarzabal,Centre-Forward,29,Real Sociedad,LaLiga,25000000.0,36.0,17.0,3.0,4.0,0.0,2969.0,681,https://tmssl.akamaized.net/images/wappen/medium/681.png
Orri Óskarsson,Centre-Forward,21,Real Sociedad,LaLiga,12000000.0,22.0,7.0,0.0,4.0,0.0,666.0,681,https://tmssl.akamaized.net/images/wappen/medium/681.png
Jon Karrikaburu,Centre-Forward,23,Real Sociedad,LaLiga,2000000.0,8.0,0.0,0.0,0.0,0.0,153.0,681,https://tmssl.akamaized.net/images/wappen/medium/681.png
Marc-André ter Stegen,Goalkeeper,34,Girona FC,LaLiga,4000000.0,3.0,0.0,0.0,0.0,0.0,270.0,12321,https://tmssl.akamaized.net/images/wappen/medium/12321.png
Paulo Gazzaniga,Goalkeeper,34,Girona FC,LaLiga,2000000.0,32.0,0.0,0.0,4.0,1.0,2833.0,12321,https://tmssl.akamaized.net/images/wappen/medium/12321.png
Rubén Blanco,Goalkeeper,30,Girona FC,LaLiga,800000.0,0.0,0.0,0.0,0.0,0.0,0.0,12321,https://tmssl.akamaized.net/images/wappen/medium/12321.png
Vladyslav Krapyvtsov,Goalkeeper,20,Girona FC,LaLiga,400000.0,3.0,0.0,0.0,0.0,0.0,257.0,12321,https://tmssl.akamaized.net/images/wappen/medium/12321.png
Juan Carlos,Goalkeeper,38,Girona FC,LaLiga,100000.0,0.0,0.0,0.0,0.0,0.0,0.0,12321,https://tmssl.akamaized.net/images/wappen/medium/12321.png
Vitor Reis,Centre-Back,20,Girona FC,LaLiga,30000000.0,34.0,1.0,1.0,9.0,1.0,2927.0,12321,https://tmssl.akamaized.net/images/wappen/medium/12321.png
Alejandro Francés,Centre-Back,23,Girona FC,LaLiga,3000000.0,22.0,0.0,2.0,1.0,1.0,930.0,12321,https://tmssl.akamaized.net/images/wappen/medium/12321.png
Daley Blind,Centre-Back,36,Girona FC,LaLiga,1400000.0,31.0,0.0,0.0,1.0,0.0,2610.0,12321,https://tmssl.akamaized.net/images/wappen/medium/12321.png
David López,Centre-Back,36,Girona FC,LaLiga,800000.0,17.0,0.0,0.0,2.0,0.0,1127.0,12321,https://tmssl.akamaized.net/images/wappen/medium/12321.png
Álex Moreno,Left-Back,32,Girona FC,LaLiga,3500000.0,27.0,0.0,3.0,5.0,0.0,2198.0,12321,https://tmssl.akamaized.net/images/wappen/medium/12321.png
Arnau Martínez,Right-Back,23,Girona FC,LaLiga,10000000.0,32.0,1.0,2.0,6.0,0.0,2442.0,12321,https://tmssl.akamaized.net/images/wappen/medium/12321.png
Hugo Rincón,Right-Back,23,Girona FC,LaLiga,3500000.0,33.0,1.0,2.0,4.0,0.0,1878.0,12321,https://tmssl.akamaized.net/images/wappen/medium/12321.png
Axel Witsel,Defensive Midfield,37,Girona FC,LaLiga,1400000.0,28.0,1.0,2.0,0.0,0.0,2272.0,12321,https://tmssl.akamaized.net/images/wappen/medium/12321.png
Azzedine Ounahi,Central Midfield,26,Girona FC,LaLiga,10000000.0,20.0,5.0,3.0,6.0,0.0,1436.0,12321,https://tmssl.akamaized.net/images/wappen/medium/12321.png
Iván Martín,Central Midfield,27,Girona FC,LaLiga,6000000.0,33.0,0.0,1.0,3.0,0.0,2327.0,12321,https://tmssl.akamaized.net/images/wappen/medium/12321.png
Fran Beltrán,Central Midfield,27,Girona FC,LaLiga,5000000.0,28.0,1.0,0.0,3.0,0.0,1790.0,12321,https://tmssl.akamaized.net/images/wappen/medium/12321.png
Donny van de Beek,Central Midfield,29,Girona FC,LaLiga,2000000.0,2.0,0.0,0.0,0.0,0.0,41.0,12321,https://tmssl.akamaized.net/images/wappen/medium/12321.png
Lass Kourouma,Central Midfield,22,Girona FC,LaLiga,500000.0,7.0,0.0,0.0,1.0,1.0,249.0,12321,https://tmssl.akamaized.net/images/wappen/medium/12321.png
Claudio Echeverri,Attacking Midfield,20,Girona FC,LaLiga,15000000.0,24.0,1.0,2.0,4.0,0.0,798.0,12321,https://tmssl.akamaized.net/images/wappen/medium/12321.png
Thomas Lemar,Attacking Midfield,30,Girona FC,LaLiga,2000000.0,25.0,3.0,2.0,3.0,0.0,1198.0,12321,https://tmssl.akamaized.net/images/wappen/medium/12321.png
Bryan Gil,Left Winger,25,Girona FC,LaLiga,12000000.0,27.0,0.0,3.0,4.0,0.0,1483.0,12321,https://tmssl.akamaized.net/images/wappen/medium/12321.png
Joel Roca,Left Winger,20,Girona FC,LaLiga,5000000.0,29.0,3.0,1.0,3.0,1.0,1248.0,12321,https://tmssl.akamaized.net/images/wappen/medium/12321.png
Viktor Tsygankov,Right Winger,28,Girona FC,LaLiga,15000000.0,30.0,7.0,4.0,3.0,0.0,2378.0,12321,https://tmssl.akamaized.net/images/wappen/medium/12321.png
Portu,Right Winger,33,Girona FC,LaLiga,1500000.0,11.0,0.0,1.0,3.0,0.0,532.0,12321,https://tmssl.akamaized.net/images/wappen/medium/12321.png
Vladyslav Vanat,Centre-Forward,24,Girona FC,LaLiga,15000000.0,29.0,10.0,2.0,5.0,0.0,2061.0,12321,https://tmssl.akamaized.net/images/wappen/medium/12321.png
Abel Ruiz,Centre-Forward,26,Girona FC,LaLiga,2500000.0,11.0,0.0,1.0,0.0,0.0,278.0,12321,https://tmssl.akamaized.net/images/wappen/medium/12321.png
Cristhian Stuani,Centre-Forward,39,Girona FC,LaLiga,800000.0,18.0,4.0,0.0,3.0,0.0,355.0,12321,https://tmssl.akamaized.net/images/wappen/medium/12321.png
Marko Dmitrovic,Goalkeeper,34,RCD Espanyol Barcelona,LaLiga,800000.0,34.0,0.0,0.0,0.0,0.0,3060.0,714,https://tmssl.akamaized.net/images/wappen/medium/714.png
Ángel Fortuño,Goalkeeper,24,RCD Espanyol Barcelona,LaLiga,300000.0,2.0,0.0,0.0,0.0,0.0,180.0,714,https://tmssl.akamaized.net/images/wappen/medium/714.png
Clemens Riedel,Centre-Back,22,RCD Espanyol Barcelona,LaLiga,5000000.0,19.0,0.0,1.0,5.0,0.0,1307.0,714,https://tmssl.akamaized.net/images/wappen/medium/714.png
Fernando Calero,Centre-Back,30,RCD Espanyol Barcelona,LaLiga,2000000.0,26.0,0.0,0.0,5.0,0.0,2034.0,714,https://tmssl.akamaized.net/images/wappen/medium/714.png
Miguel Rubio,Centre-Back,28,RCD Espanyol Barcelona,LaLiga,2000000.0,14.0,1.0,0.0,1.0,0.0,378.0,714,https://tmssl.akamaized.net/images/wappen/medium/714.png
Leandro Cabrera,Centre-Back,34,RCD Espanyol Barcelona,LaLiga,1000000.0,33.0,3.0,0.0,3.0,0.0,2970.0,714,https://tmssl.akamaized.net/images/wappen/medium/714.png
Carlos Romero,Left-Back,24,RCD Espanyol Barcelona,LaLiga,25000000.0,32.0,5.0,2.0,4.0,0.0,2850.0,714,https://tmssl.akamaized.net/images/wappen/medium/714.png
José Salinas,Left-Back,25,RCD Espanyol Barcelona,LaLiga,2800000.0,12.0,0.0,0.0,3.0,0.0,414.0,714,https://tmssl.akamaized.net/images/wappen/medium/714.png
Omar El Hilali,Right-Back,22,RCD Espanyol Barcelona,LaLiga,15000000.0,33.0,0.0,3.0,8.0,0.0,2637.0,714,https://tmssl.akamaized.net/images/wappen/medium/714.png
Rubén Sánchez,Right-Back,25,RCD Espanyol Barcelona,LaLiga,1500000.0,18.0,0.0,1.0,2.0,0.0,656.0,714,https://tmssl.akamaized.net/images/wappen/medium/714.png
Urko González de Zárate,Defensive Midfield,25,RCD Espanyol Barcelona,LaLiga,10000000.0,34.0,0.0,1.0,6.0,0.0,2385.0,714,https://tmssl.akamaized.net/images/wappen/medium/714.png
Charles Pickel,Defensive Midfield,29,RCD Espanyol Barcelona,LaLiga,2500000.0,23.0,1.0,0.0,2.0,1.0,796.0,714,https://tmssl.akamaized.net/images/wappen/medium/714.png
Pol Lozano,Central Midfield,26,RCD Espanyol Barcelona,LaLiga,6000000.0,30.0,2.0,1.0,9.0,0.0,2018.0,714,https://tmssl.akamaized.net/images/wappen/medium/714.png
Edu Expósito,Central Midfield,29,RCD Espanyol Barcelona,LaLiga,5000000.0,34.0,1.0,6.0,9.0,0.0,2297.0,714,https://tmssl.akamaized.net/images/wappen/medium/714.png
Ramón Terrats,Central Midfield,25,RCD Espanyol Barcelona,LaLiga,3000000.0,28.0,1.0,1.0,0.0,0.0,991.0,714,https://tmssl.akamaized.net/images/wappen/medium/714.png
Javi Puado,Left Winger,27,RCD Espanyol Barcelona,LaLiga,7500000.0,10.0,2.0,0.0,2.0,0.0,678.0,714,https://tmssl.akamaized.net/images/wappen/medium/714.png
Pere Milla,Left Winger,33,RCD Espanyol Barcelona,LaLiga,1200000.0,30.0,6.0,0.0,6.0,1.0,1840.0,714,https://tmssl.akamaized.net/images/wappen/medium/714.png
Tyrhys Dolan,Right Winger,24,RCD Espanyol Barcelona,LaLiga,10000000.0,35.0,1.0,5.0,4.0,0.0,2253.0,714,https://tmssl.akamaized.net/images/wappen/medium/714.png
Cyril Ngonge,Right Winger,25,RCD Espanyol Barcelona,LaLiga,8000000.0,9.0,0.0,2.0,4.0,0.0,426.0,714,https://tmssl.akamaized.net/images/wappen/medium/714.png
Jofre Carreras,Right Winger,24,RCD Espanyol Barcelona,LaLiga,3000000.0,24.0,1.0,0.0,1.0,0.0,869.0,714,https://tmssl.akamaized.net/images/wappen/medium/714.png
Antoniu Roca,Right Winger,23,RCD Espanyol Barcelona,LaLiga,1800000.0,12.0,0.0,0.0,1.0,0.0,249.0,714,https://tmssl.akamaized.net/images/wappen/medium/714.png
Roberto Fernández,Centre-Forward,23,RCD Espanyol Barcelona,LaLiga,10000000.0,36.0,6.0,3.0,3.0,0.0,2184.0,714,https://tmssl.akamaized.net/images/wappen/medium/714.png
Kike García,Centre-Forward,36,RCD Espanyol Barcelona,LaLiga,800000.0,35.0,8.0,1.0,3.0,0.0,1778.0,714,https://tmssl.akamaized.net/images/wappen/medium/714.png
Julen Agirrezabala,Goalkeeper,25,Valencia CF,LaLiga,15000000.0,19.0,0.0,0.0,2.0,0.0,1710.0,1049,https://tmssl.akamaized.net/images/wappen/medium/1049.png
Stole Dimitrievski,Goalkeeper,32,Valencia CF,LaLiga,2000000.0,20.0,0.0,0.0,1.0,0.0,1830.0,1049,https://tmssl.akamaized.net/images/wappen/medium/1049.png
Cristian Rivero,Goalkeeper,28,Valencia CF,LaLiga,100000.0,0.0,0.0,0.0,0.0,0.0,0.0,1049,https://tmssl.akamaized.net/images/wappen/medium/1049.png
César Tárrega,Centre-Back,24,Valencia CF,LaLiga,12000000.0,31.0,0.0,0.0,7.0,0.0,2402.0,1049,https://tmssl.akamaized.net/images/wappen/medium/1049.png
José Copete,Centre-Back,26,Valencia CF,LaLiga,5000000.0,24.0,0.0,0.0,6.0,0.0,1910.0,1049,https://tmssl.akamaized.net/images/wappen/medium/1049.png
Unai Núñez,Centre-Back,29,Valencia CF,LaLiga,3500000.0,9.0,0.0,1.0,2.0,0.0,674.0,1049,https://tmssl.akamaized.net/images/wappen/medium/1049.png
Eray Cömert,Centre-Back,28,Valencia CF,LaLiga,2500000.0,18.0,2.0,0.0,3.0,0.0,1479.0,1049,https://tmssl.akamaized.net/images/wappen/medium/1049.png
Mouctar Diakhaby,Centre-Back,29,Valencia CF,LaLiga,2000000.0,9.0,1.0,0.0,3.0,0.0,591.0,1049,https://tmssl.akamaized.net/images/wappen/medium/1049.png
José Gayà,Left-Back,30,Valencia CF,LaLiga,5000000.0,30.0,1.0,2.0,6.0,1.0,2309.0,1049,https://tmssl.akamaized.net/images/wappen/medium/1049.png
Jesús Vázquez,Left-Back,23,Valencia CF,LaLiga,4000000.0,25.0,1.0,0.0,2.0,0.0,1243.0,1049,https://tmssl.akamaized.net/images/wappen/medium/1049.png
Thierry Correia,Right-Back,27,Valencia CF,LaLiga,3000000.0,23.0,0.0,1.0,5.0,0.0,1424.0,1049,https://tmssl.akamaized.net/images/wappen/medium/1049.png
Renzo Saravia,Right-Back,32,Valencia CF,LaLiga,1500000.0,3.0,0.0,0.0,1.0,0.0,232.0,1049,https://tmssl.akamaized.net/images/wappen/medium/1049.png
Dimitri Foulquier,Right-Back,33,Valencia CF,LaLiga,1000000.0,19.0,0.0,0.0,1.0,0.0,1404.0,1049,https://tmssl.akamaized.net/images/wappen/medium/1049.png
Pepelu,Defensive Midfield,27,Valencia CF,LaLiga,9000000.0,29.0,2.0,1.0,3.0,0.0,2146.0,1049,https://tmssl.akamaized.net/images/wappen/medium/1049.png
Guido Rodríguez,Defensive Midfield,32,Valencia CF,LaLiga,5000000.0,13.0,2.0,0.0,4.0,0.0,949.0,1049,https://tmssl.akamaized.net/images/wappen/medium/1049.png
Baptiste Santamaria,Defensive Midfield,31,Valencia CF,LaLiga,3000000.0,22.0,1.0,2.0,2.0,0.0,1015.0,1049,https://tmssl.akamaized.net/images/wappen/medium/1049.png
Javi Guerra,Central Midfield,23,Valencia CF,LaLiga,25000000.0,36.0,1.0,5.0,3.0,0.0,2035.0,1049,https://tmssl.akamaized.net/images/wappen/medium/1049.png
Filip Ugrinic,Central Midfield,27,Valencia CF,LaLiga,6000000.0,26.0,0.0,3.0,4.0,0.0,1487.0,1049,https://tmssl.akamaized.net/images/wappen/medium/1049.png
André Almeida,Attacking Midfield,25,Valencia CF,LaLiga,7500000.0,23.0,0.0,2.0,0.0,0.0,1180.0,1049,https://tmssl.akamaized.net/images/wappen/medium/1049.png
Largie Ramazani,Left Winger,25,Valencia CF,LaLiga,8000000.0,27.0,6.0,2.0,4.0,0.0,1361.0,1049,https://tmssl.akamaized.net/images/wappen/medium/1049.png
Arnaut Danjuma,Left Winger,29,Valencia CF,LaLiga,4000000.0,34.0,4.0,3.0,0.0,0.0,1814.0,1049,https://tmssl.akamaized.net/images/wappen/medium/1049.png
Diego López,Right Winger,24,Valencia CF,LaLiga,12000000.0,35.0,4.0,1.0,5.0,0.0,1720.0,1049,https://tmssl.akamaized.net/images/wappen/medium/1049.png
Luis Rioja,Right Winger,32,Valencia CF,LaLiga,2000000.0,38.0,3.0,5.0,1.0,0.0,2515.0,1049,https://tmssl.akamaized.net/images/wappen/medium/1049.png
Dani Raba,Second Striker,30,Valencia CF,LaLiga,1500000.0,16.0,2.0,1.0,0.0,0.0,497.0,1049,https://tmssl.akamaized.net/images/wappen/medium/1049.png
Hugo Duro,Centre-Forward,26,Valencia CF,LaLiga,12000000.0,37.0,10.0,1.0,4.0,0.0,1918.0,1049,https://tmssl.akamaized.net/images/wappen/medium/1049.png
Lucas Beltrán,Centre-Forward,25,Valencia CF,LaLiga,8000000.0,30.0,3.0,2.0,1.0,0.0,1604.0,1049,https://tmssl.akamaized.net/images/wappen/medium/1049.png
Umar Sadiq,Centre-Forward,29,Valencia CF,LaLiga,4000000.0,25.0,6.0,5.0,4.0,0.0,1225.0,1049,https://tmssl.akamaized.net/images/wappen/medium/1049.png
Sergio Herrera,Goalkeeper,32,CA Osasuna,LaLiga,3000000.0,34.0,0.0,0.0,3.0,0.0,3060.0,331,https://tmssl.akamaized.net/images/wappen/medium/331.png
Aitor Fernández,Goalkeeper,35,CA Osasuna,LaLiga,600000.0,4.0,0.0,0.0,2.0,0.0,420.0,331,https://tmssl.akamaized.net/images/wappen/medium/331.png
Enzo Boyomo,Centre-Back,24,CA Osasuna,LaLiga,20000000.0,27.0,1.0,1.0,5.0,0.0,2305.0,331,https://tmssl.akamaized.net/images/wappen/medium/331.png
Jorge Herrando,Centre-Back,25,CA Osasuna,LaLiga,4000000.0,31.0,0.0,2.0,4.0,0.0,1854.0,331,https://tmssl.akamaized.net/images/wappen/medium/331.png
Alejandro Catena,Centre-Back,31,CA Osasuna,LaLiga,2800000.0,34.0,3.0,2.0,10.0,1.0,2889.0,331,https://tmssl.akamaized.net/images/wappen/medium/331.png
Abel Bretones,Left-Back,25,CA Osasuna,LaLiga,4000000.0,27.0,1.0,1.0,5.0,1.0,1560.0,331,https://tmssl.akamaized.net/images/wappen/medium/331.png
Javi Galán,Left-Back,31,CA Osasuna,LaLiga,2000000.0,25.0,0.0,2.0,2.0,0.0,1872.0,331,https://tmssl.akamaized.net/images/wappen/medium/331.png
Juan Cruz,Left-Back,33,CA Osasuna,LaLiga,1200000.0,19.0,0.0,0.0,1.0,0.0,994.0,331,https://tmssl.akamaized.net/images/wappen/medium/331.png
Valentin Rosier,Right-Back,29,CA Osasuna,LaLiga,3000000.0,28.0,1.0,1.0,4.0,0.0,2263.0,331,https://tmssl.akamaized.net/images/wappen/medium/331.png
Iñigo Arguibide,Right-Back,21,CA Osasuna,LaLiga,800000.0,9.0,0.0,0.0,0.0,1.0,403.0,331,https://tmssl.akamaized.net/images/wappen/medium/331.png
Lucas Torró,Defensive Midfield,31,CA Osasuna,LaLiga,2800000.0,33.0,0.0,2.0,6.0,0.0,2172.0,331,https://tmssl.akamaized.net/images/wappen/medium/331.png
Iker Muñoz,Defensive Midfield,23,CA Osasuna,LaLiga,2000000.0,21.0,0.0,0.0,4.0,0.0,1216.0,331,https://tmssl.akamaized.net/images/wappen/medium/331.png
Jon Moncayola,Central Midfield,28,CA Osasuna,LaLiga,7000000.0,34.0,1.0,4.0,10.0,0.0,2882.0,331,https://tmssl.akamaized.net/images/wappen/medium/331.png
Asier Osambela,Central Midfield,21,CA Osasuna,LaLiga,1000000.0,17.0,2.0,1.0,2.0,1.0,554.0,331,https://tmssl.akamaized.net/images/wappen/medium/331.png
Aimar Oroz,Attacking Midfield,24,CA Osasuna,LaLiga,9000000.0,27.0,0.0,2.0,6.0,0.0,1951.0,331,https://tmssl.akamaized.net/images/wappen/medium/331.png
Moi Gómez,Attacking Midfield,31,CA Osasuna,LaLiga,1800000.0,26.0,1.0,2.0,4.0,0.0,1354.0,331,https://tmssl.akamaized.net/images/wappen/medium/331.png
Víctor Muñoz,Left Winger,22,CA Osasuna,LaLiga,20000000.0,35.0,6.0,5.0,3.0,0.0,2676.0,331,https://tmssl.akamaized.net/images/wappen/medium/331.png
Raúl Moro,Left Winger,23,CA Osasuna,LaLiga,5000000.0,11.0,0.0,2.0,0.0,0.0,495.0,331,https://tmssl.akamaized.net/images/wappen/medium/331.png
Rubén García,Right Winger,32,CA Osasuna,LaLiga,1800000.0,35.0,2.0,7.0,5.0,0.0,2150.0,331,https://tmssl.akamaized.net/images/wappen/medium/331.png
Iker Benito,Right Winger,23,CA Osasuna,LaLiga,1500000.0,6.0,1.0,1.0,1.0,0.0,237.0,331,https://tmssl.akamaized.net/images/wappen/medium/331.png
Kike Barja,Right Winger,29,CA Osasuna,LaLiga,1500000.0,28.0,2.0,2.0,3.0,0.0,604.0,331,https://tmssl.akamaized.net/images/wappen/medium/331.png
Raúl García,Centre-Forward,25,CA Osasuna,LaLiga,3000000.0,36.0,14.0,1.0,3.0,1.0,1204.0,331,https://tmssl.akamaized.net/images/wappen/medium/331.png
Ante Budimir,Centre-Forward,34,CA Osasuna,LaLiga,3000000.0,36.0,18.0,0.0,3.0,0.0,2681.0,331,https://tmssl.akamaized.net/images/wappen/medium/331.png
Ionuț Radu,Goalkeeper,28,Celta de Vigo,LaLiga,8000000.0,46.0,0.0,0.0,3.0,0.0,4140.0,940,https://tmssl.akamaized.net/images/wappen/medium/940.png
Iván Villar,Goalkeeper,28,Celta de Vigo,LaLiga,900000.0,5.0,0.0,0.0,0.0,0.0,510.0,940,https://tmssl.akamaized.net/images/wappen/medium/940.png
Marc Vidal,Goalkeeper,26,Celta de Vigo,LaLiga,300000.0,0.0,0.0,0.0,0.0,0.0,0.0,940,https://tmssl.akamaized.net/images/wappen/medium/940.png
Javi Rodríguez,Centre-Back,22,Celta de Vigo,LaLiga,15000000.0,42.0,0.0,2.0,6.0,0.0,3273.0,940,https://tmssl.akamaized.net/images/wappen/medium/940.png
Carl Starfelt,Centre-Back,30,Celta de Vigo,LaLiga,5000000.0,31.0,1.0,0.0,2.0,0.0,2394.0,940,https://tmssl.akamaized.net/images/wappen/medium/940.png
Carlos Domínguez,Centre-Back,25,Celta de Vigo,LaLiga,3000000.0,13.0,0.0,0.0,1.0,0.0,927.0,940,https://tmssl.akamaized.net/images/wappen/medium/940.png
Yoel Lago,Centre-Back,22,Celta de Vigo,LaLiga,2500000.0,15.0,1.0,1.0,7.0,0.0,1025.0,940,https://tmssl.akamaized.net/images/wappen/medium/940.png
Manu Fernández,Centre-Back,25,Celta de Vigo,LaLiga,1500000.0,19.0,0.0,0.0,3.0,0.0,1117.0,940,https://tmssl.akamaized.net/images/wappen/medium/940.png
Marcos Alonso,Centre-Back,35,Celta de Vigo,LaLiga,1400000.0,39.0,1.0,0.0,7.0,0.0,3399.0,940,https://tmssl.akamaized.net/images/wappen/medium/940.png
Joseph Aidoo,Centre-Back,30,Celta de Vigo,LaLiga,1000000.0,12.0,0.0,0.0,0.0,0.0,875.0,940,https://tmssl.akamaized.net/images/wappen/medium/940.png
Mihailo Ristic,Left-Back,30,Celta de Vigo,LaLiga,800000.0,13.0,0.0,0.0,0.0,0.0,742.0,940,https://tmssl.akamaized.net/images/wappen/medium/940.png
Óscar Mingueza,Right-Back,27,Celta de Vigo,LaLiga,18000000.0,43.0,1.0,6.0,7.0,0.0,2790.0,940,https://tmssl.akamaized.net/images/wappen/medium/940.png
Sergio Carreira,Right-Back,25,Celta de Vigo,LaLiga,8000000.0,41.0,2.0,1.0,2.0,0.0,3223.0,940,https://tmssl.akamaized.net/images/wappen/medium/940.png
Álvaro Núñez,Right-Back,25,Celta de Vigo,LaLiga,6000000.0,5.0,0.0,0.0,0.0,0.0,264.0,940,https://tmssl.akamaized.net/images/wappen/medium/940.png
Javi Rueda,Right-Back,24,Celta de Vigo,LaLiga,4000000.0,35.0,4.0,6.0,9.0,0.0,1880.0,940,https://tmssl.akamaized.net/images/wappen/medium/940.png
Miguel Román,Central Midfield,23,Celta de Vigo,LaLiga,15000000.0,29.0,1.0,3.0,5.0,0.0,2004.0,940,https://tmssl.akamaized.net/images/wappen/medium/940.png
Ilaix Moriba,Central Midfield,23,Celta de Vigo,LaLiga,10000000.0,45.0,1.0,3.0,11.0,0.0,3239.0,940,https://tmssl.akamaized.net/images/wappen/medium/940.png
Hugo Sotelo,Central Midfield,22,Celta de Vigo,LaLiga,7500000.0,29.0,0.0,2.0,3.0,1.0,1529.0,940,https://tmssl.akamaized.net/images/wappen/medium/940.png
Matías Vecino,Central Midfield,34,Celta de Vigo,LaLiga,1500000.0,24.0,0.0,2.0,2.0,0.0,1132.0,940,https://tmssl.akamaized.net/images/wappen/medium/940.png
Fer López,Attacking Midfield,21,Celta de Vigo,LaLiga,16000000.0,31.0,2.0,1.0,4.0,0.0,1452.0,940,https://tmssl.akamaized.net/images/wappen/medium/940.png
Williot Swedberg,Left Winger,22,Celta de Vigo,LaLiga,15000000.0,37.0,9.0,6.0,6.0,0.0,1735.0,940,https://tmssl.akamaized.net/images/wappen/medium/940.png
Hugo Álvarez,Left Winger,22,Celta de Vigo,LaLiga,8000000.0,34.0,4.0,2.0,4.0,0.0,1802.0,940,https://tmssl.akamaized.net/images/wappen/medium/940.png
Franco Cervi,Left Winger,31,Celta de Vigo,LaLiga,700000.0,3.0,0.0,1.0,0.0,0.0,165.0,940,https://tmssl.akamaized.net/images/wappen/medium/940.png
Jones El-Abdellaoui,Right Winger,20,Celta de Vigo,LaLiga,8000000.0,30.0,3.0,0.0,0.0,0.0,1155.0,940,https://tmssl.akamaized.net/images/wappen/medium/940.png
Ferran Jutglà,Right Winger,27,Celta de Vigo,LaLiga,7000000.0,40.0,8.0,3.0,4.0,0.0,2100.0,940,https://tmssl.akamaized.net/images/wappen/medium/940.png
Pablo Durán,Centre-Forward,24,Celta de Vigo,LaLiga,4000000.0,36.0,5.0,2.0,1.0,0.0,1737.0,940,https://tmssl.akamaized.net/images/wappen/medium/940.png
Borja Iglesias,Centre-Forward,33,Celta de Vigo,LaLiga,3000000.0,46.0,17.0,3.0,7.0,0.0,2485.0,940,https://tmssl.akamaized.net/images/wappen/medium/940.png
Iago Aspas,Centre-Forward,38,Celta de Vigo,LaLiga,1800000.0,44.0,8.0,6.0,6.0,0.0,1862.0,940,https://tmssl.akamaized.net/images/wappen/medium/940.png
Mathew Ryan,Goalkeeper,34,Levante UD,LaLiga,2000000.0,32.0,0.0,0.0,2.0,0.0,2880.0,3368,https://tmssl.akamaized.net/images/wappen/medium/3368.png
Pablo Campos,Goalkeeper,24,Levante UD,LaLiga,1500000.0,5.0,0.0,0.0,0.0,0.0,450.0,3368,https://tmssl.akamaized.net/images/wappen/medium/3368.png
Matías Moreno,Centre-Back,22,Levante UD,LaLiga,4000000.0,25.0,0.0,0.0,7.0,0.0,1921.0,3368,https://tmssl.akamaized.net/images/wappen/medium/3368.png
Alan Matturro,Centre-Back,21,Levante UD,LaLiga,4000000.0,20.0,1.0,0.0,0.0,1.0,1082.0,3368,https://tmssl.akamaized.net/images/wappen/medium/3368.png
Adrián Dela,Centre-Back,27,Levante UD,LaLiga,3000000.0,31.0,2.0,1.0,6.0,0.0,2544.0,3368,https://tmssl.akamaized.net/images/wappen/medium/3368.png
Unai Elgezabal,Centre-Back,33,Levante UD,LaLiga,600000.0,13.0,2.0,1.0,3.0,0.0,1023.0,3368,https://tmssl.akamaized.net/images/wappen/medium/3368.png
Manu Sánchez,Left-Back,25,Levante UD,LaLiga,6000000.0,29.0,1.0,2.0,8.0,0.0,2537.0,3368,https://tmssl.akamaized.net/images/wappen/medium/3368.png
Diego Pampín,Left-Back,26,Levante UD,LaLiga,1000000.0,9.0,0.0,0.0,2.0,0.0,637.0,3368,https://tmssl.akamaized.net/images/wappen/medium/3368.png
Jeremy Toljan,Right-Back,31,Levante UD,LaLiga,2200000.0,35.0,1.0,3.0,7.0,0.0,2913.0,3368,https://tmssl.akamaized.net/images/wappen/medium/3368.png
Víctor García,Right-Back,28,Levante UD,LaLiga,1000000.0,21.0,0.0,2.0,0.0,0.0,1093.0,3368,https://tmssl.akamaized.net/images/wappen/medium/3368.png
Ugo Raghouber,Defensive Midfield,22,Levante UD,LaLiga,3000000.0,15.0,0.0,0.0,2.0,0.0,727.0,3368,https://tmssl.akamaized.net/images/wappen/medium/3368.png
Oriol Rey,Defensive Midfield,28,Levante UD,LaLiga,1800000.0,20.0,0.0,0.0,4.0,0.0,1319.0,3368,https://tmssl.akamaized.net/images/wappen/medium/3368.png
Kervin Arriaga,Defensive Midfield,28,Levante UD,LaLiga,1500000.0,25.0,1.0,2.0,5.0,0.0,1347.0,3368,https://tmssl.akamaized.net/images/wappen/medium/3368.png
Pablo Martínez,Central Midfield,28,Levante UD,LaLiga,2000000.0,25.0,1.0,3.0,3.0,0.0,1645.0,3368,https://tmssl.akamaized.net/images/wappen/medium/3368.png
Jon Ander Olasagasti,Central Midfield,25,Levante UD,LaLiga,1800000.0,32.0,1.0,3.0,2.0,1.0,1533.0,3368,https://tmssl.akamaized.net/images/wappen/medium/3368.png
Unai Vencedor,Central Midfield,25,Levante UD,LaLiga,1800000.0,19.0,0.0,0.0,4.0,1.0,993.0,3368,https://tmssl.akamaized.net/images/wappen/medium/3368.png
Carlos Álvarez,Attacking Midfield,22,Levante UD,LaLiga,15000000.0,30.0,3.0,1.0,3.0,0.0,1898.0,3368,https://tmssl.akamaized.net/images/wappen/medium/3368.png
Roger Brugué,Left Winger,29,Levante UD,LaLiga,2000000.0,17.0,0.0,2.0,1.0,0.0,999.0,3368,https://tmssl.akamaized.net/images/wappen/medium/3368.png
Paco Cortés,Left Winger,18,Levante UD,LaLiga,1000000.0,12.0,0.0,0.0,2.0,0.0,471.0,3368,https://tmssl.akamaized.net/images/wappen/medium/3368.png
Kareem Tunde,Right Winger,20,Levante UD,LaLiga,1000000.0,17.0,0.0,1.0,3.0,0.0,1008.0,3368,https://tmssl.akamaized.net/images/wappen/medium/3368.png
Tay Abed,Right Winger,21,Levante UD,LaLiga,800000.0,5.0,0.0,0.0,0.0,0.0,40.0,3368,https://tmssl.akamaized.net/images/wappen/medium/3368.png
Iker Losada,Second Striker,24,Levante UD,LaLiga,1400000.0,23.0,3.0,2.0,1.0,0.0,1036.0,3368,https://tmssl.akamaized.net/images/wappen/medium/3368.png
Karl Etta Eyong,Centre-Forward,22,Levante UD,LaLiga,18000000.0,31.0,6.0,4.0,3.0,0.0,1665.0,3368,https://tmssl.akamaized.net/images/wappen/medium/3368.png
Iván Romero,Centre-Forward,25,Levante UD,LaLiga,7500000.0,31.0,7.0,2.0,5.0,0.0,2148.0,3368,https://tmssl.akamaized.net/images/wappen/medium/3368.png
Carlos Espí,Centre-Forward,20,Levante UD,LaLiga,2500000.0,23.0,11.0,0.0,3.0,0.0,1082.0,3368,https://tmssl.akamaized.net/images/wappen/medium/3368.png
José Luis Morales,Centre-Forward,38,Levante UD,LaLiga,300000.0,22.0,2.0,2.0,1.0,0.0,588.0,3368,https://tmssl.akamaized.net/images/wappen/medium/3368.png
Augusto Batalla,Goalkeeper,30,Rayo Vallecano,LaLiga,6000000.0,44.0,0.0,1.0,7.0,0.0,3960.0,367,https://tmssl.akamaized.net/images/wappen/medium/367.png
Dani Cárdenas,Goalkeeper,29,Rayo Vallecano,LaLiga,1800000.0,7.0,0.0,0.0,1.0,0.0,660.0,367,https://tmssl.akamaized.net/images/wappen/medium/367.png
Nobel Mendy,Centre-Back,21,Rayo Vallecano,LaLiga,6000000.0,24.0,2.0,0.0,7.0,1.0,1723.0,367,https://tmssl.akamaized.net/images/wappen/medium/367.png
Abdul Mumin,Centre-Back,27,Rayo Vallecano,LaLiga,4000000.0,1.0,0.0,0.0,0.0,0.0,9.0,367,https://tmssl.akamaized.net/images/wappen/medium/367.png
Luiz Felipe,Centre-Back,29,Rayo Vallecano,LaLiga,3000000.0,17.0,0.0,0.0,3.0,0.0,1095.0,367,https://tmssl.akamaized.net/images/wappen/medium/367.png
Jozhua Vertrouwd,Centre-Back,21,Rayo Vallecano,LaLiga,2500000.0,18.0,0.0,0.0,1.0,0.0,1177.0,367,https://tmssl.akamaized.net/images/wappen/medium/367.png
Florian Lejeune,Centre-Back,34,Rayo Vallecano,LaLiga,2000000.0,49.0,2.0,2.0,8.0,0.0,4328.0,367,https://tmssl.akamaized.net/images/wappen/medium/367.png
Pep Chavarría,Left-Back,28,Rayo Vallecano,LaLiga,10000000.0,39.0,1.0,3.0,6.0,0.0,3078.0,367,https://tmssl.akamaized.net/images/wappen/medium/367.png
Alfonso Espino,Left-Back,34,Rayo Vallecano,LaLiga,1000000.0,40.0,4.0,1.0,3.0,0.0,2126.0,367,https://tmssl.akamaized.net/images/wappen/medium/367.png
Andrei Rațiu,Right-Back,27,Rayo Vallecano,LaLiga,18000000.0,44.0,1.0,3.0,11.0,0.0,3487.0,367,https://tmssl.akamaized.net/images/wappen/medium/367.png
Iván Balliu,Right-Back,34,Rayo Vallecano,LaLiga,1200000.0,24.0,0.0,1.0,2.0,0.0,1279.0,367,https://tmssl.akamaized.net/images/wappen/medium/367.png
Gerard Gumbau,Defensive Midfield,31,Rayo Vallecano,LaLiga,1400000.0,39.0,2.0,3.0,7.0,0.0,1774.0,367,https://tmssl.akamaized.net/images/wappen/medium/367.png
Pedro Díaz,Central Midfield,27,Rayo Vallecano,LaLiga,3000000.0,41.0,1.0,3.0,3.0,0.0,1992.0,367,https://tmssl.akamaized.net/images/wappen/medium/367.png
Unai López,Central Midfield,30,Rayo Vallecano,LaLiga,2500000.0,38.0,2.0,4.0,6.0,0.0,2236.0,367,https://tmssl.akamaized.net/images/wappen/medium/367.png
Óscar Valentín,Central Midfield,31,Rayo Vallecano,LaLiga,2200000.0,43.0,1.0,1.0,6.0,1.0,2497.0,367,https://tmssl.akamaized.net/images/wappen/medium/367.png
Pathé Ciss,Central Midfield,32,Rayo Vallecano,LaLiga,2000000.0,37.0,2.0,2.0,12.0,2.0,2701.0,367,https://tmssl.akamaized.net/images/wappen/medium/367.png
Samu Becerra,Central Midfield,19,Rayo Vallecano,LaLiga,300000.0,6.0,0.0,0.0,0.0,0.0,112.0,367,https://tmssl.akamaized.net/images/wappen/medium/367.png
Randy Nteka,Attacking Midfield,28,Rayo Vallecano,LaLiga,1200000.0,14.0,2.0,0.0,2.0,0.0,400.0,367,https://tmssl.akamaized.net/images/wappen/medium/367.png
Óscar Trejo,Attacking Midfield,38,Rayo Vallecano,LaLiga,400000.0,15.0,1.0,0.0,4.0,0.0,611.0,367,https://tmssl.akamaized.net/images/wappen/medium/367.png
Carlos Martín,Left Winger,24,Rayo Vallecano,LaLiga,2000000.0,11.0,0.0,0.0,1.0,0.0,506.0,367,https://tmssl.akamaized.net/images/wappen/medium/367.png
Álvaro García,Left Winger,33,Rayo Vallecano,LaLiga,1800000.0,47.0,12.0,11.0,4.0,0.0,2960.0,367,https://tmssl.akamaized.net/images/wappen/medium/367.png
Ilias Akhomach,Right Winger,22,Rayo Vallecano,LaLiga,12000000.0,30.0,2.0,3.0,7.0,0.0,1340.0,367,https://tmssl.akamaized.net/images/wappen/medium/367.png
Jorge de Frutos,Right Winger,29,Rayo Vallecano,LaLiga,12000000.0,47.0,12.0,4.0,4.0,0.0,2985.0,367,https://tmssl.akamaized.net/images/wappen/medium/367.png
Fran Pérez,Right Winger,23,Rayo Vallecano,LaLiga,3000000.0,38.0,7.0,2.0,5.0,0.0,1911.0,367,https://tmssl.akamaized.net/images/wappen/medium/367.png
Isi Palazón,Second Striker,31,Rayo Vallecano,LaLiga,3000000.0,48.0,7.0,7.0,12.0,2.0,3239.0,367,https://tmssl.akamaized.net/images/wappen/medium/367.png
Alemão,Centre-Forward,28,Rayo Vallecano,LaLiga,3000000.0,31.0,5.0,0.0,4.0,0.0,1420.0,367,https://tmssl.akamaized.net/images/wappen/medium/367.png
Sergio Camello,Centre-Forward,25,Rayo Vallecano,LaLiga,2000000.0,34.0,6.0,3.0,4.0,1.0,1385.0,367,https://tmssl.akamaized.net/images/wappen/medium/367.png
Odysseas Vlachodimos,Goalkeeper,32,Sevilla FC,LaLiga,4000000.0,31.0,0.0,0.0,1.0,0.0,2790.0,368,https://tmssl.akamaized.net/images/wappen/medium/368.png
Ørjan Nyland,Goalkeeper,35,Sevilla FC,LaLiga,900000.0,6.0,0.0,0.0,1.0,0.0,540.0,368,https://tmssl.akamaized.net/images/wappen/medium/368.png
Kike Salas,Centre-Back,24,Sevilla FC,LaLiga,8000000.0,24.0,2.0,0.0,1.0,0.0,2023.0,368,https://tmssl.akamaized.net/images/wappen/medium/368.png
Marcão,Centre-Back,29,Sevilla FC,LaLiga,2500000.0,13.0,1.0,0.0,3.0,0.0,937.0,368,https://tmssl.akamaized.net/images/wappen/medium/368.png
Fábio Cardoso,Centre-Back,32,Sevilla FC,LaLiga,2000000.0,5.0,0.0,0.0,0.0,0.0,388.0,368,https://tmssl.akamaized.net/images/wappen/medium/368.png
Andrés Castrín,Centre-Back,22,Sevilla FC,LaLiga,1500000.0,18.0,0.0,0.0,4.0,0.0,1204.0,368,https://tmssl.akamaized.net/images/wappen/medium/368.png
Tanguy Nianzou,Centre-Back,23,Sevilla FC,LaLiga,1400000.0,12.0,0.0,0.0,5.0,1.0,647.0,368,https://tmssl.akamaized.net/images/wappen/medium/368.png
César Azpilicueta,Centre-Back,36,Sevilla FC,LaLiga,1200000.0,15.0,0.0,1.0,4.0,0.0,1038.0,368,https://tmssl.akamaized.net/images/wappen/medium/368.png
Federico Gattoni,Centre-Back,27,Sevilla FC,LaLiga,1000000.0,1.0,0.0,0.0,0.0,0.0,9.0,368,https://tmssl.akamaized.net/images/wappen/medium/368.png
Gabriel Suazo,Left-Back,28,Sevilla FC,LaLiga,7000000.0,26.0,0.0,2.0,7.0,0.0,1793.0,368,https://tmssl.akamaized.net/images/wappen/medium/368.png
Oso,Left-Back,22,Sevilla FC,LaLiga,5000000.0,20.0,1.0,3.0,2.0,0.0,1377.0,368,https://tmssl.akamaized.net/images/wappen/medium/368.png
Juanlu Sánchez,Right-Back,22,Sevilla FC,LaLiga,15000000.0,32.0,0.0,3.0,3.0,0.0,2132.0,368,https://tmssl.akamaized.net/images/wappen/medium/368.png
José Ángel Carmona,Right-Back,24,Sevilla FC,LaLiga,12000000.0,34.0,1.0,3.0,12.0,0.0,2405.0,368,https://tmssl.akamaized.net/images/wappen/medium/368.png
Lucien Agoumé,Defensive Midfield,24,Sevilla FC,LaLiga,12000000.0,32.0,1.0,3.0,10.0,0.0,2535.0,368,https://tmssl.akamaized.net/images/wappen/medium/368.png
Batista Mendy,Defensive Midfield,26,Sevilla FC,LaLiga,10000000.0,28.0,1.0,0.0,6.0,0.0,1641.0,368,https://tmssl.akamaized.net/images/wappen/medium/368.png
Nemanja Gudelj,Defensive Midfield,34,Sevilla FC,LaLiga,2500000.0,33.0,2.0,0.0,9.0,0.0,2397.0,368,https://tmssl.akamaized.net/images/wappen/medium/368.png
Djibril Sow,Central Midfield,29,Sevilla FC,LaLiga,7500000.0,31.0,5.0,2.0,5.0,0.0,1991.0,368,https://tmssl.akamaized.net/images/wappen/medium/368.png
Joan Jordán,Central Midfield,31,Sevilla FC,LaLiga,2000000.0,5.0,0.0,0.0,1.0,1.0,166.0,368,https://tmssl.akamaized.net/images/wappen/medium/368.png
Manu Bueno,Central Midfield,21,Sevilla FC,LaLiga,1500000.0,10.0,0.0,2.0,2.0,0.0,428.0,368,https://tmssl.akamaized.net/images/wappen/medium/368.png
Rubén Vargas,Left Winger,27,Sevilla FC,LaLiga,12000000.0,21.0,3.0,5.0,1.0,0.0,1398.0,368,https://tmssl.akamaized.net/images/wappen/medium/368.png
Chidera Ejuke,Left Winger,28,Sevilla FC,LaLiga,4000000.0,26.0,1.0,1.0,0.0,0.0,877.0,368,https://tmssl.akamaized.net/images/wappen/medium/368.png
Adnan Januzaj,Right Winger,31,Sevilla FC,LaLiga,1200000.0,13.0,2.0,0.0,1.0,0.0,384.0,368,https://tmssl.akamaized.net/images/wappen/medium/368.png
Miguel Sierra,Right Winger,21,Sevilla FC,LaLiga,300000.0,5.0,0.0,0.0,0.0,0.0,65.0,368,https://tmssl.akamaized.net/images/wappen/medium/368.png
Peque Fernández,Second Striker,23,Sevilla FC,LaLiga,3500000.0,27.0,3.0,2.0,7.0,0.0,1084.0,368,https://tmssl.akamaized.net/images/wappen/medium/368.png
Alexis Sánchez,Second Striker,37,Sevilla FC,LaLiga,1400000.0,26.0,4.0,1.0,2.0,0.0,1235.0,368,https://tmssl.akamaized.net/images/wappen/medium/368.png
Akor Adams,Centre-Forward,26,Sevilla FC,LaLiga,12000000.0,29.0,8.0,4.0,2.0,0.0,1933.0,368,https://tmssl.akamaized.net/images/wappen/medium/368.png
Isaac Romero,Centre-Forward,26,Sevilla FC,LaLiga,5000000.0,28.0,5.0,2.0,7.0,1.0,1549.0,368,https://tmssl.akamaized.net/images/wappen/medium/368.png
Neal Maupay,Centre-Forward,29,Sevilla FC,LaLiga,4000000.0,11.0,3.0,1.0,1.0,0.0,723.0,368,https://tmssl.akamaized.net/images/wappen/medium/368.png
Leo Román,Goalkeeper,25,RCD Mallorca,LaLiga,6000000.0,29.0,0.0,0.0,4.0,0.0,2610.0,237,https://tmssl.akamaized.net/images/wappen/medium/237.png
Lucas Bergström,Goalkeeper,23,RCD Mallorca,LaLiga,1500000.0,7.0,0.0,0.0,1.0,0.0,630.0,237,https://tmssl.akamaized.net/images/wappen/medium/237.png
Iván Cuéllar,Goalkeeper,41,RCD Mallorca,LaLiga,100000.0,1.0,0.0,0.0,0.0,0.0,90.0,237,https://tmssl.akamaized.net/images/wappen/medium/237.png
Martin Valjent,Centre-Back,30,RCD Mallorca,LaLiga,4500000.0,35.0,0.0,0.0,6.0,0.0,3023.0,237,https://tmssl.akamaized.net/images/wappen/medium/237.png
Marash Kumbulla,Centre-Back,26,RCD Mallorca,LaLiga,4000000.0,10.0,0.0,0.0,1.0,0.0,594.0,237,https://tmssl.akamaized.net/images/wappen/medium/237.png
Antonio Raíllo,Centre-Back,34,RCD Mallorca,LaLiga,1500000.0,23.0,0.0,1.0,4.0,0.0,2033.0,237,https://tmssl.akamaized.net/images/wappen/medium/237.png
Johan Mojica,Left-Back,33,RCD Mallorca,LaLiga,1800000.0,33.0,0.0,4.0,6.0,0.0,2579.0,237,https://tmssl.akamaized.net/images/wappen/medium/237.png
Toni Lato,Left-Back,28,RCD Mallorca,LaLiga,1500000.0,12.0,0.0,1.0,3.0,0.0,584.0,237,https://tmssl.akamaized.net/images/wappen/medium/237.png
Pablo Maffeo,Right-Back,28,RCD Mallorca,LaLiga,5000000.0,29.0,1.0,1.0,10.0,0.0,2421.0,237,https://tmssl.akamaized.net/images/wappen/medium/237.png
Mateu Morey,Right-Back,26,RCD Mallorca,LaLiga,1500000.0,20.0,1.0,0.0,2.0,0.0,880.0,237,https://tmssl.akamaized.net/images/wappen/medium/237.png
Samú Costa,Defensive Midfield,25,RCD Mallorca,LaLiga,15000000.0,33.0,7.0,2.0,9.0,0.0,2569.0,237,https://tmssl.akamaized.net/images/wappen/medium/237.png
Omar Mascarell,Defensive Midfield,33,RCD Mallorca,LaLiga,800000.0,29.0,1.0,2.0,5.0,0.0,2115.0,237,https://tmssl.akamaized.net/images/wappen/medium/237.png
Sergi Darder,Central Midfield,32,RCD Mallorca,LaLiga,3500000.0,36.0,1.0,5.0,3.0,0.0,2384.0,237,https://tmssl.akamaized.net/images/wappen/medium/237.png
Antonio Sánchez,Central Midfield,29,RCD Mallorca,LaLiga,2400000.0,31.0,0.0,0.0,2.0,0.0,1267.0,237,https://tmssl.akamaized.net/images/wappen/medium/237.png
Manu Morlanes,Central Midfield,27,RCD Mallorca,LaLiga,2400000.0,29.0,2.0,0.0,3.0,0.0,1534.0,237,https://tmssl.akamaized.net/images/wappen/medium/237.png
Jan Salas,Central Midfield,20,RCD Mallorca,LaLiga,500000.0,2.0,0.0,0.0,0.0,0.0,15.0,237,https://tmssl.akamaized.net/images/wappen/medium/237.png
Pablo Torre,Attacking Midfield,23,RCD Mallorca,LaLiga,5000000.0,34.0,3.0,4.0,4.0,0.0,1562.0,237,https://tmssl.akamaized.net/images/wappen/medium/237.png
Jan Virgili,Left Winger,19,RCD Mallorca,LaLiga,15000000.0,30.0,2.0,6.0,0.0,1.0,1681.0,237,https://tmssl.akamaized.net/images/wappen/medium/237.png
Javi Llabrés,Left Winger,23,RCD Mallorca,LaLiga,800000.0,19.0,1.0,0.0,0.0,0.0,429.0,237,https://tmssl.akamaized.net/images/wappen/medium/237.png
Zito Luvumbo,Right Winger,24,RCD Mallorca,LaLiga,3500000.0,21.0,0.0,2.0,2.0,0.0,780.0,237,https://tmssl.akamaized.net/images/wappen/medium/237.png
Takuma Asano,Right Winger,31,RCD Mallorca,LaLiga,1800000.0,20.0,1.0,1.0,2.0,0.0,731.0,237,https://tmssl.akamaized.net/images/wappen/medium/237.png
Justin Kalumba,Right Winger,21,RCD Mallorca,LaLiga,800000.0,7.0,0.0,0.0,0.0,0.0,304.0,237,https://tmssl.akamaized.net/images/wappen/medium/237.png
Vedat Muriqi,Centre-Forward,32,RCD Mallorca,LaLiga,4500000.0,33.0,21.0,1.0,3.0,1.0,2777.0,237,https://tmssl.akamaized.net/images/wappen/medium/237.png
Mateo Joseph,Centre-Forward,22,RCD Mallorca,LaLiga,3500000.0,30.0,2.0,4.0,2.0,0.0,1716.0,237,https://tmssl.akamaized.net/images/wappen/medium/237.png
Abdón Prats,Centre-Forward,33,RCD Mallorca,LaLiga,900000.0,15.0,4.0,0.0,0.0,0.0,374.0,237,https://tmssl.akamaized.net/images/wappen/medium/237.png
Jonas Urbig,Goalkeeper,22,Bayern Munich,Bundesliga,15000000.0,17.0,0.0,0.0,0.0,0.0,1440.0,27,https://tmssl.akamaized.net/images/wappen/medium/27.png
Manuel Neuer,Goalkeeper,40,Bayern Munich,Bundesliga,4000000.0,35.0,0.0,0.0,3.0,0.0,3060.0,27,https://tmssl.akamaized.net/images/wappen/medium/27.png
Sven Ulreich,Goalkeeper,37,Bayern Munich,Bundesliga,500000.0,1.0,0.0,0.0,1.0,0.0,90.0,27,https://tmssl.akamaized.net/images/wappen/medium/27.png
Leon Klanac,Goalkeeper,19,Bayern Munich,Bundesliga,150000.0,0.0,0.0,0.0,0.0,0.0,0.0,27,https://tmssl.akamaized.net/images/wappen/medium/27.png
Dayot Upamecano,Centre-Back,27,Bayern Munich,Bundesliga,70000000.0,38.0,2.0,3.0,9.0,0.0,3031.0,27,https://tmssl.akamaized.net/images/wappen/medium/27.png
Jonathan Tah,Centre-Back,30,Bayern Munich,Bundesliga,30000000.0,45.0,3.0,2.0,9.0,0.0,3515.0,27,https://tmssl.akamaized.net/images/wappen/medium/27.png
Min-jae Kim,Centre-Back,29,Bayern Munich,Bundesliga,25000000.0,35.0,1.0,1.0,2.0,0.0,1984.0,27,https://tmssl.akamaized.net/images/wappen/medium/27.png
Hiroki Ito,Centre-Back,27,Bayern Munich,Bundesliga,18000000.0,21.0,1.0,2.0,0.0,0.0,964.0,27,https://tmssl.akamaized.net/images/wappen/medium/27.png
Alphonso Davies,Left-Back,25,Bayern Munich,Bundesliga,45000000.0,22.0,1.0,4.0,1.0,0.0,819.0,27,https://tmssl.akamaized.net/images/wappen/medium/27.png
Josip Stanisic,Right-Back,26,Bayern Munich,Bundesliga,35000000.0,39.0,3.0,7.0,4.0,0.0,2861.0,27,https://tmssl.akamaized.net/images/wappen/medium/27.png
Konrad Laimer,Right-Back,28,Bayern Munich,Bundesliga,32000000.0,43.0,3.0,12.0,13.0,0.0,3027.0,27,https://tmssl.akamaized.net/images/wappen/medium/27.png
Aleksandar Pavlovic,Defensive Midfield,22,Bayern Munich,Bundesliga,75000000.0,42.0,4.0,2.0,5.0,0.0,2906.0,27,https://tmssl.akamaized.net/images/wappen/medium/27.png
Joshua Kimmich,Defensive Midfield,31,Bayern Munich,Bundesliga,40000000.0,45.0,2.0,11.0,7.0,0.0,3713.0,27,https://tmssl.akamaized.net/images/wappen/medium/27.png
David Santos Daiber,Defensive Midfield,19,Bayern Munich,Bundesliga,3000000.0,2.0,0.0,0.0,0.0,0.0,27.0,27,https://tmssl.akamaized.net/images/wappen/medium/27.png
Tom Bischof,Central Midfield,20,Bayern Munich,Bundesliga,40000000.0,35.0,2.0,3.0,3.0,0.0,1474.0,27,https://tmssl.akamaized.net/images/wappen/medium/27.png
Leon Goretzka,Central Midfield,31,Bayern Munich,Bundesliga,15000000.0,45.0,5.0,4.0,4.0,0.0,2220.0,27,https://tmssl.akamaized.net/images/wappen/medium/27.png
Bara Sapoko Ndiaye,Central Midfield,18,Bayern Munich,Bundesliga,300000.0,4.0,0.0,0.0,0.0,0.0,142.0,27,https://tmssl.akamaized.net/images/wappen/medium/27.png
Jamal Musiala,Attacking Midfield,23,Bayern Munich,Bundesliga,120000000.0,20.0,5.0,6.0,2.0,0.0,874.0,27,https://tmssl.akamaized.net/images/wappen/medium/27.png
Lennart Karl,Attacking Midfield,18,Bayern Munich,Bundesliga,60000000.0,35.0,9.0,7.0,1.0,0.0,1824.0,27,https://tmssl.akamaized.net/images/wappen/medium/27.png
Raphaël Guerreiro,Attacking Midfield,32,Bayern Munich,Bundesliga,6000000.0,27.0,6.0,3.0,0.0,0.0,1187.0,27,https://tmssl.akamaized.net/images/wappen/medium/27.png
Luis Díaz,Left Winger,29,Bayern Munich,Bundesliga,70000000.0,47.0,26.0,21.0,7.0,1.0,3760.0,27,https://tmssl.akamaized.net/images/wappen/medium/27.png
Michael Olise,Right Winger,24,Bayern Munich,Bundesliga,140000000.0,48.0,21.0,30.0,12.0,0.0,3716.0,27,https://tmssl.akamaized.net/images/wappen/medium/27.png
Serge Gnabry,Second Striker,30,Bayern Munich,Bundesliga,20000000.0,37.0,10.0,11.0,1.0,0.0,2041.0,27,https://tmssl.akamaized.net/images/wappen/medium/27.png
Harry Kane,Centre-Forward,32,Bayern Munich,Bundesliga,65000000.0,47.0,54.0,7.0,3.0,0.0,3690.0,27,https://tmssl.akamaized.net/images/wappen/medium/27.png
Nicolas Jackson,Centre-Forward,24,Bayern Munich,Bundesliga,40000000.0,31.0,10.0,4.0,2.0,1.0,1242.0,27,https://tmssl.akamaized.net/images/wappen/medium/27.png
Maarten Vandevoordt,Goalkeeper,24,RB Leipzig,Bundesliga,8000000.0,15.0,0.0,0.0,1.0,0.0,1321.0,23826,https://tmssl.akamaized.net/images/wappen/medium/23826.png
Péter Gulácsi,Goalkeeper,36,RB Leipzig,Bundesliga,2000000.0,22.0,0.0,0.0,1.0,0.0,1919.0,23826,https://tmssl.akamaized.net/images/wappen/medium/23826.png
Leopold Zingerle,Goalkeeper,32,RB Leipzig,Bundesliga,400000.0,0.0,0.0,0.0,0.0,0.0,0.0,23826,https://tmssl.akamaized.net/images/wappen/medium/23826.png
Castello Lukeba,Centre-Back,23,RB Leipzig,Bundesliga,45000000.0,27.0,1.0,1.0,2.0,0.0,2267.0,23826,https://tmssl.akamaized.net/images/wappen/medium/23826.png
El Chadaille Bitshiabu,Centre-Back,21,RB Leipzig,Bundesliga,15000000.0,14.0,0.0,0.0,0.0,0.0,746.0,23826,https://tmssl.akamaized.net/images/wappen/medium/23826.png
Willi Orbán,Centre-Back,33,RB Leipzig,Bundesliga,6000000.0,35.0,2.0,2.0,4.0,0.0,3130.0,23826,https://tmssl.akamaized.net/images/wappen/medium/23826.png
Lukas Klostermann,Centre-Back,29,RB Leipzig,Bundesliga,3500000.0,7.0,0.0,1.0,0.0,0.0,168.0,23826,https://tmssl.akamaized.net/images/wappen/medium/23826.png
David Raum,Left-Back,28,RB Leipzig,Bundesliga,22000000.0,33.0,3.0,8.0,7.0,0.0,2847.0,23826,https://tmssl.akamaized.net/images/wappen/medium/23826.png
Max Finkgräfe,Left-Back,22,RB Leipzig,Bundesliga,3000000.0,12.0,1.0,1.0,2.0,0.0,399.0,23826,https://tmssl.akamaized.net/images/wappen/medium/23826.png
Ridle Baku,Right-Back,28,RB Leipzig,Bundesliga,12000000.0,33.0,2.0,4.0,5.0,0.0,2641.0,23826,https://tmssl.akamaized.net/images/wappen/medium/23826.png
Benjamin Henrichs,Right-Back,29,RB Leipzig,Bundesliga,9000000.0,15.0,1.0,0.0,0.0,0.0,235.0,23826,https://tmssl.akamaized.net/images/wappen/medium/23826.png
Kosta Nedeljkovic,Right-Back,20,RB Leipzig,Bundesliga,6000000.0,6.0,0.0,0.0,0.0,0.0,297.0,23826,https://tmssl.akamaized.net/images/wappen/medium/23826.png
Nicolas Seiwald,Defensive Midfield,25,RB Leipzig,Bundesliga,22000000.0,35.0,0.0,2.0,3.0,0.0,2952.0,23826,https://tmssl.akamaized.net/images/wappen/medium/23826.png
Assan Ouédraogo,Central Midfield,20,RB Leipzig,Bundesliga,28000000.0,18.0,3.0,4.0,0.0,0.0,801.0,23826,https://tmssl.akamaized.net/images/wappen/medium/23826.png
Ezechiel Banzuzi,Central Midfield,21,RB Leipzig,Bundesliga,18000000.0,28.0,2.0,1.0,5.0,0.0,753.0,23826,https://tmssl.akamaized.net/images/wappen/medium/23826.png
Xaver Schlager,Central Midfield,28,RB Leipzig,Bundesliga,10000000.0,29.0,2.0,1.0,6.0,0.0,1977.0,23826,https://tmssl.akamaized.net/images/wappen/medium/23826.png
Christoph Baumgartner,Attacking Midfield,26,RB Leipzig,Bundesliga,30000000.0,35.0,17.0,8.0,9.0,0.0,2839.0,23826,https://tmssl.akamaized.net/images/wappen/medium/23826.png
Brajan Gruda,Attacking Midfield,21,RB Leipzig,Bundesliga,28000000.0,32.0,6.0,6.0,3.0,0.0,1521.0,23826,https://tmssl.akamaized.net/images/wappen/medium/23826.png
Andrija Maksimovic,Attacking Midfield,18,RB Leipzig,Bundesliga,12000000.0,10.0,0.0,0.0,0.0,0.0,108.0,23826,https://tmssl.akamaized.net/images/wappen/medium/23826.png
Viggo Gebel,Attacking Midfield,18,RB Leipzig,Bundesliga,350000.0,0.0,0.0,0.0,0.0,0.0,0.0,23826,https://tmssl.akamaized.net/images/wappen/medium/23826.png
Yan Diomande,Left Winger,19,RB Leipzig,Bundesliga,75000000.0,34.0,13.0,9.0,2.0,0.0,2554.0,23826,https://tmssl.akamaized.net/images/wappen/medium/23826.png
Antonio Nusa,Left Winger,21,RB Leipzig,Bundesliga,32000000.0,33.0,5.0,4.0,0.0,0.0,2287.0,23826,https://tmssl.akamaized.net/images/wappen/medium/23826.png
Suleman Sani,Left Winger,19,RB Leipzig,Bundesliga,5000000.0,0.0,0.0,0.0,0.0,0.0,0.0,23826,https://tmssl.akamaized.net/images/wappen/medium/23826.png
Tidiam Gomis,Left Winger,19,RB Leipzig,Bundesliga,5000000.0,20.0,1.0,0.0,1.0,0.0,372.0,23826,https://tmssl.akamaized.net/images/wappen/medium/23826.png
Ayodele Thomas,Left Winger,18,RB Leipzig,Bundesliga,1000000.0,0.0,0.0,0.0,0.0,0.0,0.0,23826,https://tmssl.akamaized.net/images/wappen/medium/23826.png
Johan Bakayoko,Right Winger,23,RB Leipzig,Bundesliga,22000000.0,21.0,3.0,0.0,1.0,0.0,882.0,23826,https://tmssl.akamaized.net/images/wappen/medium/23826.png
Rômulo,Centre-Forward,24,RB Leipzig,Bundesliga,30000000.0,30.0,9.0,4.0,4.0,0.0,2243.0,23826,https://tmssl.akamaized.net/images/wappen/medium/23826.png
Conrad Harder,Centre-Forward,21,RB Leipzig,Bundesliga,20000000.0,31.0,3.0,4.0,3.0,0.0,975.0,23826,https://tmssl.akamaized.net/images/wappen/medium/23826.png
Samba Konaté,Centre-Forward,17,RB Leipzig,Bundesliga,1000000.0,1.0,0.0,0.0,0.0,0.0,3.0,23826,https://tmssl.akamaized.net/images/wappen/medium/23826.png
Sander Tangvik,Goalkeeper,23,Hamburger SV,Bundesliga,3000000.0,0.0,0.0,0.0,0.0,0.0,0.0,41,https://tmssl.akamaized.net/images/wappen/medium/41.png
Daniel Heuer Fernandes,Goalkeeper,33,Hamburger SV,Bundesliga,1200000.0,33.0,0.0,0.0,3.0,0.0,3000.0,41,https://tmssl.akamaized.net/images/wappen/medium/41.png
Hannes Hermann,Goalkeeper,21,Hamburger SV,Bundesliga,150000.0,0.0,0.0,0.0,0.0,0.0,0.0,41,https://tmssl.akamaized.net/images/wappen/medium/41.png
Luka Vuskovic,Centre-Back,19,Hamburger SV,Bundesliga,60000000.0,28.0,5.0,1.0,5.0,0.0,2472.0,41,https://tmssl.akamaized.net/images/wappen/medium/41.png
Nicolás Capaldo,Centre-Back,27,Hamburger SV,Bundesliga,5000000.0,25.0,1.0,2.0,8.0,0.0,1950.0,41,https://tmssl.akamaized.net/images/wappen/medium/41.png
Jordan Torunarigha,Centre-Back,28,Hamburger SV,Bundesliga,4000000.0,26.0,0.0,0.0,4.0,0.0,2132.0,41,https://tmssl.akamaized.net/images/wappen/medium/41.png
Daniel Elfadli,Centre-Back,29,Hamburger SV,Bundesliga,3500000.0,23.0,0.0,0.0,4.0,0.0,1463.0,41,https://tmssl.akamaized.net/images/wappen/medium/41.png
Warmed Omari,Centre-Back,26,Hamburger SV,Bundesliga,3500000.0,19.0,0.0,1.0,0.0,0.0,1561.0,41,https://tmssl.akamaized.net/images/wappen/medium/41.png
Shafiq Nandja,Centre-Back,19,Hamburger SV,Bundesliga,175000.0,0.0,0.0,0.0,0.0,0.0,0.0,41,https://tmssl.akamaized.net/images/wappen/medium/41.png
Miro Muheim,Left-Back,28,Hamburger SV,Bundesliga,5000000.0,31.0,0.0,6.0,7.0,1.0,2740.0,41,https://tmssl.akamaized.net/images/wappen/medium/41.png
Noah Katterbach,Left-Back,25,Hamburger SV,Bundesliga,600000.0,0.0,0.0,0.0,0.0,0.0,0.0,41,https://tmssl.akamaized.net/images/wappen/medium/41.png
William Mikelbrencis,Right-Back,22,Hamburger SV,Bundesliga,3000000.0,25.0,0.0,4.0,3.0,0.0,1371.0,41,https://tmssl.akamaized.net/images/wappen/medium/41.png
Giorgi Gocholeishvili,Right-Back,25,Hamburger SV,Bundesliga,2500000.0,27.0,0.0,1.0,1.0,0.0,1150.0,41,https://tmssl.akamaized.net/images/wappen/medium/41.png
Nicolai Remberg,Defensive Midfield,25,Hamburger SV,Bundesliga,7000000.0,32.0,0.0,2.0,13.0,0.0,2809.0,41,https://tmssl.akamaized.net/images/wappen/medium/41.png
Albert Sambi Lokonga,Central Midfield,26,Hamburger SV,Bundesliga,10000000.0,24.0,5.0,0.0,3.0,0.0,1544.0,41,https://tmssl.akamaized.net/images/wappen/medium/41.png
Fábio Vieira,Attacking Midfield,25,Hamburger SV,Bundesliga,18000000.0,29.0,6.0,6.0,2.0,1.0,2260.0,41,https://tmssl.akamaized.net/images/wappen/medium/41.png
Albert Grønbæk,Attacking Midfield,24,Hamburger SV,Bundesliga,5000000.0,11.0,1.0,1.0,1.0,0.0,541.0,41,https://tmssl.akamaized.net/images/wappen/medium/41.png
Omar Megeed,Attacking Midfield,20,Hamburger SV,Bundesliga,150000.0,0.0,0.0,0.0,0.0,0.0,0.0,41,https://tmssl.akamaized.net/images/wappen/medium/41.png
Philip Otele,Left Winger,27,Hamburger SV,Bundesliga,5000000.0,9.0,1.0,1.0,3.0,1.0,477.0,41,https://tmssl.akamaized.net/images/wappen/medium/41.png
Alexander Røssing-Lelesiit,Left Winger,19,Hamburger SV,Bundesliga,5000000.0,14.0,0.0,1.0,0.0,0.0,490.0,41,https://tmssl.akamaized.net/images/wappen/medium/41.png
Jean-Luc Dompé,Left Winger,30,Hamburger SV,Bundesliga,3500000.0,21.0,3.0,0.0,0.0,0.0,1176.0,41,https://tmssl.akamaized.net/images/wappen/medium/41.png
Fábio Baldé,Left Winger,20,Hamburger SV,Bundesliga,3000000.0,15.0,0.0,1.0,1.0,0.0,477.0,41,https://tmssl.akamaized.net/images/wappen/medium/41.png
Rayan Philippe,Right Winger,25,Hamburger SV,Bundesliga,4000000.0,29.0,5.0,0.0,2.0,0.0,1452.0,41,https://tmssl.akamaized.net/images/wappen/medium/41.png
Bakery Jatta,Right Winger,27,Hamburger SV,Bundesliga,1000000.0,15.0,1.0,1.0,1.0,0.0,874.0,41,https://tmssl.akamaized.net/images/wappen/medium/41.png
Damion Downs,Centre-Forward,21,Hamburger SV,Bundesliga,6000000.0,12.0,0.0,0.0,0.0,0.0,537.0,41,https://tmssl.akamaized.net/images/wappen/medium/41.png
Ransford Königsdörffer,Centre-Forward,24,Hamburger SV,Bundesliga,4000000.0,35.0,6.0,0.0,2.0,0.0,2540.0,41,https://tmssl.akamaized.net/images/wappen/medium/41.png
Otto Stange,Centre-Forward,19,Hamburger SV,Bundesliga,2500000.0,9.0,0.0,0.0,0.0,0.0,221.0,41,https://tmssl.akamaized.net/images/wappen/medium/41.png
Robert Glatzel,Centre-Forward,32,Hamburger SV,Bundesliga,1500000.0,21.0,4.0,2.0,0.0,0.0,713.0,41,https://tmssl.akamaized.net/images/wappen/medium/41.png
Yussuf Poulsen,Centre-Forward,31,Hamburger SV,Bundesliga,1500000.0,14.0,1.0,0.0,4.0,0.0,299.0,41,https://tmssl.akamaized.net/images/wappen/medium/41.png
Gregor Kobel,Goalkeeper,28,Borussia Dortmund,Bundesliga,40000000.0,45.0,0.0,0.0,2.0,0.0,4080.0,16,https://tmssl.akamaized.net/images/wappen/medium/16.png
Alexander Meyer,Goalkeeper,35,Borussia Dortmund,Bundesliga,800000.0,0.0,0.0,0.0,0.0,0.0,0.0,16,https://tmssl.akamaized.net/images/wappen/medium/16.png
Patrick Drewes,Goalkeeper,33,Borussia Dortmund,Bundesliga,400000.0,0.0,0.0,0.0,0.0,0.0,0.0,16,https://tmssl.akamaized.net/images/wappen/medium/16.png
Silas Ostrzinski,Goalkeeper,22,Borussia Dortmund,Bundesliga,200000.0,0.0,0.0,0.0,0.0,0.0,0.0,16,https://tmssl.akamaized.net/images/wappen/medium/16.png
Nico Schlotterbeck,Centre-Back,26,Borussia Dortmund,Bundesliga,55000000.0,35.0,4.0,2.0,8.0,1.0,3110.0,16,https://tmssl.akamaized.net/images/wappen/medium/16.png
Waldemar Anton,Centre-Back,29,Borussia Dortmund,Bundesliga,18000000.0,42.0,3.0,0.0,6.0,0.0,3747.0,16,https://tmssl.akamaized.net/images/wappen/medium/16.png
Ramy Bensebaini,Centre-Back,31,Borussia Dortmund,Bundesliga,7000000.0,32.0,7.0,3.0,8.0,0.0,2396.0,16,https://tmssl.akamaized.net/images/wappen/medium/16.png
Luca Reggiani,Centre-Back,18,Borussia Dortmund,Bundesliga,5000000.0,7.0,1.0,0.0,2.0,0.0,425.0,16,https://tmssl.akamaized.net/images/wappen/medium/16.png
Emre Can,Centre-Back,32,Borussia Dortmund,Bundesliga,4000000.0,16.0,3.0,0.0,5.0,0.0,980.0,16,https://tmssl.akamaized.net/images/wappen/medium/16.png
Niklas Süle,Centre-Back,30,Borussia Dortmund,Bundesliga,4000000.0,12.0,0.0,1.0,4.0,0.0,630.0,16,https://tmssl.akamaized.net/images/wappen/medium/16.png
Filippo Mane,Centre-Back,21,Borussia Dortmund,Bundesliga,2500000.0,6.0,0.0,0.0,0.0,1.0,311.0,16,https://tmssl.akamaized.net/images/wappen/medium/16.png
Daniel Svensson,Left-Back,24,Borussia Dortmund,Bundesliga,22000000.0,44.0,4.0,2.0,2.0,1.0,3372.0,16,https://tmssl.akamaized.net/images/wappen/medium/16.png
Almugera Kabar,Left-Back,19,Borussia Dortmund,Bundesliga,3000000.0,1.0,0.0,0.0,0.0,0.0,14.0,16,https://tmssl.akamaized.net/images/wappen/medium/16.png
Julian Ryerson,Right-Back,28,Borussia Dortmund,Bundesliga,25000000.0,40.0,0.0,16.0,10.0,0.0,2889.0,16,https://tmssl.akamaized.net/images/wappen/medium/16.png
Salih Özcan,Defensive Midfield,28,Borussia Dortmund,Bundesliga,3500000.0,11.0,0.0,0.0,0.0,0.0,62.0,16,https://tmssl.akamaized.net/images/wappen/medium/16.png
Felix Nmecha,Central Midfield,25,Borussia Dortmund,Bundesliga,50000000.0,40.0,5.0,3.0,0.0,0.0,3031.0,16,https://tmssl.akamaized.net/images/wappen/medium/16.png
Jobe Bellingham,Central Midfield,20,Borussia Dortmund,Bundesliga,30000000.0,43.0,0.0,4.0,3.0,1.0,2508.0,16,https://tmssl.akamaized.net/images/wappen/medium/16.png
Carney Chukwuemeka,Central Midfield,22,Borussia Dortmund,Bundesliga,20000000.0,37.0,3.0,2.0,2.0,0.0,1204.0,16,https://tmssl.akamaized.net/images/wappen/medium/16.png
Marcel Sabitzer,Central Midfield,32,Borussia Dortmund,Bundesliga,7000000.0,33.0,1.0,4.0,3.0,0.0,2269.0,16,https://tmssl.akamaized.net/images/wappen/medium/16.png
Yan Couto,Right Midfield,23,Borussia Dortmund,Bundesliga,20000000.0,26.0,2.0,3.0,4.0,0.0,1499.0,16,https://tmssl.akamaized.net/images/wappen/medium/16.png
Julian Brandt,Attacking Midfield,30,Borussia Dortmund,Bundesliga,20000000.0,39.0,11.0,4.0,0.0,0.0,2108.0,16,https://tmssl.akamaized.net/images/wappen/medium/16.png
Karim Adeyemi,Right Winger,24,Borussia Dortmund,Bundesliga,50000000.0,37.0,10.0,5.0,7.0,0.0,1813.0,16,https://tmssl.akamaized.net/images/wappen/medium/16.png
Samuele Inácio,Second Striker,18,Borussia Dortmund,Bundesliga,3000000.0,5.0,0.0,0.0,1.0,0.0,224.0,16,https://tmssl.akamaized.net/images/wappen/medium/16.png
Serhou Guirassy,Centre-Forward,30,Borussia Dortmund,Bundesliga,40000000.0,44.0,20.0,6.0,3.0,0.0,3061.0,16,https://tmssl.akamaized.net/images/wappen/medium/16.png
Maximilian Beier,Centre-Forward,23,Borussia Dortmund,Bundesliga,40000000.0,42.0,10.0,8.0,4.0,0.0,2577.0,16,https://tmssl.akamaized.net/images/wappen/medium/16.png
Fábio Silva,Centre-Forward,23,Borussia Dortmund,Bundesliga,28000000.0,37.0,3.0,7.0,5.0,0.0,1162.0,16,https://tmssl.akamaized.net/images/wappen/medium/16.png
Alexander Nübel,Goalkeeper,29,VfB Stuttgart,Bundesliga,12000000.0,46.0,0.0,2.0,0.0,0.0,4200.0,79,https://tmssl.akamaized.net/images/wappen/medium/79.png
Florian Hellstern,Goalkeeper,18,VfB Stuttgart,Bundesliga,2500000.0,0.0,0.0,0.0,0.0,0.0,0.0,79,https://tmssl.akamaized.net/images/wappen/medium/79.png
Fabian Bredlow,Goalkeeper,31,VfB Stuttgart,Bundesliga,800000.0,4.0,0.0,0.0,0.0,0.0,360.0,79,https://tmssl.akamaized.net/images/wappen/medium/79.png
Stefan Drljaca,Goalkeeper,27,VfB Stuttgart,Bundesliga,300000.0,0.0,0.0,0.0,0.0,0.0,0.0,79,https://tmssl.akamaized.net/images/wappen/medium/79.png
Finn Jeltsch,Centre-Back,19,VfB Stuttgart,Bundesliga,30000000.0,35.0,0.0,1.0,5.0,0.0,2438.0,79,https://tmssl.akamaized.net/images/wappen/medium/79.png
Ramon Hendriks,Centre-Back,24,VfB Stuttgart,Bundesliga,20000000.0,47.0,0.0,4.0,5.0,0.0,3147.0,79,https://tmssl.akamaized.net/images/wappen/medium/79.png
Jeff Chabot,Centre-Back,28,VfB Stuttgart,Bundesliga,15000000.0,38.0,0.0,0.0,8.0,0.0,3252.0,79,https://tmssl.akamaized.net/images/wappen/medium/79.png
Luca Jaquez,Centre-Back,22,VfB Stuttgart,Bundesliga,10000000.0,23.0,1.0,1.0,2.0,0.0,1530.0,79,https://tmssl.akamaized.net/images/wappen/medium/79.png
Ameen Al-Dakhil,Centre-Back,24,VfB Stuttgart,Bundesliga,4000000.0,8.0,0.0,0.0,1.0,0.0,376.0,79,https://tmssl.akamaized.net/images/wappen/medium/79.png
Dan-Axel Zagadou,Centre-Back,26,VfB Stuttgart,Bundesliga,2000000.0,5.0,0.0,1.0,0.0,0.0,224.0,79,https://tmssl.akamaized.net/images/wappen/medium/79.png
Maximilian Mittelstädt,Left-Back,29,VfB Stuttgart,Bundesliga,18000000.0,47.0,6.0,6.0,6.0,0.0,3464.0,79,https://tmssl.akamaized.net/images/wappen/medium/79.png
Josha Vagnoman,Right-Back,25,VfB Stuttgart,Bundesliga,10000000.0,38.0,2.0,4.0,3.0,0.0,2035.0,79,https://tmssl.akamaized.net/images/wappen/medium/79.png
Lorenz Assignon,Right-Back,25,VfB Stuttgart,Bundesliga,10000000.0,36.0,1.0,3.0,7.0,1.0,2118.0,79,https://tmssl.akamaized.net/images/wappen/medium/79.png
Pascal Stenzel,Right-Back,30,VfB Stuttgart,Bundesliga,1200000.0,2.0,0.0,0.0,2.0,0.0,107.0,79,https://tmssl.akamaized.net/images/wappen/medium/79.png
Angelo Stiller,Defensive Midfield,25,VfB Stuttgart,Bundesliga,45000000.0,49.0,2.0,10.0,3.0,0.0,3979.0,79,https://tmssl.akamaized.net/images/wappen/medium/79.png
Chema Andrés,Defensive Midfield,21,VfB Stuttgart,Bundesliga,15000000.0,36.0,3.0,2.0,5.0,0.0,1675.0,79,https://tmssl.akamaized.net/images/wappen/medium/79.png
Atakan Karazor,Defensive Midfield,29,VfB Stuttgart,Bundesliga,9000000.0,44.0,2.0,1.0,6.0,1.0,3197.0,79,https://tmssl.akamaized.net/images/wappen/medium/79.png
Mirza Catovic,Defensive Midfield,19,VfB Stuttgart,Bundesliga,3000000.0,0.0,0.0,0.0,0.0,0.0,0.0,79,https://tmssl.akamaized.net/images/wappen/medium/79.png
Nikolas Nartey,Central Midfield,26,VfB Stuttgart,Bundesliga,7000000.0,35.0,3.0,3.0,3.0,0.0,1326.0,79,https://tmssl.akamaized.net/images/wappen/medium/79.png
Bilal El Khannouss,Attacking Midfield,22,VfB Stuttgart,Bundesliga,32000000.0,39.0,9.0,7.0,11.0,0.0,2554.0,79,https://tmssl.akamaized.net/images/wappen/medium/79.png
Chris Führich,Left Winger,28,VfB Stuttgart,Bundesliga,10000000.0,49.0,8.0,8.0,2.0,0.0,2396.0,79,https://tmssl.akamaized.net/images/wappen/medium/79.png
Justin Diehl,Left Winger,21,VfB Stuttgart,Bundesliga,1800000.0,0.0,0.0,0.0,0.0,0.0,0.0,79,https://tmssl.akamaized.net/images/wappen/medium/79.png
Jamie Leweling,Right Winger,25,VfB Stuttgart,Bundesliga,40000000.0,47.0,11.0,11.0,6.0,0.0,3270.0,79,https://tmssl.akamaized.net/images/wappen/medium/79.png
Tiago Tomás,Right Winger,23,VfB Stuttgart,Bundesliga,15000000.0,36.0,8.0,4.0,4.0,0.0,1589.0,79,https://tmssl.akamaized.net/images/wappen/medium/79.png
Badredine Bouanani,Right Winger,21,VfB Stuttgart,Bundesliga,12000000.0,32.0,2.0,2.0,2.0,0.0,1247.0,79,https://tmssl.akamaized.net/images/wappen/medium/79.png
Lazar Jovanovic,Right Winger,19,VfB Stuttgart,Bundesliga,3500000.0,6.0,0.0,0.0,1.0,0.0,124.0,79,https://tmssl.akamaized.net/images/wappen/medium/79.png
Noah Darvich,Right Winger,19,VfB Stuttgart,Bundesliga,3000000.0,0.0,0.0,0.0,0.0,0.0,0.0,79,https://tmssl.akamaized.net/images/wappen/medium/79.png
Ermedin Demirovic,Centre-Forward,28,VfB Stuttgart,Bundesliga,22000000.0,35.0,14.0,4.0,6.0,0.0,2107.0,79,https://tmssl.akamaized.net/images/wappen/medium/79.png
Deniz Undav,Centre-Forward,29,VfB Stuttgart,Bundesliga,22000000.0,43.0,24.0,13.0,8.0,0.0,3397.0,79,https://tmssl.akamaized.net/images/wappen/medium/79.png
Jeremy Arévalo,Centre-Forward,21,VfB Stuttgart,Bundesliga,7000000.0,7.0,0.0,1.0,0.0,0.0,32.0,79,https://tmssl.akamaized.net/images/wappen/medium/79.png
Kauã Santos,Goalkeeper,23,Eintracht Frankfurt,Bundesliga,7000000.0,16.0,0.0,0.0,0.0,0.0,1355.0,24,https://tmssl.akamaized.net/images/wappen/medium/24.png
Michael Zetterer,Goalkeeper,30,Eintracht Frankfurt,Bundesliga,4500000.0,27.0,0.0,0.0,2.0,0.0,2455.0,24,https://tmssl.akamaized.net/images/wappen/medium/24.png
Jens Grahl,Goalkeeper,37,Eintracht Frankfurt,Bundesliga,200000.0,1.0,0.0,0.0,0.0,0.0,90.0,24,https://tmssl.akamaized.net/images/wappen/medium/24.png
Arthur Theate,Centre-Back,25,Eintracht Frankfurt,Bundesliga,20000000.0,32.0,1.0,1.0,8.0,0.0,2894.0,24,https://tmssl.akamaized.net/images/wappen/medium/24.png
Nnamdi Collins,Centre-Back,22,Eintracht Frankfurt,Bundesliga,20000000.0,30.0,1.0,2.0,5.0,0.0,2032.0,24,https://tmssl.akamaized.net/images/wappen/medium/24.png
Robin Koch,Centre-Back,29,Eintracht Frankfurt,Bundesliga,15000000.0,40.0,3.0,3.0,1.0,0.0,3575.0,24,https://tmssl.akamaized.net/images/wappen/medium/24.png
Aurèle Amenda,Centre-Back,22,Eintracht Frankfurt,Bundesliga,8000000.0,27.0,0.0,0.0,5.0,0.0,1719.0,24,https://tmssl.akamaized.net/images/wappen/medium/24.png
Nathaniel Brown,Left-Back,22,Eintracht Frankfurt,Bundesliga,35000000.0,40.0,4.0,6.0,4.0,0.0,3281.0,24,https://tmssl.akamaized.net/images/wappen/medium/24.png
Keita Kosugi,Left-Back,20,Eintracht Frankfurt,Bundesliga,6000000.0,0.0,0.0,0.0,0.0,0.0,0.0,24,https://tmssl.akamaized.net/images/wappen/medium/24.png
Rasmus Kristensen,Right-Back,28,Eintracht Frankfurt,Bundesliga,12000000.0,27.0,3.0,0.0,6.0,0.0,2001.0,24,https://tmssl.akamaized.net/images/wappen/medium/24.png
Elias Baum,Right-Back,20,Eintracht Frankfurt,Bundesliga,4000000.0,5.0,0.0,0.0,0.0,0.0,71.0,24,https://tmssl.akamaized.net/images/wappen/medium/24.png
Timothy Chandler,Right-Back,36,Eintracht Frankfurt,Bundesliga,350000.0,0.0,0.0,0.0,0.0,0.0,0.0,24,https://tmssl.akamaized.net/images/wappen/medium/24.png
Ellyes Skhiri,Defensive Midfield,31,Eintracht Frankfurt,Bundesliga,6000000.0,32.0,0.0,0.0,1.0,0.0,1674.0,24,https://tmssl.akamaized.net/images/wappen/medium/24.png
Hugo Larsson,Central Midfield,21,Eintracht Frankfurt,Bundesliga,32000000.0,34.0,2.0,3.0,0.0,0.0,2481.0,24,https://tmssl.akamaized.net/images/wappen/medium/24.png
Oscar Højlund,Central Midfield,21,Eintracht Frankfurt,Bundesliga,10000000.0,28.0,1.0,2.0,2.0,0.0,1219.0,24,https://tmssl.akamaized.net/images/wappen/medium/24.png
Mahmoud Dahoud,Central Midfield,30,Eintracht Frankfurt,Bundesliga,2000000.0,17.0,2.0,2.0,0.0,0.0,740.0,24,https://tmssl.akamaized.net/images/wappen/medium/24.png
Can Uzun,Attacking Midfield,20,Eintracht Frankfurt,Bundesliga,45000000.0,26.0,9.0,6.0,3.0,0.0,1376.0,24,https://tmssl.akamaized.net/images/wappen/medium/24.png
Farès Chaïbi,Attacking Midfield,23,Eintracht Frankfurt,Bundesliga,15000000.0,36.0,3.0,10.0,2.0,0.0,2404.0,24,https://tmssl.akamaized.net/images/wappen/medium/24.png
Love Arrhov,Attacking Midfield,18,Eintracht Frankfurt,Bundesliga,5000000.0,5.0,0.0,0.0,1.0,0.0,62.0,24,https://tmssl.akamaized.net/images/wappen/medium/24.png
Mario Götze,Attacking Midfield,33,Eintracht Frankfurt,Bundesliga,3500000.0,27.0,0.0,2.0,1.0,0.0,1278.0,24,https://tmssl.akamaized.net/images/wappen/medium/24.png
Jean-Mattéo Bahoya,Left Winger,21,Eintracht Frankfurt,Bundesliga,25000000.0,35.0,4.0,4.0,2.0,0.0,1596.0,24,https://tmssl.akamaized.net/images/wappen/medium/24.png
Ritsu Doan,Right Winger,27,Eintracht Frankfurt,Bundesliga,20000000.0,38.0,7.0,6.0,6.0,0.0,2885.0,24,https://tmssl.akamaized.net/images/wappen/medium/24.png
Ansgar Knauff,Right Winger,24,Eintracht Frankfurt,Bundesliga,15000000.0,36.0,7.0,3.0,4.0,0.0,1949.0,24,https://tmssl.akamaized.net/images/wappen/medium/24.png
Ayoube Amaimouni-Echghouyab,Right Winger,21,Eintracht Frankfurt,Bundesliga,7000000.0,16.0,2.0,3.0,1.0,0.0,567.0,24,https://tmssl.akamaized.net/images/wappen/medium/24.png
Jonathan Burkardt,Centre-Forward,25,Eintracht Frankfurt,Bundesliga,35000000.0,27.0,12.0,2.0,2.0,0.0,1844.0,24,https://tmssl.akamaized.net/images/wappen/medium/24.png
Arnaud Kalimuendo,Centre-Forward,24,Eintracht Frankfurt,Bundesliga,25000000.0,31.0,8.0,1.0,4.0,0.0,1691.0,24,https://tmssl.akamaized.net/images/wappen/medium/24.png
Younes Ebnoutalib,Centre-Forward,22,Eintracht Frankfurt,Bundesliga,8000000.0,5.0,1.0,0.0,0.0,0.0,131.0,24,https://tmssl.akamaized.net/images/wappen/medium/24.png
Michy Batshuayi,Centre-Forward,32,Eintracht Frankfurt,Bundesliga,3000000.0,10.0,1.0,0.0,1.0,0.0,171.0,24,https://tmssl.akamaized.net/images/wappen/medium/24.png
Mark Flekken,Goalkeeper,32,Bayer 04 Leverkusen,Bundesliga,8000000.0,32.0,0.0,0.0,1.0,0.0,2880.0,15,https://tmssl.akamaized.net/images/wappen/medium/15.png
Jonas Omlin,Goalkeeper,32,Bayer 04 Leverkusen,Bundesliga,1500000.0,0.0,0.0,0.0,0.0,0.0,0.0,15,https://tmssl.akamaized.net/images/wappen/medium/15.png
Janis Blaswich,Goalkeeper,35,Bayer 04 Leverkusen,Bundesliga,700000.0,18.0,0.0,0.0,1.0,0.0,1560.0,15,https://tmssl.akamaized.net/images/wappen/medium/15.png
Niklas Lomb,Goalkeeper,32,Bayer 04 Leverkusen,Bundesliga,250000.0,0.0,0.0,0.0,0.0,0.0,0.0,15,https://tmssl.akamaized.net/images/wappen/medium/15.png
Jarell Quansah,Centre-Back,23,Bayer 04 Leverkusen,Bundesliga,45000000.0,42.0,4.0,0.0,9.0,0.0,3530.0,15,https://tmssl.akamaized.net/images/wappen/medium/15.png
Edmond Tapsoba,Centre-Back,27,Bayer 04 Leverkusen,Bundesliga,35000000.0,42.0,5.0,3.0,12.0,0.0,3687.0,15,https://tmssl.akamaized.net/images/wappen/medium/15.png
Loïc Badé,Centre-Back,26,Bayer 04 Leverkusen,Bundesliga,25000000.0,34.0,0.0,0.0,5.0,0.0,2382.0,15,https://tmssl.akamaized.net/images/wappen/medium/15.png
Axel Tape,Centre-Back,18,Bayer 04 Leverkusen,Bundesliga,8000000.0,8.0,0.0,0.0,1.0,0.0,288.0,15,https://tmssl.akamaized.net/images/wappen/medium/15.png
Tim Oermann,Centre-Back,22,Bayer 04 Leverkusen,Bundesliga,4000000.0,2.0,0.0,0.0,0.0,0.0,16.0,15,https://tmssl.akamaized.net/images/wappen/medium/15.png
Issa Traoré,Centre-Back,18,Bayer 04 Leverkusen,Bundesliga,800000.0,0.0,0.0,0.0,0.0,0.0,0.0,15,https://tmssl.akamaized.net/images/wappen/medium/15.png
Alejandro Grimaldo,Left-Back,30,Bayer 04 Leverkusen,Bundesliga,24000000.0,44.0,14.0,12.0,8.0,0.0,3858.0,15,https://tmssl.akamaized.net/images/wappen/medium/15.png
Arthur,Right-Back,23,Bayer 04 Leverkusen,Bundesliga,7000000.0,29.0,2.0,3.0,2.0,0.0,1660.0,15,https://tmssl.akamaized.net/images/wappen/medium/15.png
Lucas Vázquez,Right-Back,34,Bayer 04 Leverkusen,Bundesliga,2500000.0,18.0,1.0,3.0,3.0,0.0,933.0,15,https://tmssl.akamaized.net/images/wappen/medium/15.png
Equi Fernández,Defensive Midfield,23,Bayer 04 Leverkusen,Bundesliga,22000000.0,30.0,0.0,1.0,2.0,0.0,1457.0,15,https://tmssl.akamaized.net/images/wappen/medium/15.png
Robert Andrich,Defensive Midfield,31,Bayer 04 Leverkusen,Bundesliga,7000000.0,44.0,3.0,2.0,7.0,1.0,3613.0,15,https://tmssl.akamaized.net/images/wappen/medium/15.png
Exequiel Palacios,Central Midfield,27,Bayer 04 Leverkusen,Bundesliga,30000000.0,23.0,0.0,1.0,4.0,0.0,1400.0,15,https://tmssl.akamaized.net/images/wappen/medium/15.png
Aleix García,Central Midfield,28,Bayer 04 Leverkusen,Bundesliga,20000000.0,48.0,5.0,10.0,10.0,0.0,4011.0,15,https://tmssl.akamaized.net/images/wappen/medium/15.png
Ibrahim Maza,Attacking Midfield,20,Bayer 04 Leverkusen,Bundesliga,40000000.0,42.0,5.0,7.0,3.0,0.0,2764.0,15,https://tmssl.akamaized.net/images/wappen/medium/15.png
Malik Tillman,Attacking Midfield,23,Bayer 04 Leverkusen,Bundesliga,30000000.0,40.0,8.0,1.0,4.0,0.0,2248.0,15,https://tmssl.akamaized.net/images/wappen/medium/15.png
Jonas Hofmann,Attacking Midfield,33,Bayer 04 Leverkusen,Bundesliga,2000000.0,27.0,3.0,3.0,3.0,0.0,1260.0,15,https://tmssl.akamaized.net/images/wappen/medium/15.png
Eliesse Ben Seghir,Left Winger,21,Bayer 04 Leverkusen,Bundesliga,20000000.0,15.0,0.0,0.0,2.0,0.0,414.0,15,https://tmssl.akamaized.net/images/wappen/medium/15.png
Martin Terrier,Left Winger,29,Bayer 04 Leverkusen,Bundesliga,12000000.0,24.0,5.0,1.0,1.0,0.0,1008.0,15,https://tmssl.akamaized.net/images/wappen/medium/15.png
Ernest Poku,Right Winger,22,Bayer 04 Leverkusen,Bundesliga,25000000.0,44.0,5.0,8.0,2.0,0.0,2477.0,15,https://tmssl.akamaized.net/images/wappen/medium/15.png
Nathan Tella,Right Winger,26,Bayer 04 Leverkusen,Bundesliga,15000000.0,22.0,1.0,6.0,2.0,0.0,1045.0,15,https://tmssl.akamaized.net/images/wappen/medium/15.png
Montrell Culbreath,Right Winger,18,Bayer 04 Leverkusen,Bundesliga,5000000.0,14.0,1.0,0.0,0.0,0.0,682.0,15,https://tmssl.akamaized.net/images/wappen/medium/15.png
Christian Kofane,Centre-Forward,19,Bayer 04 Leverkusen,Bundesliga,40000000.0,43.0,7.0,8.0,5.0,0.0,1906.0,15,https://tmssl.akamaized.net/images/wappen/medium/15.png
Patrik Schick,Centre-Forward,30,Bayer 04 Leverkusen,Bundesliga,20000000.0,40.0,22.0,4.0,2.0,0.0,2684.0,15,https://tmssl.akamaized.net/images/wappen/medium/15.png
Oliver Baumann,Goalkeeper,35,TSG 1899 Hoffenheim,Bundesliga,3000000.0,34.0,0.0,0.0,3.0,0.0,3090.0,533,https://tmssl.akamaized.net/images/wappen/medium/533.png
Luca Philipp,Goalkeeper,25,TSG 1899 Hoffenheim,Bundesliga,750000.0,0.0,0.0,0.0,0.0,0.0,0.0,533,https://tmssl.akamaized.net/images/wappen/medium/533.png
Lúkas Petersson,Goalkeeper,22,TSG 1899 Hoffenheim,Bundesliga,600000.0,0.0,0.0,0.0,0.0,0.0,0.0,533,https://tmssl.akamaized.net/images/wappen/medium/533.png
Albian Hajdari,Centre-Back,23,TSG 1899 Hoffenheim,Bundesliga,20000000.0,29.0,1.0,2.0,10.0,0.0,2405.0,533,https://tmssl.akamaized.net/images/wappen/medium/533.png
Robin Hranac,Centre-Back,26,TSG 1899 Hoffenheim,Bundesliga,10000000.0,30.0,1.0,0.0,6.0,0.0,2404.0,533,https://tmssl.akamaized.net/images/wappen/medium/533.png
Ozan Kabak,Centre-Back,26,TSG 1899 Hoffenheim,Bundesliga,10000000.0,24.0,4.0,0.0,4.0,0.0,1600.0,533,https://tmssl.akamaized.net/images/wappen/medium/533.png
Koki Machida,Centre-Back,28,TSG 1899 Hoffenheim,Bundesliga,7000000.0,2.0,0.0,0.0,2.0,0.0,135.0,533,https://tmssl.akamaized.net/images/wappen/medium/533.png
Kevin Akpoguma,Centre-Back,31,TSG 1899 Hoffenheim,Bundesliga,2000000.0,8.0,0.0,0.0,0.0,1.0,57.0,533,https://tmssl.akamaized.net/images/wappen/medium/533.png
Kelven Frees,Centre-Back,21,TSG 1899 Hoffenheim,Bundesliga,300000.0,0.0,0.0,0.0,0.0,0.0,0.0,533,https://tmssl.akamaized.net/images/wappen/medium/533.png
Bernardo,Left-Back,31,TSG 1899 Hoffenheim,Bundesliga,5000000.0,29.0,0.0,0.0,8.0,0.0,2382.0,533,https://tmssl.akamaized.net/images/wappen/medium/533.png
Valentin Gendrey,Right-Back,25,TSG 1899 Hoffenheim,Bundesliga,7000000.0,8.0,1.0,1.0,0.0,0.0,53.0,533,https://tmssl.akamaized.net/images/wappen/medium/533.png
Vladimír Coufal,Right-Back,33,TSG 1899 Hoffenheim,Bundesliga,2700000.0,33.0,1.0,9.0,4.0,0.0,2928.0,533,https://tmssl.akamaized.net/images/wappen/medium/533.png
Leon Avdullahu,Defensive Midfield,22,TSG 1899 Hoffenheim,Bundesliga,25000000.0,33.0,0.0,1.0,4.0,0.0,2868.0,533,https://tmssl.akamaized.net/images/wappen/medium/533.png
Wouter Burger,Defensive Midfield,25,TSG 1899 Hoffenheim,Bundesliga,20000000.0,30.0,5.0,9.0,7.0,1.0,2400.0,533,https://tmssl.akamaized.net/images/wappen/medium/533.png
Luis Engelns,Central Midfield,19,TSG 1899 Hoffenheim,Bundesliga,4000000.0,0.0,0.0,0.0,0.0,0.0,0.0,533,https://tmssl.akamaized.net/images/wappen/medium/533.png
Grischa Prömel,Central Midfield,31,TSG 1899 Hoffenheim,Bundesliga,3500000.0,32.0,8.0,2.0,6.0,0.0,1791.0,533,https://tmssl.akamaized.net/images/wappen/medium/533.png
Luka Duric,Central Midfield,22,TSG 1899 Hoffenheim,Bundesliga,450000.0,1.0,0.0,0.0,0.0,0.0,9.0,533,https://tmssl.akamaized.net/images/wappen/medium/533.png
Alexander Prass,Left Midfield,24,TSG 1899 Hoffenheim,Bundesliga,7000000.0,32.0,3.0,2.0,3.0,0.0,1349.0,533,https://tmssl.akamaized.net/images/wappen/medium/533.png
Muhammed Damar,Attacking Midfield,22,TSG 1899 Hoffenheim,Bundesliga,5000000.0,16.0,0.0,1.0,0.0,0.0,279.0,533,https://tmssl.akamaized.net/images/wappen/medium/533.png
Andrej Kramaric,Attacking Midfield,34,TSG 1899 Hoffenheim,Bundesliga,3000000.0,34.0,15.0,7.0,3.0,0.0,2278.0,533,https://tmssl.akamaized.net/images/wappen/medium/533.png
Bazoumana Touré,Left Winger,20,TSG 1899 Hoffenheim,Bundesliga,35000000.0,30.0,4.0,12.0,2.0,0.0,2392.0,533,https://tmssl.akamaized.net/images/wappen/medium/533.png
Cole Campbell,Right Winger,20,TSG 1899 Hoffenheim,Bundesliga,5000000.0,4.0,0.0,0.0,0.0,0.0,46.0,533,https://tmssl.akamaized.net/images/wappen/medium/533.png
Fisnik Asllani,Centre-Forward,23,TSG 1899 Hoffenheim,Bundesliga,30000000.0,33.0,11.0,10.0,2.0,0.0,2368.0,533,https://tmssl.akamaized.net/images/wappen/medium/533.png
Tim Lemperle,Centre-Forward,24,TSG 1899 Hoffenheim,Bundesliga,15000000.0,29.0,8.0,2.0,1.0,0.0,1995.0,533,https://tmssl.akamaized.net/images/wappen/medium/533.png
Adam Hlozek,Centre-Forward,23,TSG 1899 Hoffenheim,Bundesliga,12000000.0,3.0,0.0,0.0,0.0,0.0,22.0,533,https://tmssl.akamaized.net/images/wappen/medium/533.png
Max Moerstedt,Centre-Forward,20,TSG 1899 Hoffenheim,Bundesliga,7000000.0,23.0,4.0,0.0,2.0,0.0,425.0,533,https://tmssl.akamaized.net/images/wappen/medium/533.png
Yannick Eduardo,Centre-Forward,20,TSG 1899 Hoffenheim,Bundesliga,2500000.0,1.0,0.0,0.0,0.0,0.0,1.0,533,https://tmssl.akamaized.net/images/wappen/medium/533.png
Deniz Zeitler,Centre-Forward,19,TSG 1899 Hoffenheim,Bundesliga,2500000.0,0.0,0.0,0.0,0.0,0.0,0.0,533,https://tmssl.akamaized.net/images/wappen/medium/533.png
Ihlas Bebou,Centre-Forward,32,TSG 1899 Hoffenheim,Bundesliga,800000.0,17.0,0.0,0.0,1.0,0.0,219.0,533,https://tmssl.akamaized.net/images/wappen/medium/533.png
Noah Atubolu,Goalkeeper,23,SC Freiburg,Bundesliga,20000000.0,46.0,0.0,0.0,1.0,0.0,4140.0,60,https://tmssl.akamaized.net/images/wappen/medium/60.png
Florian Müller,Goalkeeper,28,SC Freiburg,Bundesliga,1200000.0,4.0,0.0,0.0,1.0,0.0,420.0,60,https://tmssl.akamaized.net/images/wappen/medium/60.png
Jannik Huth,Goalkeeper,32,SC Freiburg,Bundesliga,400000.0,0.0,0.0,0.0,0.0,0.0,0.0,60,https://tmssl.akamaized.net/images/wappen/medium/60.png
Philipp Lienhart,Centre-Back,29,SC Freiburg,Bundesliga,12000000.0,30.0,2.0,0.0,6.0,0.0,2187.0,60,https://tmssl.akamaized.net/images/wappen/medium/60.png
Bruno Ogbus,Centre-Back,20,SC Freiburg,Bundesliga,10000000.0,21.0,0.0,0.0,2.0,0.0,1385.0,60,https://tmssl.akamaized.net/images/wappen/medium/60.png
Matthias Ginter,Centre-Back,32,SC Freiburg,Bundesliga,6000000.0,48.0,4.0,7.0,4.0,0.0,4373.0,60,https://tmssl.akamaized.net/images/wappen/medium/60.png
Max Rosenfelder,Centre-Back,23,SC Freiburg,Bundesliga,6000000.0,18.0,0.0,0.0,0.0,0.0,829.0,60,https://tmssl.akamaized.net/images/wappen/medium/60.png
Anthony Jung,Centre-Back,34,SC Freiburg,Bundesliga,700000.0,14.0,0.0,0.0,2.0,0.0,611.0,60,https://tmssl.akamaized.net/images/wappen/medium/60.png
Jordy Makengo,Left-Back,24,SC Freiburg,Bundesliga,6000000.0,29.0,0.0,1.0,4.0,0.0,1819.0,60,https://tmssl.akamaized.net/images/wappen/medium/60.png
Christian Günter,Left-Back,33,SC Freiburg,Bundesliga,2000000.0,37.0,0.0,6.0,5.0,0.0,2455.0,60,https://tmssl.akamaized.net/images/wappen/medium/60.png
Philipp Treu,Right-Back,25,SC Freiburg,Bundesliga,10000000.0,42.0,1.0,2.0,3.0,0.0,3168.0,60,https://tmssl.akamaized.net/images/wappen/medium/60.png
Lukas Kübler,Right-Back,33,SC Freiburg,Bundesliga,1500000.0,31.0,2.0,1.0,4.0,0.0,2068.0,60,https://tmssl.akamaized.net/images/wappen/medium/60.png
Patrick Osterhage,Defensive Midfield,26,SC Freiburg,Bundesliga,12000000.0,31.0,2.0,0.0,5.0,0.0,1834.0,60,https://tmssl.akamaized.net/images/wappen/medium/60.png
Nicolas Höfler,Defensive Midfield,36,SC Freiburg,Bundesliga,500000.0,15.0,0.0,0.0,1.0,0.0,280.0,60,https://tmssl.akamaized.net/images/wappen/medium/60.png
Johan Manzambi,Central Midfield,20,SC Freiburg,Bundesliga,35000000.0,43.0,6.0,8.0,6.0,2.0,3311.0,60,https://tmssl.akamaized.net/images/wappen/medium/60.png
Maximilian Eggestein,Central Midfield,29,SC Freiburg,Bundesliga,10000000.0,49.0,6.0,1.0,5.0,1.0,4433.0,60,https://tmssl.akamaized.net/images/wappen/medium/60.png
Daniel-Kofi Kyereh,Attacking Midfield,30,SC Freiburg,Bundesliga,100000.0,0.0,0.0,0.0,0.0,0.0,0.0,60,https://tmssl.akamaized.net/images/wappen/medium/60.png
Derry Scherhant,Left Winger,23,SC Freiburg,Bundesliga,6000000.0,46.0,6.0,2.0,2.0,0.0,1717.0,60,https://tmssl.akamaized.net/images/wappen/medium/60.png
Vincenzo Grifo,Left Winger,33,SC Freiburg,Bundesliga,5000000.0,49.0,14.0,8.0,5.0,0.0,2768.0,60,https://tmssl.akamaized.net/images/wappen/medium/60.png
Cyriaque Irié,Right Winger,20,SC Freiburg,Bundesliga,8000000.0,15.0,0.0,0.0,3.0,0.0,410.0,60,https://tmssl.akamaized.net/images/wappen/medium/60.png
Niklas Beste,Right Winger,27,SC Freiburg,Bundesliga,7000000.0,44.0,2.0,7.0,6.0,0.0,2913.0,60,https://tmssl.akamaized.net/images/wappen/medium/60.png
Yuito Suzuki,Second Striker,24,SC Freiburg,Bundesliga,18000000.0,41.0,9.0,7.0,4.0,0.0,2951.0,60,https://tmssl.akamaized.net/images/wappen/medium/60.png
Maximilian Philipp,Second Striker,32,SC Freiburg,Bundesliga,600000.0,1.0,0.0,0.0,0.0,0.0,23.0,60,https://tmssl.akamaized.net/images/wappen/medium/60.png
Igor Matanovic,Centre-Forward,23,SC Freiburg,Bundesliga,10000000.0,46.0,12.0,3.0,4.0,0.0,2280.0,60,https://tmssl.akamaized.net/images/wappen/medium/60.png
Lucas Höler,Centre-Forward,31,SC Freiburg,Bundesliga,3000000.0,44.0,5.0,3.0,5.0,0.0,2304.0,60,https://tmssl.akamaized.net/images/wappen/medium/60.png
Marvin Schwäbe,Goalkeeper,31,1.FC Köln,Bundesliga,3000000.0,32.0,0.0,0.0,2.0,0.0,2880.0,3,https://tmssl.akamaized.net/images/wappen/medium/3.png
Ron-Robert Zieler,Goalkeeper,37,1.FC Köln,Bundesliga,500000.0,2.0,0.0,0.0,1.0,0.0,180.0,3,https://tmssl.akamaized.net/images/wappen/medium/3.png
Matthias Köbbing,Goalkeeper,28,1.FC Köln,Bundesliga,100000.0,0.0,0.0,0.0,0.0,0.0,0.0,3,https://tmssl.akamaized.net/images/wappen/medium/3.png
Rav van den Berg,Centre-Back,21,1.FC Köln,Bundesliga,8000000.0,14.0,0.0,1.0,0.0,1.0,1132.0,3,https://tmssl.akamaized.net/images/wappen/medium/3.png
Jahmai Simpson-Pusey,Centre-Back,20,1.FC Köln,Bundesliga,6000000.0,10.0,0.0,0.0,2.0,1.0,774.0,3,https://tmssl.akamaized.net/images/wappen/medium/3.png
Joël Schmied,Centre-Back,27,1.FC Köln,Bundesliga,3500000.0,16.0,0.0,0.0,4.0,0.0,1144.0,3,https://tmssl.akamaized.net/images/wappen/medium/3.png
Cenk Özkacar,Centre-Back,25,1.FC Köln,Bundesliga,3000000.0,25.0,0.0,0.0,2.0,0.0,1707.0,3,https://tmssl.akamaized.net/images/wappen/medium/3.png
Timo Hübers,Centre-Back,29,1.FC Köln,Bundesliga,2500000.0,9.0,0.0,0.0,0.0,0.0,761.0,3,https://tmssl.akamaized.net/images/wappen/medium/3.png
Dominique Heintz,Centre-Back,32,1.FC Köln,Bundesliga,700000.0,8.0,0.0,0.0,0.0,0.0,381.0,3,https://tmssl.akamaized.net/images/wappen/medium/3.png
Luca Kilian,Centre-Back,26,1.FC Köln,Bundesliga,100000.0,0.0,0.0,0.0,0.0,0.0,0.0,3,https://tmssl.akamaized.net/images/wappen/medium/3.png
Kristoffer Lund,Left-Back,24,1.FC Köln,Bundesliga,4000000.0,33.0,0.0,2.0,2.0,0.0,2217.0,3,https://tmssl.akamaized.net/images/wappen/medium/3.png
Sebastian Sebulonsen,Right-Back,26,1.FC Köln,Bundesliga,5500000.0,31.0,0.0,0.0,5.0,0.0,2505.0,3,https://tmssl.akamaized.net/images/wappen/medium/3.png
Eric Martel,Defensive Midfield,24,1.FC Köln,Bundesliga,8000000.0,32.0,3.0,2.0,11.0,0.0,2654.0,3,https://tmssl.akamaized.net/images/wappen/medium/3.png
Tom Krauß,Defensive Midfield,24,1.FC Köln,Bundesliga,4500000.0,26.0,0.0,1.0,4.0,0.0,1804.0,3,https://tmssl.akamaized.net/images/wappen/medium/3.png
Fayssal Harchaoui,Defensive Midfield,20,1.FC Köln,Bundesliga,200000.0,0.0,0.0,0.0,0.0,0.0,0.0,3,https://tmssl.akamaized.net/images/wappen/medium/3.png
Ísak Jóhannesson,Central Midfield,23,1.FC Köln,Bundesliga,8000000.0,31.0,2.0,4.0,5.0,0.0,1870.0,3,https://tmssl.akamaized.net/images/wappen/medium/3.png
Denis Huseinbasic,Central Midfield,24,1.FC Köln,Bundesliga,3000000.0,16.0,0.0,0.0,1.0,0.0,750.0,3,https://tmssl.akamaized.net/images/wappen/medium/3.png
Felipe Chávez,Central Midfield,19,1.FC Köln,Bundesliga,2000000.0,9.0,0.0,0.0,0.0,0.0,108.0,3,https://tmssl.akamaized.net/images/wappen/medium/3.png
Alessio Castro-Montes,Right Midfield,29,1.FC Köln,Bundesliga,3000000.0,12.0,1.0,3.0,2.0,0.0,582.0,3,https://tmssl.akamaized.net/images/wappen/medium/3.png
Florian Kainz,Attacking Midfield,33,1.FC Köln,Bundesliga,1000000.0,15.0,1.0,1.0,1.0,0.0,279.0,3,https://tmssl.akamaized.net/images/wappen/medium/3.png
Said El Mala,Left Winger,19,1.FC Köln,Bundesliga,35000000.0,34.0,12.0,5.0,4.0,0.0,1868.0,3,https://tmssl.akamaized.net/images/wappen/medium/3.png
Linton Maina,Left Winger,26,1.FC Köln,Bundesliga,3000000.0,24.0,2.0,1.0,1.0,0.0,983.0,3,https://tmssl.akamaized.net/images/wappen/medium/3.png
Marius Bülter,Left Winger,33,1.FC Köln,Bundesliga,2000000.0,32.0,4.0,4.0,3.0,0.0,1560.0,3,https://tmssl.akamaized.net/images/wappen/medium/3.png
Jan Thielmann,Right Winger,23,1.FC Köln,Bundesliga,5000000.0,26.0,3.0,1.0,4.0,0.0,1560.0,3,https://tmssl.akamaized.net/images/wappen/medium/3.png
Youssoupha Niang,Right Winger,20,1.FC Köln,Bundesliga,2000000.0,8.0,0.0,0.0,0.0,0.0,177.0,3,https://tmssl.akamaized.net/images/wappen/medium/3.png
Ragnar Ache,Centre-Forward,27,1.FC Köln,Bundesliga,8000000.0,31.0,8.0,7.0,3.0,0.0,1831.0,3,https://tmssl.akamaized.net/images/wappen/medium/3.png
Luca Waldschmidt,Centre-Forward,30,1.FC Köln,Bundesliga,2000000.0,25.0,5.0,4.0,1.0,0.0,721.0,3,https://tmssl.akamaized.net/images/wappen/medium/3.png
Fynn Schenten,Centre-Forward,18,1.FC Köln,Bundesliga,1000000.0,7.0,0.0,0.0,0.0,0.0,97.0,3,https://tmssl.akamaized.net/images/wappen/medium/3.png
Malek El Mala,Centre-Forward,21,1.FC Köln,Bundesliga,250000.0,0.0,0.0,0.0,0.0,0.0,0.0,3,https://tmssl.akamaized.net/images/wappen/medium/3.png
Kamil Grabara,Goalkeeper,27,VfL Wolfsburg,Bundesliga,12000000.0,33.0,0.0,0.0,1.0,0.0,2970.0,82,https://tmssl.akamaized.net/images/wappen/medium/82.png
Marius Müller,Goalkeeper,32,VfL Wolfsburg,Bundesliga,1000000.0,1.0,0.0,0.0,2.0,1.0,90.0,82,https://tmssl.akamaized.net/images/wappen/medium/82.png
Jakub Zielinski,Goalkeeper,18,VfL Wolfsburg,Bundesliga,500000.0,0.0,0.0,0.0,0.0,0.0,0.0,82,https://tmssl.akamaized.net/images/wappen/medium/82.png
Pavao Pervan,Goalkeeper,38,VfL Wolfsburg,Bundesliga,300000.0,0.0,0.0,0.0,0.0,0.0,0.0,82,https://tmssl.akamaized.net/images/wappen/medium/82.png
Konstantinos Koulierakis,Centre-Back,22,VfL Wolfsburg,Bundesliga,25000000.0,29.0,3.0,1.0,5.0,0.0,2450.0,82,https://tmssl.akamaized.net/images/wappen/medium/82.png
Jeanuël Belocian,Centre-Back,21,VfL Wolfsburg,Bundesliga,12000000.0,23.0,0.0,1.0,3.0,0.0,1557.0,82,https://tmssl.akamaized.net/images/wappen/medium/82.png
Jonas Adjetey,Centre-Back,22,VfL Wolfsburg,Bundesliga,7000000.0,4.0,0.0,0.0,1.0,0.0,137.0,82,https://tmssl.akamaized.net/images/wappen/medium/82.png
Denis Vavro,Centre-Back,30,VfL Wolfsburg,Bundesliga,5000000.0,16.0,1.0,0.0,2.0,0.0,1005.0,82,https://tmssl.akamaized.net/images/wappen/medium/82.png
Jenson Seelt,Centre-Back,22,VfL Wolfsburg,Bundesliga,5000000.0,10.0,0.0,0.0,0.0,0.0,716.0,82,https://tmssl.akamaized.net/images/wappen/medium/82.png
Moritz Jenz,Centre-Back,27,VfL Wolfsburg,Bundesliga,5000000.0,23.0,2.0,0.0,6.0,0.0,1869.0,82,https://tmssl.akamaized.net/images/wappen/medium/82.png
Cleiton,Centre-Back,23,VfL Wolfsburg,Bundesliga,800000.0,0.0,0.0,0.0,0.0,0.0,0.0,82,https://tmssl.akamaized.net/images/wappen/medium/82.png
Joakim Maehle,Left-Back,28,VfL Wolfsburg,Bundesliga,7000000.0,16.0,1.0,2.0,1.0,0.0,1151.0,82,https://tmssl.akamaized.net/images/wappen/medium/82.png
Aaron Zehnter,Left-Back,21,VfL Wolfsburg,Bundesliga,6000000.0,21.0,2.0,0.0,1.0,0.0,1534.0,82,https://tmssl.akamaized.net/images/wappen/medium/82.png
Rogério,Left-Back,28,VfL Wolfsburg,Bundesliga,1000000.0,0.0,0.0,0.0,0.0,0.0,0.0,82,https://tmssl.akamaized.net/images/wappen/medium/82.png
Saël Kumbedi,Right-Back,21,VfL Wolfsburg,Bundesliga,12000000.0,24.0,0.0,5.0,3.0,0.0,1783.0,82,https://tmssl.akamaized.net/images/wappen/medium/82.png
Kilian Fischer,Right-Back,25,VfL Wolfsburg,Bundesliga,5000000.0,12.0,0.0,1.0,0.0,0.0,894.0,82,https://tmssl.akamaized.net/images/wappen/medium/82.png
Jan Bürger,Right-Back,19,VfL Wolfsburg,Bundesliga,3000000.0,7.0,0.0,0.0,0.0,0.0,246.0,82,https://tmssl.akamaized.net/images/wappen/medium/82.png
Vini Souza,Defensive Midfield,26,VfL Wolfsburg,Bundesliga,8000000.0,24.0,0.0,0.0,6.0,0.0,1766.0,82,https://tmssl.akamaized.net/images/wappen/medium/82.png
Mattias Svanberg,Central Midfield,27,VfL Wolfsburg,Bundesliga,9000000.0,23.0,5.0,2.0,4.0,0.0,795.0,82,https://tmssl.akamaized.net/images/wappen/medium/82.png
Maximilian Arnold,Central Midfield,31,VfL Wolfsburg,Bundesliga,4500000.0,27.0,1.0,4.0,5.0,0.0,2034.0,82,https://tmssl.akamaized.net/images/wappen/medium/82.png
Pharell Hensel,Central Midfield,18,VfL Wolfsburg,Bundesliga,3000000.0,5.0,0.0,0.0,0.0,0.0,69.0,82,https://tmssl.akamaized.net/images/wappen/medium/82.png
Yannick Gerhardt,Central Midfield,32,VfL Wolfsburg,Bundesliga,2000000.0,18.0,1.0,1.0,1.0,0.0,1063.0,82,https://tmssl.akamaized.net/images/wappen/medium/82.png
Kevin Paredes,Left Midfield,23,VfL Wolfsburg,Bundesliga,3000000.0,6.0,0.0,0.0,1.0,0.0,161.0,82,https://tmssl.akamaized.net/images/wappen/medium/82.png
Lovro Majer,Attacking Midfield,28,VfL Wolfsburg,Bundesliga,10000000.0,27.0,3.0,5.0,5.0,0.0,1410.0,82,https://tmssl.akamaized.net/images/wappen/medium/82.png
Bence Dárdai,Attacking Midfield,20,VfL Wolfsburg,Bundesliga,7000000.0,3.0,0.0,0.0,0.0,0.0,55.0,82,https://tmssl.akamaized.net/images/wappen/medium/82.png
Christian Eriksen,Attacking Midfield,34,VfL Wolfsburg,Bundesliga,3000000.0,30.0,3.0,8.0,4.0,0.0,2357.0,82,https://tmssl.akamaized.net/images/wappen/medium/82.png
Patrick Wimmer,Right Winger,24,VfL Wolfsburg,Bundesliga,15000000.0,26.0,4.0,6.0,5.0,0.0,1702.0,82,https://tmssl.akamaized.net/images/wappen/medium/82.png
Adam Daghim,Right Winger,20,VfL Wolfsburg,Bundesliga,7500000.0,26.0,2.0,3.0,2.0,0.0,1241.0,82,https://tmssl.akamaized.net/images/wappen/medium/82.png
Jesper Lindstrøm,Right Winger,26,VfL Wolfsburg,Bundesliga,5000000.0,12.0,0.0,0.0,2.0,0.0,373.0,82,https://tmssl.akamaized.net/images/wappen/medium/82.png
Mohamed Amoura,Centre-Forward,26,VfL Wolfsburg,Bundesliga,27000000.0,30.0,8.0,4.0,3.0,0.0,2017.0,82,https://tmssl.akamaized.net/images/wappen/medium/82.png
Dzenan Pejcinovic,Centre-Forward,21,VfL Wolfsburg,Bundesliga,10000000.0,30.0,10.0,1.0,1.0,0.0,1411.0,82,https://tmssl.akamaized.net/images/wappen/medium/82.png
Kento Shiogai,Centre-Forward,21,VfL Wolfsburg,Bundesliga,8000000.0,10.0,1.0,0.0,1.0,0.0,295.0,82,https://tmssl.akamaized.net/images/wappen/medium/82.png
Jonas Wind,Centre-Forward,27,VfL Wolfsburg,Bundesliga,5000000.0,11.0,1.0,0.0,1.0,0.0,480.0,82,https://tmssl.akamaized.net/images/wappen/medium/82.png
Robin Zentner,Goalkeeper,31,1.FSV Mainz 05,Bundesliga,3000000.0,17.0,0.0,0.0,4.0,1.0,1441.0,39,https://tmssl.akamaized.net/images/wappen/medium/39.png
Lasse Rieß,Goalkeeper,24,1.FSV Mainz 05,Bundesliga,500000.0,5.0,0.0,0.0,0.0,0.0,357.0,39,https://tmssl.akamaized.net/images/wappen/medium/39.png
Daniel Batz,Goalkeeper,35,1.FSV Mainz 05,Bundesliga,350000.0,26.0,0.0,0.0,3.0,0.0,2340.0,39,https://tmssl.akamaized.net/images/wappen/medium/39.png
Kacper Potulski,Centre-Back,18,1.FSV Mainz 05,Bundesliga,12000000.0,21.0,1.0,0.0,3.0,0.0,1378.0,39,https://tmssl.akamaized.net/images/wappen/medium/39.png
Stefan Posch,Centre-Back,29,1.FSV Mainz 05,Bundesliga,5500000.0,33.0,3.0,0.0,7.0,0.0,2061.0,39,https://tmssl.akamaized.net/images/wappen/medium/39.png
Andreas Hanche-Olsen,Centre-Back,29,1.FSV Mainz 05,Bundesliga,4000000.0,21.0,0.0,0.0,5.0,0.0,1397.0,39,https://tmssl.akamaized.net/images/wappen/medium/39.png
Dominik Kohr,Centre-Back,32,1.FSV Mainz 05,Bundesliga,2000000.0,40.0,2.0,0.0,14.0,1.0,3257.0,39,https://tmssl.akamaized.net/images/wappen/medium/39.png
Danny da Costa,Centre-Back,32,1.FSV Mainz 05,Bundesliga,1200000.0,43.0,2.0,4.0,3.0,0.0,3624.0,39,https://tmssl.akamaized.net/images/wappen/medium/39.png
Maxim Leitsch,Centre-Back,28,1.FSV Mainz 05,Bundesliga,1000000.0,5.0,0.0,0.0,0.0,0.0,215.0,39,https://tmssl.akamaized.net/images/wappen/medium/39.png
Stefan Bell,Centre-Back,34,1.FSV Mainz 05,Bundesliga,600000.0,23.0,3.0,2.0,6.0,0.0,1393.0,39,https://tmssl.akamaized.net/images/wappen/medium/39.png
Maxim Dal,Centre-Back,20,1.FSV Mainz 05,Bundesliga,150000.0,0.0,0.0,0.0,0.0,0.0,0.0,39,https://tmssl.akamaized.net/images/wappen/medium/39.png
Phillipp Mwene,Left-Back,32,1.FSV Mainz 05,Bundesliga,1500000.0,37.0,1.0,5.0,4.0,0.0,2601.0,39,https://tmssl.akamaized.net/images/wappen/medium/39.png
Kasey Bos,Left-Back,22,1.FSV Mainz 05,Bundesliga,450000.0,0.0,0.0,0.0,0.0,0.0,0.0,39,https://tmssl.akamaized.net/images/wappen/medium/39.png
Anthony Caci,Right-Back,28,1.FSV Mainz 05,Bundesliga,8000000.0,11.0,0.0,1.0,2.0,0.0,616.0,39,https://tmssl.akamaized.net/images/wappen/medium/39.png
Silvan Widmer,Right-Back,33,1.FSV Mainz 05,Bundesliga,800000.0,39.0,3.0,1.0,5.0,0.0,2487.0,39,https://tmssl.akamaized.net/images/wappen/medium/39.png
Kaishu Sano,Defensive Midfield,25,1.FSV Mainz 05,Bundesliga,25000000.0,46.0,2.0,5.0,1.0,0.0,3984.0,39,https://tmssl.akamaized.net/images/wappen/medium/39.png
Lennard Maloney,Defensive Midfield,26,1.FSV Mainz 05,Bundesliga,2500000.0,31.0,0.0,0.0,2.0,0.0,786.0,39,https://tmssl.akamaized.net/images/wappen/medium/39.png
Sota Kawasaki,Defensive Midfield,24,1.FSV Mainz 05,Bundesliga,1500000.0,18.0,1.0,1.0,2.0,0.0,677.0,39,https://tmssl.akamaized.net/images/wappen/medium/39.png
Niklas Tauer,Defensive Midfield,25,1.FSV Mainz 05,Bundesliga,350000.0,0.0,0.0,0.0,0.0,0.0,0.0,39,https://tmssl.akamaized.net/images/wappen/medium/39.png
Nadiem Amiri,Central Midfield,29,1.FSV Mainz 05,Bundesliga,17000000.0,33.0,16.0,4.0,9.0,1.0,2678.0,39,https://tmssl.akamaized.net/images/wappen/medium/39.png
Daniel Gleiber,Central Midfield,21,1.FSV Mainz 05,Bundesliga,300000.0,1.0,0.0,0.0,0.0,0.0,24.0,39,https://tmssl.akamaized.net/images/wappen/medium/39.png
Nikolas Veratschnig,Right Midfield,23,1.FSV Mainz 05,Bundesliga,1500000.0,28.0,0.0,1.0,5.0,0.0,928.0,39,https://tmssl.akamaized.net/images/wappen/medium/39.png
Paul Nebel,Attacking Midfield,23,1.FSV Mainz 05,Bundesliga,15000000.0,42.0,5.0,4.0,4.0,2.0,3007.0,39,https://tmssl.akamaized.net/images/wappen/medium/39.png
Jae-sung Lee,Attacking Midfield,33,1.FSV Mainz 05,Bundesliga,2000000.0,37.0,6.0,4.0,3.0,0.0,2742.0,39,https://tmssl.akamaized.net/images/wappen/medium/39.png
Sheraldo Becker,Left Winger,31,1.FSV Mainz 05,Bundesliga,1500000.0,23.0,3.0,5.0,1.0,0.0,1156.0,39,https://tmssl.akamaized.net/images/wappen/medium/39.png
Silas,Right Winger,27,1.FSV Mainz 05,Bundesliga,3000000.0,9.0,1.0,0.0,1.0,0.0,400.0,39,https://tmssl.akamaized.net/images/wappen/medium/39.png
Armindo Sieb,Second Striker,23,1.FSV Mainz 05,Bundesliga,3000000.0,32.0,3.0,0.0,3.0,0.0,938.0,39,https://tmssl.akamaized.net/images/wappen/medium/39.png
Nelson Weiper,Centre-Forward,21,1.FSV Mainz 05,Bundesliga,10000000.0,32.0,2.0,0.0,1.0,0.0,1135.0,39,https://tmssl.akamaized.net/images/wappen/medium/39.png
Benedict Hollerbach,Centre-Forward,25,1.FSV Mainz 05,Bundesliga,8000000.0,21.0,2.0,4.0,0.0,0.0,1193.0,39,https://tmssl.akamaized.net/images/wappen/medium/39.png
William Bøving,Centre-Forward,23,1.FSV Mainz 05,Bundesliga,3500000.0,18.0,0.0,1.0,1.0,0.0,513.0,39,https://tmssl.akamaized.net/images/wappen/medium/39.png
Phillip Tietz,Centre-Forward,28,1.FSV Mainz 05,Bundesliga,3500000.0,33.0,5.0,3.0,6.0,0.0,2118.0,39,https://tmssl.akamaized.net/images/wappen/medium/39.png
Mio Backhaus,Goalkeeper,22,SV Werder Bremen,Bundesliga,12000000.0,30.0,0.0,0.0,1.0,0.0,2700.0,86,https://tmssl.akamaized.net/images/wappen/medium/86.png
Karl Hein,Goalkeeper,24,SV Werder Bremen,Bundesliga,3000000.0,2.0,0.0,0.0,0.0,0.0,180.0,86,https://tmssl.akamaized.net/images/wappen/medium/86.png
Markus Kolke,Goalkeeper,35,SV Werder Bremen,Bundesliga,300000.0,0.0,0.0,0.0,0.0,0.0,0.0,86,https://tmssl.akamaized.net/images/wappen/medium/86.png
Stefan Smarkalev,Goalkeeper,19,SV Werder Bremen,Bundesliga,150000.0,0.0,0.0,0.0,0.0,0.0,0.0,86,https://tmssl.akamaized.net/images/wappen/medium/86.png
Karim Coulibaly,Centre-Back,18,SV Werder Bremen,Bundesliga,22000000.0,26.0,1.0,0.0,3.0,0.0,2032.0,86,https://tmssl.akamaized.net/images/wappen/medium/86.png
Marco Friedl,Centre-Back,28,SV Werder Bremen,Bundesliga,12000000.0,29.0,1.0,0.0,10.0,1.0,2504.0,86,https://tmssl.akamaized.net/images/wappen/medium/86.png
Amos Pieper,Centre-Back,28,SV Werder Bremen,Bundesliga,4000000.0,17.0,0.0,0.0,4.0,0.0,1369.0,86,https://tmssl.akamaized.net/images/wappen/medium/86.png
Niklas Stark,Centre-Back,31,SV Werder Bremen,Bundesliga,3500000.0,15.0,0.0,0.0,4.0,0.0,791.0,86,https://tmssl.akamaized.net/images/wappen/medium/86.png
Maximilian Wöber,Centre-Back,28,SV Werder Bremen,Bundesliga,3000000.0,2.0,0.0,0.0,0.0,0.0,104.0,86,https://tmssl.akamaized.net/images/wappen/medium/86.png
Julián Malatini,Centre-Back,24,SV Werder Bremen,Bundesliga,2000000.0,11.0,0.0,0.0,3.0,0.0,516.0,86,https://tmssl.akamaized.net/images/wappen/medium/86.png
Mick Schmetgens,Centre-Back,18,SV Werder Bremen,Bundesliga,700000.0,2.0,0.0,0.0,0.0,0.0,36.0,86,https://tmssl.akamaized.net/images/wappen/medium/86.png
Felix Agu,Left-Back,26,SV Werder Bremen,Bundesliga,6000000.0,12.0,0.0,1.0,1.0,0.0,837.0,86,https://tmssl.akamaized.net/images/wappen/medium/86.png
Olivier Deman,Left-Back,26,SV Werder Bremen,Bundesliga,3000000.0,15.0,1.0,3.0,4.0,0.0,1086.0,86,https://tmssl.akamaized.net/images/wappen/medium/86.png
Isaac Schmidt,Left-Back,26,SV Werder Bremen,Bundesliga,2200000.0,17.0,1.0,0.0,2.0,0.0,555.0,86,https://tmssl.akamaized.net/images/wappen/medium/86.png
Yukinari Sugawara,Right-Back,25,SV Werder Bremen,Bundesliga,7500000.0,30.0,0.0,6.0,2.0,0.0,2429.0,86,https://tmssl.akamaized.net/images/wappen/medium/86.png
Mitchell Weiser,Right-Back,32,SV Werder Bremen,Bundesliga,3500000.0,0.0,0.0,0.0,0.0,0.0,0.0,86,https://tmssl.akamaized.net/images/wappen/medium/86.png
Senne Lynen,Defensive Midfield,27,SV Werder Bremen,Bundesliga,10000000.0,30.0,0.0,1.0,5.0,0.0,2667.0,86,https://tmssl.akamaized.net/images/wappen/medium/86.png
Wesley Adeh,Defensive Midfield,19,SV Werder Bremen,Bundesliga,250000.0,0.0,0.0,0.0,0.0,0.0,0.0,86,https://tmssl.akamaized.net/images/wappen/medium/86.png
Jens Stage,Central Midfield,29,SV Werder Bremen,Bundesliga,14000000.0,27.0,10.0,2.0,5.0,0.0,2307.0,86,https://tmssl.akamaized.net/images/wappen/medium/86.png
Cameron Puertas,Central Midfield,27,SV Werder Bremen,Bundesliga,8000000.0,26.0,1.0,2.0,5.0,0.0,1692.0,86,https://tmssl.akamaized.net/images/wappen/medium/86.png
Leonardo Bittencourt,Central Midfield,32,SV Werder Bremen,Bundesliga,1200000.0,17.0,0.0,1.0,5.0,0.0,663.0,86,https://tmssl.akamaized.net/images/wappen/medium/86.png
Romano Schmid,Attacking Midfield,26,SV Werder Bremen,Bundesliga,15000000.0,33.0,4.0,8.0,4.0,0.0,2922.0,86,https://tmssl.akamaized.net/images/wappen/medium/86.png
Patrice Covic,Attacking Midfield,18,SV Werder Bremen,Bundesliga,4000000.0,15.0,1.0,0.0,1.0,0.0,393.0,86,https://tmssl.akamaized.net/images/wappen/medium/86.png
Samuel Mbangula,Left Winger,22,SV Werder Bremen,Bundesliga,10000000.0,25.0,3.0,4.0,0.0,0.0,1160.0,86,https://tmssl.akamaized.net/images/wappen/medium/86.png
Marco Grüll,Left Winger,27,SV Werder Bremen,Bundesliga,6000000.0,32.0,3.0,1.0,5.0,0.0,2046.0,86,https://tmssl.akamaized.net/images/wappen/medium/86.png
Justin Njinmah,Right Winger,25,SV Werder Bremen,Bundesliga,7000000.0,32.0,5.0,0.0,1.0,0.0,1835.0,86,https://tmssl.akamaized.net/images/wappen/medium/86.png
Jovan Milosevic,Centre-Forward,20,SV Werder Bremen,Bundesliga,7000000.0,13.0,3.0,1.0,2.0,0.0,483.0,86,https://tmssl.akamaized.net/images/wappen/medium/86.png
Victor Boniface,Centre-Forward,25,SV Werder Bremen,Bundesliga,5000000.0,11.0,0.0,2.0,1.0,0.0,326.0,86,https://tmssl.akamaized.net/images/wappen/medium/86.png
Keke Topp,Centre-Forward,22,SV Werder Bremen,Bundesliga,3500000.0,21.0,1.0,1.0,4.0,0.0,647.0,86,https://tmssl.akamaized.net/images/wappen/medium/86.png
Salim Musah,Centre-Forward,20,SV Werder Bremen,Bundesliga,500000.0,6.0,1.0,0.0,0.0,0.0,115.0,86,https://tmssl.akamaized.net/images/wappen/medium/86.png
Finn Dahmen,Goalkeeper,28,FC Augsburg,Bundesliga,12000000.0,33.0,0.0,0.0,1.0,0.0,2970.0,167,https://tmssl.akamaized.net/images/wappen/medium/167.png
Nediljko Labrovic,Goalkeeper,26,FC Augsburg,Bundesliga,2000000.0,1.0,0.0,0.0,0.0,0.0,90.0,167,https://tmssl.akamaized.net/images/wappen/medium/167.png
Daniel Klein,Goalkeeper,25,FC Augsburg,Bundesliga,150000.0,0.0,0.0,0.0,0.0,0.0,0.0,167,https://tmssl.akamaized.net/images/wappen/medium/167.png
Chrislain Matsima,Centre-Back,24,FC Augsburg,Bundesliga,22000000.0,18.0,1.0,1.0,6.0,0.0,1509.0,167,https://tmssl.akamaized.net/images/wappen/medium/167.png
Noahkai Banks,Centre-Back,19,FC Augsburg,Bundesliga,22000000.0,22.0,1.0,1.0,8.0,0.0,1698.0,167,https://tmssl.akamaized.net/images/wappen/medium/167.png
Keven Schlotterbeck,Centre-Back,29,FC Augsburg,Bundesliga,6000000.0,26.0,0.0,2.0,5.0,0.0,2124.0,167,https://tmssl.akamaized.net/images/wappen/medium/167.png
Cédric Zesiger,Centre-Back,27,FC Augsburg,Bundesliga,5000000.0,27.0,0.0,0.0,7.0,0.0,1729.0,167,https://tmssl.akamaized.net/images/wappen/medium/167.png
Arthur Chaves,Centre-Back,25,FC Augsburg,Bundesliga,4000000.0,16.0,2.0,0.0,2.0,0.0,1070.0,167,https://tmssl.akamaized.net/images/wappen/medium/167.png
Jeffrey Gouweleeuw,Centre-Back,34,FC Augsburg,Bundesliga,1000000.0,10.0,0.0,1.0,3.0,0.0,761.0,167,https://tmssl.akamaized.net/images/wappen/medium/167.png
Felix Meiser,Centre-Back,19,FC Augsburg,Bundesliga,150000.0,0.0,0.0,0.0,0.0,0.0,0.0,167,https://tmssl.akamaized.net/images/wappen/medium/167.png
Dimitrios Giannoulis,Left-Back,30,FC Augsburg,Bundesliga,3000000.0,28.0,2.0,5.0,8.0,0.0,1963.0,167,https://tmssl.akamaized.net/images/wappen/medium/167.png
Mads Pedersen,Left-Back,29,FC Augsburg,Bundesliga,1000000.0,6.0,0.0,0.0,0.0,0.0,176.0,167,https://tmssl.akamaized.net/images/wappen/medium/167.png
Oliver Sorg,Left-Back,18,FC Augsburg,Bundesliga,400000.0,0.0,0.0,0.0,0.0,0.0,0.0,167,https://tmssl.akamaized.net/images/wappen/medium/167.png
Marius Wolf,Right-Back,30,FC Augsburg,Bundesliga,2500000.0,29.0,1.0,2.0,3.0,0.0,1039.0,167,https://tmssl.akamaized.net/images/wappen/medium/167.png
Kristijan Jakic,Defensive Midfield,29,FC Augsburg,Bundesliga,6000000.0,27.0,2.0,1.0,5.0,0.0,1772.0,167,https://tmssl.akamaized.net/images/wappen/medium/167.png
Robin Fellhauer,Defensive Midfield,28,FC Augsburg,Bundesliga,3000000.0,34.0,2.0,3.0,2.0,0.0,2778.0,167,https://tmssl.akamaized.net/images/wappen/medium/167.png
Yannik Keitel,Defensive Midfield,26,FC Augsburg,Bundesliga,2000000.0,4.0,0.0,0.0,2.0,0.0,164.0,167,https://tmssl.akamaized.net/images/wappen/medium/167.png
Mahmut Kücüksahin,Defensive Midfield,22,FC Augsburg,Bundesliga,150000.0,0.0,0.0,0.0,0.0,0.0,0.0,167,https://tmssl.akamaized.net/images/wappen/medium/167.png
Han-Noah Massengo,Central Midfield,24,FC Augsburg,Bundesliga,6000000.0,32.0,2.0,1.0,4.0,0.0,2464.0,167,https://tmssl.akamaized.net/images/wappen/medium/167.png
Elvis Rexhbecaj,Central Midfield,28,FC Augsburg,Bundesliga,3500000.0,27.0,2.0,0.0,3.0,0.0,1199.0,167,https://tmssl.akamaized.net/images/wappen/medium/167.png
Alexis Claude-Maurice,Attacking Midfield,27,FC Augsburg,Bundesliga,15000000.0,29.0,5.0,4.0,3.0,0.0,2110.0,167,https://tmssl.akamaized.net/images/wappen/medium/167.png
Mert Kömür,Attacking Midfield,20,FC Augsburg,Bundesliga,12000000.0,28.0,2.0,3.0,1.0,0.0,1450.0,167,https://tmssl.akamaized.net/images/wappen/medium/167.png
Fabian Rieder,Attacking Midfield,24,FC Augsburg,Bundesliga,8000000.0,34.0,6.0,4.0,4.0,0.0,2350.0,167,https://tmssl.akamaized.net/images/wappen/medium/167.png
Anton Kade,Attacking Midfield,22,FC Augsburg,Bundesliga,7500000.0,27.0,6.0,1.0,4.0,0.0,1644.0,167,https://tmssl.akamaized.net/images/wappen/medium/167.png
Ismaël Gharbi,Left Winger,22,FC Augsburg,Bundesliga,5000000.0,7.0,0.0,0.0,0.0,0.0,178.0,167,https://tmssl.akamaized.net/images/wappen/medium/167.png
Rodrigo Ribeiro,Centre-Forward,21,FC Augsburg,Bundesliga,4000000.0,12.0,2.0,0.0,1.0,0.0,587.0,167,https://tmssl.akamaized.net/images/wappen/medium/167.png
Uchenna Ogundu,Centre-Forward,20,FC Augsburg,Bundesliga,4000000.0,4.0,0.0,1.0,0.0,0.0,30.0,167,https://tmssl.akamaized.net/images/wappen/medium/167.png
Michael Gregoritsch,Centre-Forward,32,FC Augsburg,Bundesliga,1500000.0,15.0,4.0,3.0,2.0,0.0,761.0,167,https://tmssl.akamaized.net/images/wappen/medium/167.png
Thomas Kastanaras,Centre-Forward,23,FC Augsburg,Bundesliga,300000.0,0.0,0.0,0.0,0.0,0.0,0.0,167,https://tmssl.akamaized.net/images/wappen/medium/167.png
Moritz Nicolas,Goalkeeper,28,Borussia Mönchengladbach,Bundesliga,6000000.0,35.0,0.0,0.0,1.0,0.0,3150.0,18,https://tmssl.akamaized.net/images/wappen/medium/18.png
Tiago Pereira Cardoso,Goalkeeper,20,Borussia Mönchengladbach,Bundesliga,1500000.0,0.0,0.0,0.0,0.0,0.0,0.0,18,https://tmssl.akamaized.net/images/wappen/medium/18.png
Jan Olschowsky,Goalkeeper,24,Borussia Mönchengladbach,Bundesliga,450000.0,0.0,0.0,0.0,0.0,0.0,0.0,18,https://tmssl.akamaized.net/images/wappen/medium/18.png
Tobias Sippel,Goalkeeper,38,Borussia Mönchengladbach,Bundesliga,300000.0,0.0,0.0,0.0,0.0,0.0,0.0,18,https://tmssl.akamaized.net/images/wappen/medium/18.png
Nico Elvedi,Centre-Back,29,Borussia Mönchengladbach,Bundesliga,8000000.0,35.0,2.0,1.0,5.0,0.0,3147.0,18,https://tmssl.akamaized.net/images/wappen/medium/18.png
Kevin Diks,Centre-Back,29,Borussia Mönchengladbach,Bundesliga,5000000.0,31.0,4.0,0.0,6.0,0.0,2508.0,18,https://tmssl.akamaized.net/images/wappen/medium/18.png
Kota Takai,Centre-Back,21,Borussia Mönchengladbach,Bundesliga,5000000.0,8.0,0.0,0.0,1.0,0.0,339.0,18,https://tmssl.akamaized.net/images/wappen/medium/18.png
Fabio Chiarodia,Centre-Back,20,Borussia Mönchengladbach,Bundesliga,3000000.0,15.0,0.0,1.0,1.0,0.0,661.0,18,https://tmssl.akamaized.net/images/wappen/medium/18.png
Marvin Friedrich,Centre-Back,30,Borussia Mönchengladbach,Bundesliga,1800000.0,7.0,0.0,0.0,0.0,0.0,149.0,18,https://tmssl.akamaized.net/images/wappen/medium/18.png
Lukas Ullrich,Left-Back,22,Borussia Mönchengladbach,Bundesliga,7000000.0,23.0,0.0,0.0,2.0,0.0,1344.0,18,https://tmssl.akamaized.net/images/wappen/medium/18.png
Joe Scally,Right-Back,23,Borussia Mönchengladbach,Bundesliga,7000000.0,33.0,2.0,3.0,7.0,0.0,2612.0,18,https://tmssl.akamaized.net/images/wappen/medium/18.png
Yannik Engelhardt,Defensive Midfield,25,Borussia Mönchengladbach,Bundesliga,6000000.0,31.0,2.0,2.0,8.0,0.0,2491.0,18,https://tmssl.akamaized.net/images/wappen/medium/18.png
Philipp Sander,Defensive Midfield,28,Borussia Mönchengladbach,Bundesliga,4000000.0,30.0,2.0,0.0,2.0,0.0,2451.0,18,https://tmssl.akamaized.net/images/wappen/medium/18.png
Niklas Swider,Defensive Midfield,19,Borussia Mönchengladbach,Bundesliga,250000.0,0.0,0.0,0.0,0.0,0.0,0.0,18,https://tmssl.akamaized.net/images/wappen/medium/18.png
Rocco Reitz,Central Midfield,23,Borussia Mönchengladbach,Bundesliga,20000000.0,33.0,0.0,3.0,8.0,1.0,2751.0,18,https://tmssl.akamaized.net/images/wappen/medium/18.png
Jens Castrop,Central Midfield,22,Borussia Mönchengladbach,Bundesliga,6000000.0,28.0,3.0,1.0,2.0,2.0,1618.0,18,https://tmssl.akamaized.net/images/wappen/medium/18.png
Florian Neuhaus,Central Midfield,29,Borussia Mönchengladbach,Bundesliga,3500000.0,18.0,0.0,1.0,0.0,0.0,952.0,18,https://tmssl.akamaized.net/images/wappen/medium/18.png
Wael Mohya,Attacking Midfield,17,Borussia Mönchengladbach,Bundesliga,10000000.0,15.0,2.0,0.0,0.0,0.0,429.0,18,https://tmssl.akamaized.net/images/wappen/medium/18.png
Giovanni Reyna,Attacking Midfield,23,Borussia Mönchengladbach,Bundesliga,4000000.0,18.0,0.0,1.0,1.0,0.0,522.0,18,https://tmssl.akamaized.net/images/wappen/medium/18.png
Kevin Stöger,Attacking Midfield,32,Borussia Mönchengladbach,Bundesliga,2000000.0,30.0,1.0,4.0,3.0,0.0,1448.0,18,https://tmssl.akamaized.net/images/wappen/medium/18.png
Robin Hack,Left Winger,27,Borussia Mönchengladbach,Bundesliga,9000000.0,7.0,2.0,0.0,1.0,0.0,351.0,18,https://tmssl.akamaized.net/images/wappen/medium/18.png
Hugo Bolin,Left Winger,22,Borussia Mönchengladbach,Bundesliga,6000000.0,11.0,0.0,2.0,0.0,0.0,448.0,18,https://tmssl.akamaized.net/images/wappen/medium/18.png
Franck Honorat,Right Winger,29,Borussia Mönchengladbach,Bundesliga,10000000.0,29.0,2.0,9.0,0.0,0.0,2168.0,18,https://tmssl.akamaized.net/images/wappen/medium/18.png
Nathan Ngoumou,Right Winger,26,Borussia Mönchengladbach,Bundesliga,3500000.0,0.0,0.0,0.0,0.0,0.0,0.0,18,https://tmssl.akamaized.net/images/wappen/medium/18.png
Tim Kleindienst,Centre-Forward,30,Borussia Mönchengladbach,Bundesliga,10000000.0,3.0,0.0,0.0,0.0,0.0,6.0,18,https://tmssl.akamaized.net/images/wappen/medium/18.png
Shuto Machino,Centre-Forward,26,Borussia Mönchengladbach,Bundesliga,5000000.0,32.0,4.0,1.0,1.0,0.0,1123.0,18,https://tmssl.akamaized.net/images/wappen/medium/18.png
Haris Tabakovic,Centre-Forward,31,Borussia Mönchengladbach,Bundesliga,3000000.0,34.0,14.0,3.0,4.0,0.0,2588.0,18,https://tmssl.akamaized.net/images/wappen/medium/18.png
Alejo Sarco,Centre-Forward,20,Borussia Mönchengladbach,Bundesliga,2000000.0,5.0,0.0,0.0,0.0,0.0,118.0,18,https://tmssl.akamaized.net/images/wappen/medium/18.png
Frederik Rönnow,Goalkeeper,33,1.FC Union Berlin,Bundesliga,2500000.0,33.0,0.0,0.0,2.0,0.0,2901.0,89,https://tmssl.akamaized.net/images/wappen/medium/89.png
Matheo Raab,Goalkeeper,27,1.FC Union Berlin,Bundesliga,600000.0,2.0,0.0,0.0,0.0,0.0,130.0,89,https://tmssl.akamaized.net/images/wappen/medium/89.png
Carl Klaus,Goalkeeper,32,1.FC Union Berlin,Bundesliga,350000.0,2.0,0.0,0.0,0.0,0.0,149.0,89,https://tmssl.akamaized.net/images/wappen/medium/89.png
Leopold Querfeld,Centre-Back,22,1.FC Union Berlin,Bundesliga,18000000.0,33.0,7.0,0.0,6.0,0.0,3000.0,89,https://tmssl.akamaized.net/images/wappen/medium/89.png
Danilho Doekhi,Centre-Back,27,1.FC Union Berlin,Bundesliga,13000000.0,35.0,7.0,1.0,5.0,0.0,3180.0,89,https://tmssl.akamaized.net/images/wappen/medium/89.png
Diogo Leite,Centre-Back,27,1.FC Union Berlin,Bundesliga,12000000.0,23.0,0.0,1.0,4.0,0.0,2000.0,89,https://tmssl.akamaized.net/images/wappen/medium/89.png
Stanley Nsoki,Centre-Back,27,1.FC Union Berlin,Bundesliga,2000000.0,14.0,1.0,2.0,2.0,0.0,821.0,89,https://tmssl.akamaized.net/images/wappen/medium/89.png
Tom Rothe,Left-Back,21,1.FC Union Berlin,Bundesliga,10000000.0,22.0,2.0,0.0,1.0,1.0,1167.0,89,https://tmssl.akamaized.net/images/wappen/medium/89.png
Derrick Köhn,Left-Back,27,1.FC Union Berlin,Bundesliga,4000000.0,28.0,1.0,2.0,4.0,1.0,1872.0,89,https://tmssl.akamaized.net/images/wappen/medium/89.png
Josip Juranovic,Right-Back,30,1.FC Union Berlin,Bundesliga,2500000.0,9.0,0.0,1.0,1.0,0.0,291.0,89,https://tmssl.akamaized.net/images/wappen/medium/89.png
Christopher Trimmel,Right-Back,39,1.FC Union Berlin,Bundesliga,600000.0,29.0,0.0,4.0,7.0,0.0,1889.0,89,https://tmssl.akamaized.net/images/wappen/medium/89.png
Aljoscha Kemlein,Defensive Midfield,21,1.FC Union Berlin,Bundesliga,12000000.0,30.0,0.0,1.0,4.0,0.0,1937.0,89,https://tmssl.akamaized.net/images/wappen/medium/89.png
Rani Khedira,Defensive Midfield,32,1.FC Union Berlin,Bundesliga,2000000.0,34.0,5.0,2.0,7.0,0.0,3045.0,89,https://tmssl.akamaized.net/images/wappen/medium/89.png
András Schäfer,Central Midfield,27,1.FC Union Berlin,Bundesliga,4500000.0,29.0,1.0,0.0,3.0,1.0,1533.0,89,https://tmssl.akamaized.net/images/wappen/medium/89.png
Janik Haberer,Central Midfield,32,1.FC Union Berlin,Bundesliga,2500000.0,31.0,0.0,2.0,8.0,0.0,1808.0,89,https://tmssl.akamaized.net/images/wappen/medium/89.png
Alex Král,Central Midfield,28,1.FC Union Berlin,Bundesliga,2500000.0,21.0,0.0,0.0,1.0,0.0,466.0,89,https://tmssl.akamaized.net/images/wappen/medium/89.png
Robert Skov,Left Midfield,29,1.FC Union Berlin,Bundesliga,2500000.0,4.0,1.0,0.0,0.0,0.0,291.0,89,https://tmssl.akamaized.net/images/wappen/medium/89.png
Woo-yeong Jeong,Attacking Midfield,26,1.FC Union Berlin,Bundesliga,3500000.0,29.0,4.0,1.0,0.0,0.0,1285.0,89,https://tmssl.akamaized.net/images/wappen/medium/89.png
Livan Burcu,Left Winger,21,1.FC Union Berlin,Bundesliga,4000000.0,17.0,1.0,0.0,5.0,0.0,522.0,89,https://tmssl.akamaized.net/images/wappen/medium/89.png
David Preu,Left Winger,21,1.FC Union Berlin,Bundesliga,400000.0,0.0,0.0,0.0,0.0,0.0,0.0,89,https://tmssl.akamaized.net/images/wappen/medium/89.png
Ilyas Ansah,Centre-Forward,21,1.FC Union Berlin,Bundesliga,12000000.0,34.0,5.0,3.0,2.0,0.0,2013.0,89,https://tmssl.akamaized.net/images/wappen/medium/89.png
Andrej Ilic,Centre-Forward,26,1.FC Union Berlin,Bundesliga,6000000.0,32.0,3.0,11.0,6.0,0.0,2238.0,89,https://tmssl.akamaized.net/images/wappen/medium/89.png
Oliver Burke,Centre-Forward,29,1.FC Union Berlin,Bundesliga,4000000.0,29.0,5.0,1.0,3.0,0.0,1621.0,89,https://tmssl.akamaized.net/images/wappen/medium/89.png
Tim Skarke,Centre-Forward,29,1.FC Union Berlin,Bundesliga,1800000.0,23.0,1.0,0.0,0.0,0.0,665.0,89,https://tmssl.akamaized.net/images/wappen/medium/89.png
Dmytro Bogdanov,Centre-Forward,19,1.FC Union Berlin,Bundesliga,600000.0,2.0,0.0,1.0,0.0,0.0,54.0,89,https://tmssl.akamaized.net/images/wappen/medium/89.png
Josep Martínez,Goalkeeper,27,Inter Milan,SerieA,7500000.0,8.0,0.0,0.0,0.0,0.0,720.0,46,https://tmssl.akamaized.net/images/wappen/medium/46.png
Yann Sommer,Goalkeeper,37,Inter Milan,SerieA,2500000.0,42.0,0.0,0.0,0.0,0.0,3780.0,46,https://tmssl.akamaized.net/images/wappen/medium/46.png
Raffaele Di Gennaro,Goalkeeper,32,Inter Milan,SerieA,300000.0,0.0,0.0,0.0,0.0,0.0,0.0,46,https://tmssl.akamaized.net/images/wappen/medium/46.png
Alessandro Bastoni,Centre-Back,27,Inter Milan,SerieA,70000000.0,38.0,2.0,6.0,8.0,0.0,3057.0,46,https://tmssl.akamaized.net/images/wappen/medium/46.png
Yann Bisseck,Centre-Back,25,Inter Milan,SerieA,40000000.0,33.0,3.0,3.0,3.0,0.0,2602.0,46,https://tmssl.akamaized.net/images/wappen/medium/46.png
Manuel Akanji,Centre-Back,30,Inter Milan,SerieA,18000000.0,44.0,2.0,0.0,5.0,0.0,3617.0,46,https://tmssl.akamaized.net/images/wappen/medium/46.png
Stefan de Vrij,Centre-Back,34,Inter Milan,SerieA,3500000.0,15.0,0.0,0.0,2.0,0.0,995.0,46,https://tmssl.akamaized.net/images/wappen/medium/46.png
Francesco Acerbi,Centre-Back,38,Inter Milan,SerieA,2500000.0,24.0,0.0,0.0,5.0,0.0,1844.0,46,https://tmssl.akamaized.net/images/wappen/medium/46.png
Federico Dimarco,Left-Back,28,Inter Milan,SerieA,50000000.0,44.0,7.0,18.0,4.0,0.0,3489.0,46,https://tmssl.akamaized.net/images/wappen/medium/46.png
Carlos Augusto,Left-Back,27,Inter Milan,SerieA,26000000.0,42.0,2.0,2.0,6.0,0.0,2229.0,46,https://tmssl.akamaized.net/images/wappen/medium/46.png
Denzel Dumfries,Right-Back,30,Inter Milan,SerieA,25000000.0,26.0,5.0,1.0,2.0,0.0,1681.0,46,https://tmssl.akamaized.net/images/wappen/medium/46.png
Matteo Darmian,Right-Back,36,Inter Milan,SerieA,1500000.0,8.0,0.0,0.0,0.0,0.0,330.0,46,https://tmssl.akamaized.net/images/wappen/medium/46.png
Hakan Çalhanoğlu,Defensive Midfield,32,Inter Milan,SerieA,18000000.0,30.0,12.0,7.0,7.0,0.0,2137.0,46,https://tmssl.akamaized.net/images/wappen/medium/46.png
Nicolò Barella,Central Midfield,29,Inter Milan,SerieA,50000000.0,42.0,3.0,9.0,8.0,0.0,3211.0,46,https://tmssl.akamaized.net/images/wappen/medium/46.png
Petar Sučić,Central Midfield,22,Inter Milan,SerieA,30000000.0,46.0,3.0,4.0,6.0,0.0,2237.0,46,https://tmssl.akamaized.net/images/wappen/medium/46.png
Davide Frattesi,Central Midfield,26,Inter Milan,SerieA,22000000.0,32.0,0.0,3.0,0.0,0.0,1093.0,46,https://tmssl.akamaized.net/images/wappen/medium/46.png
Andy Diouf,Central Midfield,23,Inter Milan,SerieA,18000000.0,26.0,3.0,0.0,1.0,0.0,662.0,46,https://tmssl.akamaized.net/images/wappen/medium/46.png
Henrikh Mkhitaryan,Central Midfield,37,Inter Milan,SerieA,3500000.0,35.0,3.0,3.0,5.0,0.0,1832.0,46,https://tmssl.akamaized.net/images/wappen/medium/46.png
Luis Henrique,Right Midfield,24,Inter Milan,SerieA,23000000.0,39.0,1.0,3.0,1.0,0.0,2078.0,46,https://tmssl.akamaized.net/images/wappen/medium/46.png
Lautaro Martínez,Centre-Forward,28,Inter Milan,SerieA,85000000.0,37.0,20.0,5.0,5.0,0.0,2498.0,46,https://tmssl.akamaized.net/images/wappen/medium/46.png
Marcus Thuram,Centre-Forward,28,Inter Milan,SerieA,50000000.0,42.0,18.0,7.0,3.0,0.0,2757.0,46,https://tmssl.akamaized.net/images/wappen/medium/46.png
Pio Esposito,Centre-Forward,20,Inter Milan,SerieA,45000000.0,46.0,9.0,6.0,3.0,0.0,2149.0,46,https://tmssl.akamaized.net/images/wappen/medium/46.png
Ange-Yoan Bonny,Centre-Forward,22,Inter Milan,SerieA,35000000.0,44.0,7.0,7.0,1.0,0.0,1517.0,46,https://tmssl.akamaized.net/images/wappen/medium/46.png
Michele Di Gregorio,Goalkeeper,28,Juventus FC,SerieA,14000000.0,35.0,0.0,0.0,1.0,0.0,3105.0,506,https://tmssl.akamaized.net/images/wappen/medium/506.png
Mattia Perin,Goalkeeper,33,Juventus FC,SerieA,2000000.0,13.0,0.0,0.0,0.0,0.0,1155.0,506,https://tmssl.akamaized.net/images/wappen/medium/506.png
Carlo Pinsoglio,Goalkeeper,36,Juventus FC,SerieA,200000.0,0.0,0.0,0.0,0.0,0.0,0.0,506,https://tmssl.akamaized.net/images/wappen/medium/506.png
Bremer,Centre-Back,29,Juventus FC,SerieA,35000000.0,29.0,4.0,3.0,4.0,0.0,2389.0,506,https://tmssl.akamaized.net/images/wappen/medium/506.png
Pierre Kalulu,Centre-Back,25,Juventus FC,SerieA,32000000.0,46.0,2.0,7.0,1.0,0.0,4111.0,506,https://tmssl.akamaized.net/images/wappen/medium/506.png
Lloyd Kelly,Centre-Back,27,Juventus FC,SerieA,20000000.0,43.0,2.0,2.0,6.0,1.0,3686.0,506,https://tmssl.akamaized.net/images/wappen/medium/506.png
Federico Gatti,Centre-Back,27,Juventus FC,SerieA,16000000.0,25.0,4.0,0.0,3.0,0.0,1553.0,506,https://tmssl.akamaized.net/images/wappen/medium/506.png
Andrea Cambiaso,Left-Back,26,Juventus FC,SerieA,30000000.0,44.0,3.0,4.0,6.0,1.0,3394.0,506,https://tmssl.akamaized.net/images/wappen/medium/506.png
Juan Cabal,Left-Back,25,Juventus FC,SerieA,9000000.0,19.0,2.0,1.0,3.0,0.0,514.0,506,https://tmssl.akamaized.net/images/wappen/medium/506.png
Emil Holm,Right-Back,26,Juventus FC,SerieA,13000000.0,25.0,1.0,5.0,4.0,0.0,1443.0,506,https://tmssl.akamaized.net/images/wappen/medium/506.png
Manuel Locatelli,Defensive Midfield,28,Juventus FC,SerieA,25000000.0,44.0,3.0,2.0,11.0,0.0,3492.0,506,https://tmssl.akamaized.net/images/wappen/medium/506.png
Teun Koopmeiners,Defensive Midfield,28,Juventus FC,SerieA,20000000.0,42.0,2.0,1.0,5.0,0.0,2517.0,506,https://tmssl.akamaized.net/images/wappen/medium/506.png
Khéphren Thuram,Central Midfield,25,Juventus FC,SerieA,40000000.0,43.0,4.0,4.0,3.0,0.0,3045.0,506,https://tmssl.akamaized.net/images/wappen/medium/506.png
Weston McKennie,Central Midfield,27,Juventus FC,SerieA,30000000.0,45.0,9.0,8.0,6.0,0.0,3655.0,506,https://tmssl.akamaized.net/images/wappen/medium/506.png
Fabio Miretti,Central Midfield,22,Juventus FC,SerieA,16000000.0,29.0,1.0,3.0,2.0,0.0,924.0,506,https://tmssl.akamaized.net/images/wappen/medium/506.png
Filip Kostić,Left Midfield,33,Juventus FC,SerieA,3500000.0,23.0,3.0,1.0,1.0,0.0,527.0,506,https://tmssl.akamaized.net/images/wappen/medium/506.png
Vasilije Adžić,Attacking Midfield,20,Juventus FC,SerieA,8000000.0,17.0,1.0,0.0,1.0,0.0,349.0,506,https://tmssl.akamaized.net/images/wappen/medium/506.png
Kenan Yıldız,Left Winger,21,Juventus FC,SerieA,75000000.0,45.0,11.0,10.0,4.0,0.0,3523.0,506,https://tmssl.akamaized.net/images/wappen/medium/506.png
Jérémie Boga,Left Winger,29,Juventus FC,SerieA,8000000.0,34.0,6.0,3.0,1.0,0.0,1558.0,506,https://tmssl.akamaized.net/images/wappen/medium/506.png
Francisco Conceição,Right Winger,23,Juventus FC,SerieA,30000000.0,39.0,4.0,4.0,3.0,0.0,2472.0,506,https://tmssl.akamaized.net/images/wappen/medium/506.png
Edon Zhegrova,Right Winger,27,Juventus FC,SerieA,14000000.0,24.0,0.0,0.0,0.0,0.0,485.0,506,https://tmssl.akamaized.net/images/wappen/medium/506.png
Dušan Vlahović,Centre-Forward,26,Juventus FC,SerieA,35000000.0,20.0,7.0,2.0,0.0,0.0,933.0,506,https://tmssl.akamaized.net/images/wappen/medium/506.png
Jonathan David,Centre-Forward,26,Juventus FC,SerieA,35000000.0,44.0,8.0,5.0,0.0,0.0,2294.0,506,https://tmssl.akamaized.net/images/wappen/medium/506.png
Loïs Openda,Centre-Forward,26,Juventus FC,SerieA,32000000.0,37.0,2.0,0.0,0.0,0.0,1133.0,506,https://tmssl.akamaized.net/images/wappen/medium/506.png
Arkadiusz Milik,Centre-Forward,32,Juventus FC,SerieA,1500000.0,2.0,0.0,0.0,0.0,0.0,34.0,506,https://tmssl.akamaized.net/images/wappen/medium/506.png
Jean Butez,Goalkeeper,30,Como 1907,SerieA,8000000.0,41.0,0.0,1.0,3.0,0.0,3690.0,1047,https://tmssl.akamaized.net/images/wappen/medium/1047.png
Noel Törnqvist,Goalkeeper,24,Como 1907,SerieA,2000000.0,0.0,0.0,0.0,0.0,0.0,0.0,1047,https://tmssl.akamaized.net/images/wappen/medium/1047.png
Nikola Cavlina,Goalkeeper,23,Como 1907,SerieA,750000.0,0.0,0.0,0.0,0.0,0.0,0.0,1047,https://tmssl.akamaized.net/images/wappen/medium/1047.png
Henrique Menke,Goalkeeper,19,Como 1907,SerieA,300000.0,0.0,0.0,0.0,0.0,0.0,0.0,1047,https://tmssl.akamaized.net/images/wappen/medium/1047.png
Mauro Vigorito,Goalkeeper,35,Como 1907,SerieA,150000.0,0.0,0.0,0.0,0.0,0.0,0.0,1047,https://tmssl.akamaized.net/images/wappen/medium/1047.png
Jacobo Ramón,Centre-Back,21,Como 1907,SerieA,25000000.0,35.0,2.0,0.0,11.0,1.0,2976.0,1047,https://tmssl.akamaized.net/images/wappen/medium/1047.png
Diego Carlos,Centre-Back,33,Como 1907,SerieA,6000000.0,29.0,1.0,1.0,9.0,0.0,2210.0,1047,https://tmssl.akamaized.net/images/wappen/medium/1047.png
Marc Oliver Kempf,Centre-Back,31,Como 1907,SerieA,3500000.0,35.0,4.0,0.0,3.0,0.0,2368.0,1047,https://tmssl.akamaized.net/images/wappen/medium/1047.png
Edoardo Goldaniga,Centre-Back,32,Como 1907,SerieA,2500000.0,3.0,0.0,0.0,0.0,0.0,104.0,1047,https://tmssl.akamaized.net/images/wappen/medium/1047.png
Álex Valle,Left-Back,22,Como 1907,SerieA,10000000.0,30.0,1.0,4.0,3.0,0.0,2248.0,1047,https://tmssl.akamaized.net/images/wappen/medium/1047.png
Alberto Moreno,Left-Back,33,Como 1907,SerieA,1000000.0,20.0,1.0,2.0,2.0,0.0,1295.0,1047,https://tmssl.akamaized.net/images/wappen/medium/1047.png
Ignace Van der Brempt,Right-Back,24,Como 1907,SerieA,3500000.0,20.0,0.0,2.0,3.0,0.0,973.0,1047,https://tmssl.akamaized.net/images/wappen/medium/1047.png
Mërgim Vojvoda,Right-Back,31,Como 1907,SerieA,3000000.0,32.0,2.0,3.0,2.0,0.0,1763.0,1047,https://tmssl.akamaized.net/images/wappen/medium/1047.png
Ivan Smolcic,Right-Back,25,Como 1907,SerieA,2500000.0,29.0,0.0,2.0,8.0,0.0,1746.0,1047,https://tmssl.akamaized.net/images/wappen/medium/1047.png
Máximo Perrone,Defensive Midfield,23,Como 1907,SerieA,30000000.0,38.0,3.0,4.0,9.0,0.0,2848.0,1047,https://tmssl.akamaized.net/images/wappen/medium/1047.png
Lucas Da Cunha,Central Midfield,24,Como 1907,SerieA,20000000.0,39.0,6.0,5.0,4.0,0.0,2923.0,1047,https://tmssl.akamaized.net/images/wappen/medium/1047.png
Maxence Caqueret,Central Midfield,26,Como 1907,SerieA,15000000.0,33.0,2.0,5.0,2.0,0.0,1727.0,1047,https://tmssl.akamaized.net/images/wappen/medium/1047.png
Adrian Lahdo,Central Midfield,18,Como 1907,SerieA,10000000.0,0.0,0.0,0.0,0.0,0.0,0.0,1047,https://tmssl.akamaized.net/images/wappen/medium/1047.png
Sergi Roberto,Central Midfield,34,Como 1907,SerieA,1500000.0,22.0,1.0,0.0,5.0,0.0,782.0,1047,https://tmssl.akamaized.net/images/wappen/medium/1047.png
Nico Paz,Attacking Midfield,21,Como 1907,SerieA,65000000.0,39.0,13.0,8.0,6.0,0.0,3201.0,1047,https://tmssl.akamaized.net/images/wappen/medium/1047.png
Martin Baturina,Attacking Midfield,23,Como 1907,SerieA,24000000.0,31.0,8.0,4.0,1.0,0.0,1625.0,1047,https://tmssl.akamaized.net/images/wappen/medium/1047.png
Jesús Rodríguez,Left Winger,20,Como 1907,SerieA,30000000.0,33.0,3.0,8.0,2.0,1.0,1794.0,1047,https://tmssl.akamaized.net/images/wappen/medium/1047.png
Assane Diao,Left Winger,20,Como 1907,SerieA,30000000.0,17.0,2.0,1.0,2.0,0.0,903.0,1047,https://tmssl.akamaized.net/images/wappen/medium/1047.png
Jayden Addai,Right Winger,20,Como 1907,SerieA,20000000.0,16.0,3.0,0.0,4.0,0.0,919.0,1047,https://tmssl.akamaized.net/images/wappen/medium/1047.png
Nicolas Kühn,Right Winger,26,Como 1907,SerieA,12000000.0,25.0,1.0,2.0,1.0,0.0,790.0,1047,https://tmssl.akamaized.net/images/wappen/medium/1047.png
Anastasios Douvikas,Centre-Forward,26,Como 1907,SerieA,18000000.0,41.0,15.0,2.0,0.0,0.0,2274.0,1047,https://tmssl.akamaized.net/images/wappen/medium/1047.png
Álvaro Morata,Centre-Forward,33,Como 1907,SerieA,8000000.0,28.0,1.0,2.0,3.0,0.0,983.0,1047,https://tmssl.akamaized.net/images/wappen/medium/1047.png
Mike Maignan,Goalkeeper,30,AC Milan,SerieA,25000000.0,38.0,0.0,0.0,3.0,0.0,3386.0,5,https://tmssl.akamaized.net/images/wappen/medium/5.png
Pietro Terracciano,Goalkeeper,36,AC Milan,SerieA,1000000.0,2.0,0.0,0.0,0.0,0.0,124.0,5,https://tmssl.akamaized.net/images/wappen/medium/5.png
Lorenzo Torriani,Goalkeeper,21,AC Milan,SerieA,500000.0,0.0,0.0,0.0,0.0,0.0,0.0,5,https://tmssl.akamaized.net/images/wappen/medium/5.png
Strahinja Pavlović,Centre-Back,24,AC Milan,SerieA,35000000.0,35.0,4.0,1.0,5.0,0.0,2949.0,5,https://tmssl.akamaized.net/images/wappen/medium/5.png
Koni De Winter,Centre-Back,23,AC Milan,SerieA,23000000.0,27.0,1.0,1.0,2.0,0.0,1975.0,5,https://tmssl.akamaized.net/images/wappen/medium/5.png
Fikayo Tomori,Centre-Back,28,AC Milan,SerieA,20000000.0,35.0,0.0,3.0,6.0,0.0,2786.0,5,https://tmssl.akamaized.net/images/wappen/medium/5.png
Matteo Gabbia,Centre-Back,26,AC Milan,SerieA,20000000.0,28.0,0.0,0.0,3.0,0.0,2351.0,5,https://tmssl.akamaized.net/images/wappen/medium/5.png
David Odogu,Centre-Back,19,AC Milan,SerieA,5000000.0,3.0,0.0,0.0,0.0,0.0,16.0,5,https://tmssl.akamaized.net/images/wappen/medium/5.png
Davide Bartesaghi,Left-Back,20,AC Milan,SerieA,23000000.0,30.0,2.0,1.0,3.0,0.0,2276.0,5,https://tmssl.akamaized.net/images/wappen/medium/5.png
Pervis Estupiñán,Left-Back,28,AC Milan,SerieA,14000000.0,21.0,1.0,1.0,5.0,1.0,1293.0,5,https://tmssl.akamaized.net/images/wappen/medium/5.png
Zachary Athekame,Right-Back,21,AC Milan,SerieA,10000000.0,26.0,1.0,2.0,4.0,0.0,722.0,5,https://tmssl.akamaized.net/images/wappen/medium/5.png
Ardon Jashari,Defensive Midfield,23,AC Milan,SerieA,30000000.0,15.0,0.0,1.0,0.0,0.0,733.0,5,https://tmssl.akamaized.net/images/wappen/medium/5.png
Samuele Ricci,Defensive Midfield,24,AC Milan,SerieA,25000000.0,32.0,1.0,3.0,3.0,0.0,1387.0,5,https://tmssl.akamaized.net/images/wappen/medium/5.png
Youssouf Fofana,Defensive Midfield,27,AC Milan,SerieA,25000000.0,33.0,2.0,4.0,4.0,0.0,2205.0,5,https://tmssl.akamaized.net/images/wappen/medium/5.png
Adrien Rabiot,Central Midfield,31,AC Milan,SerieA,20000000.0,30.0,6.0,5.0,6.0,0.0,2640.0,5,https://tmssl.akamaized.net/images/wappen/medium/5.png
Ruben Loftus-Cheek,Central Midfield,30,AC Milan,SerieA,10000000.0,30.0,3.0,1.0,2.0,0.0,1403.0,5,https://tmssl.akamaized.net/images/wappen/medium/5.png
Luka Modrić,Central Midfield,40,AC Milan,SerieA,4000000.0,36.0,2.0,3.0,4.0,0.0,2836.0,5,https://tmssl.akamaized.net/images/wappen/medium/5.png
Alexis Saelemaekers,Right Midfield,26,AC Milan,SerieA,25000000.0,37.0,2.0,5.0,4.0,0.0,2897.0,5,https://tmssl.akamaized.net/images/wappen/medium/5.png
Rafael Leão,Left Winger,26,AC Milan,SerieA,65000000.0,29.0,10.0,3.0,4.0,0.0,1888.0,5,https://tmssl.akamaized.net/images/wappen/medium/5.png
Christian Pulisic,Right Winger,27,AC Milan,SerieA,50000000.0,32.0,10.0,3.0,0.0,0.0,1747.0,5,https://tmssl.akamaized.net/images/wappen/medium/5.png
Christopher Nkunku,Centre-Forward,28,AC Milan,SerieA,28000000.0,32.0,6.0,3.0,0.0,0.0,1346.0,5,https://tmssl.akamaized.net/images/wappen/medium/5.png
Santiago Gimenez,Centre-Forward,25,AC Milan,SerieA,20000000.0,15.0,1.0,2.0,2.0,0.0,866.0,5,https://tmssl.akamaized.net/images/wappen/medium/5.png
Niclas Füllkrug,Centre-Forward,33,AC Milan,SerieA,5000000.0,17.0,1.0,0.0,0.0,0.0,565.0,5,https://tmssl.akamaized.net/images/wappen/medium/5.png
Vanja Milinković-Savić,Goalkeeper,29,SSC Napoli,SerieA,20000000.0,37.0,0.0,1.0,0.0,0.0,3330.0,6195,https://tmssl.akamaized.net/images/wappen/medium/6195.png
Alex Meret,Goalkeeper,29,SSC Napoli,SerieA,14000000.0,10.0,0.0,1.0,1.0,0.0,900.0,6195,https://tmssl.akamaized.net/images/wappen/medium/6195.png
Nikita Contini,Goalkeeper,29,SSC Napoli,SerieA,400000.0,0.0,0.0,0.0,0.0,0.0,0.0,6195,https://tmssl.akamaized.net/images/wappen/medium/6195.png
Mathias Ferrante,Goalkeeper,19,SSC Napoli,SerieA,200000.0,0.0,0.0,0.0,0.0,0.0,0.0,6195,https://tmssl.akamaized.net/images/wappen/medium/6195.png
Alessandro Buongiorno,Centre-Back,26,SSC Napoli,SerieA,35000000.0,40.0,0.0,1.0,3.0,0.0,3000.0,6195,https://tmssl.akamaized.net/images/wappen/medium/6195.png
Sam Beukema,Centre-Back,27,SSC Napoli,SerieA,25000000.0,31.0,2.0,0.0,2.0,0.0,2124.0,6195,https://tmssl.akamaized.net/images/wappen/medium/6195.png
Amir Rrahmani,Centre-Back,32,SSC Napoli,SerieA,12000000.0,24.0,1.0,1.0,5.0,0.0,2070.0,6195,https://tmssl.akamaized.net/images/wappen/medium/6195.png
Juan Jesus,Centre-Back,34,SSC Napoli,SerieA,1500000.0,34.0,0.0,0.0,9.0,0.0,2332.0,6195,https://tmssl.akamaized.net/images/wappen/medium/6195.png
Miguel Gutiérrez,Left-Back,24,SSC Napoli,SerieA,17000000.0,33.0,1.0,1.0,1.0,0.0,1650.0,6195,https://tmssl.akamaized.net/images/wappen/medium/6195.png
Mathías Olivera,Left-Back,28,SSC Napoli,SerieA,15000000.0,31.0,0.0,2.0,3.0,0.0,1751.0,6195,https://tmssl.akamaized.net/images/wappen/medium/6195.png
Leonardo Spinazzola,Left-Back,33,SSC Napoli,SerieA,3500000.0,40.0,3.0,5.0,3.0,0.0,2514.0,6195,https://tmssl.akamaized.net/images/wappen/medium/6195.png
Giovanni Di Lorenzo,Right-Back,32,SSC Napoli,SerieA,10000000.0,32.0,1.0,3.0,2.0,1.0,2751.0,6195,https://tmssl.akamaized.net/images/wappen/medium/6195.png
Pasquale Mazzocchi,Right-Back,30,SSC Napoli,SerieA,1700000.0,17.0,0.0,0.0,0.0,1.0,437.0,6195,https://tmssl.akamaized.net/images/wappen/medium/6195.png
Billy Gilmour,Defensive Midfield,24,SSC Napoli,SerieA,20000000.0,18.0,1.0,0.0,1.0,0.0,820.0,6195,https://tmssl.akamaized.net/images/wappen/medium/6195.png
Stanislav Lobotka,Defensive Midfield,31,SSC Napoli,SerieA,15000000.0,38.0,1.0,1.0,3.0,0.0,3010.0,6195,https://tmssl.akamaized.net/images/wappen/medium/6195.png
Scott McTominay,Central Midfield,29,SSC Napoli,SerieA,45000000.0,41.0,13.0,4.0,2.0,0.0,3431.0,6195,https://tmssl.akamaized.net/images/wappen/medium/6195.png
Frank Anguissa,Central Midfield,30,SSC Napoli,SerieA,20000000.0,22.0,4.0,2.0,1.0,0.0,1597.0,6195,https://tmssl.akamaized.net/images/wappen/medium/6195.png
Antonio Vergara,Attacking Midfield,23,SSC Napoli,SerieA,15000000.0,18.0,3.0,4.0,3.0,0.0,916.0,6195,https://tmssl.akamaized.net/images/wappen/medium/6195.png
Eljif Elmas,Attacking Midfield,26,SSC Napoli,SerieA,14000000.0,41.0,1.0,3.0,4.0,0.0,2318.0,6195,https://tmssl.akamaized.net/images/wappen/medium/6195.png
Kevin De Bruyne,Attacking Midfield,34,SSC Napoli,SerieA,10000000.0,19.0,5.0,3.0,1.0,0.0,1249.0,6195,https://tmssl.akamaized.net/images/wappen/medium/6195.png
Alisson Santos,Left Winger,23,SSC Napoli,SerieA,13000000.0,12.0,3.0,0.0,0.0,0.0,686.0,6195,https://tmssl.akamaized.net/images/wappen/medium/6195.png
David Neres,Right Winger,29,SSC Napoli,SerieA,28000000.0,25.0,6.0,4.0,3.0,0.0,1368.0,6195,https://tmssl.akamaized.net/images/wappen/medium/6195.png
Matteo Politano,Right Winger,32,SSC Napoli,SerieA,8000000.0,42.0,2.0,6.0,5.0,0.0,2671.0,6195,https://tmssl.akamaized.net/images/wappen/medium/6195.png
Rasmus Højlund,Centre-Forward,23,SSC Napoli,SerieA,50000000.0,41.0,14.0,6.0,2.0,0.0,3357.0,6195,https://tmssl.akamaized.net/images/wappen/medium/6195.png
Romelu Lukaku,Centre-Forward,33,SSC Napoli,SerieA,12000000.0,7.0,1.0,0.0,1.0,0.0,64.0,6195,https://tmssl.akamaized.net/images/wappen/medium/6195.png
Giovane,Centre-Forward,22,SSC Napoli,SerieA,12000000.0,12.0,0.0,2.0,0.0,0.0,316.0,6195,https://tmssl.akamaized.net/images/wappen/medium/6195.png
Mile Svilar,Goalkeeper,26,AS Roma,SerieA,35000000.0,45.0,0.0,0.0,0.0,0.0,4080.0,12,https://tmssl.akamaized.net/images/wappen/medium/12.png
Pierluigi Gollini,Goalkeeper,31,AS Roma,SerieA,800000.0,1.0,0.0,0.0,0.0,0.0,90.0,12,https://tmssl.akamaized.net/images/wappen/medium/12.png
Radoslaw Zelezny,Goalkeeper,19,AS Roma,SerieA,200000.0,0.0,0.0,0.0,0.0,0.0,0.0,12,https://tmssl.akamaized.net/images/wappen/medium/12.png
Evan Ndicka,Centre-Back,26,AS Roma,SerieA,35000000.0,40.0,5.0,0.0,7.0,0.0,3353.0,12,https://tmssl.akamaized.net/images/wappen/medium/12.png
Gianluca Mancini,Centre-Back,30,AS Roma,SerieA,15000000.0,42.0,3.0,2.0,12.0,1.0,3430.0,12,https://tmssl.akamaized.net/images/wappen/medium/12.png
Daniele Ghilardi,Centre-Back,23,AS Roma,SerieA,15000000.0,26.0,0.0,0.0,3.0,0.0,1454.0,12,https://tmssl.akamaized.net/images/wappen/medium/12.png
Jan Ziolkowski,Centre-Back,20,AS Roma,SerieA,12000000.0,21.0,1.0,0.0,3.0,0.0,708.0,12,https://tmssl.akamaized.net/images/wappen/medium/12.png
Mario Hermoso,Centre-Back,30,AS Roma,SerieA,7000000.0,32.0,4.0,2.0,10.0,0.0,2375.0,12,https://tmssl.akamaized.net/images/wappen/medium/12.png
Angeliño,Left-Back,29,AS Roma,SerieA,10000000.0,9.0,0.0,0.0,2.0,0.0,426.0,12,https://tmssl.akamaized.net/images/wappen/medium/12.png
Konstantinos Tsimikas,Left-Back,30,AS Roma,SerieA,8000000.0,25.0,0.0,1.0,2.0,0.0,1053.0,12,https://tmssl.akamaized.net/images/wappen/medium/12.png
Zeki Çelik,Right-Back,29,AS Roma,SerieA,12000000.0,42.0,1.0,4.0,5.0,1.0,3382.0,12,https://tmssl.akamaized.net/images/wappen/medium/12.png
Devyne Rensch,Right-Back,23,AS Roma,SerieA,8500000.0,29.0,0.0,4.0,2.0,0.0,1475.0,12,https://tmssl.akamaized.net/images/wappen/medium/12.png
Bryan Cristante,Defensive Midfield,31,AS Roma,SerieA,7000000.0,43.0,2.0,2.0,8.0,0.0,3501.0,12,https://tmssl.akamaized.net/images/wappen/medium/12.png
Manu Koné,Central Midfield,25,AS Roma,SerieA,50000000.0,35.0,2.0,3.0,3.0,0.0,2665.0,12,https://tmssl.akamaized.net/images/wappen/medium/12.png
Neil El Aynaoui,Central Midfield,24,AS Roma,SerieA,20000000.0,31.0,2.0,2.0,6.0,0.0,1537.0,12,https://tmssl.akamaized.net/images/wappen/medium/12.png
Niccolò Pisilli,Central Midfield,21,AS Roma,SerieA,20000000.0,31.0,4.0,3.0,4.0,0.0,1749.0,12,https://tmssl.akamaized.net/images/wappen/medium/12.png
Lorenzo Pellegrini,Attacking Midfield,29,AS Roma,SerieA,9000000.0,33.0,7.0,4.0,2.0,0.0,1989.0,12,https://tmssl.akamaized.net/images/wappen/medium/12.png
Bryan Zaragoza,Left Winger,24,AS Roma,SerieA,10000000.0,32.0,2.0,5.0,2.0,0.0,1611.0,12,https://tmssl.akamaized.net/images/wappen/medium/12.png
Stephan El Shaarawy,Left Winger,33,AS Roma,SerieA,2500000.0,26.0,1.0,3.0,4.0,0.0,1002.0,12,https://tmssl.akamaized.net/images/wappen/medium/12.png
Matías Soulé,Right Winger,23,AS Roma,SerieA,35000000.0,39.0,7.0,8.0,2.0,0.0,2641.0,12,https://tmssl.akamaized.net/images/wappen/medium/12.png
Lorenzo Venturino,Right Winger,19,AS Roma,SerieA,4500000.0,14.0,0.0,1.0,0.0,0.0,288.0,12,https://tmssl.akamaized.net/images/wappen/medium/12.png
Paulo Dybala,Second Striker,32,AS Roma,SerieA,5000000.0,24.0,3.0,4.0,0.0,0.0,1326.0,12,https://tmssl.akamaized.net/images/wappen/medium/12.png
Donyell Malen,Centre-Forward,27,AS Roma,SerieA,35000000.0,46.0,19.0,5.0,1.0,0.0,2537.0,12,https://tmssl.akamaized.net/images/wappen/medium/12.png
Evan Ferguson,Centre-Forward,21,AS Roma,SerieA,25000000.0,22.0,5.0,2.0,1.0,0.0,1078.0,12,https://tmssl.akamaized.net/images/wappen/medium/12.png
Robinio Vaz,Centre-Forward,19,AS Roma,SerieA,18000000.0,32.0,5.0,4.0,2.0,0.0,737.0,12,https://tmssl.akamaized.net/images/wappen/medium/12.png
Artem Dovbyk,Centre-Forward,28,AS Roma,SerieA,15000000.0,17.0,3.0,2.0,0.0,0.0,625.0,12,https://tmssl.akamaized.net/images/wappen/medium/12.png
Marco Carnesecchi,Goalkeeper,25,Atalanta BC,SerieA,25000000.0,48.0,0.0,0.0,0.0,0.0,4350.0,800,https://tmssl.akamaized.net/images/wappen/medium/800.png
Marco Sportiello,Goalkeeper,34,Atalanta BC,SerieA,1000000.0,3.0,0.0,0.0,0.0,0.0,270.0,800,https://tmssl.akamaized.net/images/wappen/medium/800.png
Francesco Rossi,Goalkeeper,35,Atalanta BC,SerieA,100000.0,0.0,0.0,0.0,0.0,0.0,0.0,800,https://tmssl.akamaized.net/images/wappen/medium/800.png
Giorgio Scalvini,Centre-Back,22,Atalanta BC,SerieA,30000000.0,27.0,3.0,1.0,2.0,1.0,2016.0,800,https://tmssl.akamaized.net/images/wappen/medium/800.png
Honest Ahanor,Centre-Back,18,Atalanta BC,SerieA,25000000.0,32.0,1.0,0.0,2.0,1.0,1695.0,800,https://tmssl.akamaized.net/images/wappen/medium/800.png
Isak Hien,Centre-Back,27,Atalanta BC,SerieA,22000000.0,37.0,1.0,0.0,6.0,0.0,2675.0,800,https://tmssl.akamaized.net/images/wappen/medium/800.png
Odilon Kossounou,Centre-Back,25,Atalanta BC,SerieA,18000000.0,31.0,1.0,0.0,3.0,0.0,1871.0,800,https://tmssl.akamaized.net/images/wappen/medium/800.png
Sead Kolasinac,Centre-Back,32,Atalanta BC,SerieA,6000000.0,26.0,0.0,0.0,4.0,0.0,1715.0,800,https://tmssl.akamaized.net/images/wappen/medium/800.png
Berat Djimsiti,Centre-Back,33,Atalanta BC,SerieA,5000000.0,45.0,1.0,0.0,6.0,0.0,3385.0,800,https://tmssl.akamaized.net/images/wappen/medium/800.png
Marten de Roon,Defensive Midfield,35,Atalanta BC,SerieA,3500000.0,47.0,2.0,4.0,9.0,0.0,3684.0,800,https://tmssl.akamaized.net/images/wappen/medium/800.png
Éderson,Central Midfield,26,Atalanta BC,SerieA,40000000.0,39.0,2.0,1.0,4.0,0.0,2989.0,800,https://tmssl.akamaized.net/images/wappen/medium/800.png
Yunus Musah,Central Midfield,23,Atalanta BC,SerieA,18000000.0,27.0,2.0,1.0,4.0,0.0,822.0,800,https://tmssl.akamaized.net/images/wappen/medium/800.png
Mario Pašalić,Central Midfield,31,Atalanta BC,SerieA,7000000.0,43.0,10.0,7.0,3.0,0.0,2627.0,800,https://tmssl.akamaized.net/images/wappen/medium/800.png
Raoul Bellanova,Right Midfield,26,Atalanta BC,SerieA,18000000.0,34.0,0.0,2.0,1.0,0.0,1931.0,800,https://tmssl.akamaized.net/images/wappen/medium/800.png
Davide Zappacosta,Right Midfield,33,Atalanta BC,SerieA,3500000.0,45.0,3.0,3.0,3.0,0.0,3419.0,800,https://tmssl.akamaized.net/images/wappen/medium/800.png
Nicola Zalewski,Left Midfield,24,Atalanta BC,SerieA,20000000.0,40.0,2.0,7.0,3.0,0.0,2356.0,800,https://tmssl.akamaized.net/images/wappen/medium/800.png
Lorenzo Bernasconi,Left Midfield,22,Atalanta BC,SerieA,15000000.0,37.0,0.0,3.0,4.0,0.0,2668.0,800,https://tmssl.akamaized.net/images/wappen/medium/800.png
Mitchel Bakker,Left Midfield,25,Atalanta BC,SerieA,4000000.0,0.0,0.0,0.0,0.0,0.0,0.0,800,https://tmssl.akamaized.net/images/wappen/medium/800.png
Charles De Ketelaere,Attacking Midfield,25,Atalanta BC,SerieA,35000000.0,39.0,5.0,7.0,4.0,0.0,2866.0,800,https://tmssl.akamaized.net/images/wappen/medium/800.png
Lazar Samardžić,Attacking Midfield,24,Atalanta BC,SerieA,17000000.0,37.0,6.0,2.0,2.0,0.0,1359.0,800,https://tmssl.akamaized.net/images/wappen/medium/800.png
Kamaldeen Sulemana,Left Winger,24,Atalanta BC,SerieA,18000000.0,35.0,3.0,2.0,3.0,0.0,1238.0,800,https://tmssl.akamaized.net/images/wappen/medium/800.png
Giacomo Raspadori,Second Striker,26,Atalanta BC,SerieA,22000000.0,28.0,4.0,4.0,1.0,0.0,1127.0,800,https://tmssl.akamaized.net/images/wappen/medium/800.png
Gianluca Scamacca,Centre-Forward,27,Atalanta BC,SerieA,25000000.0,37.0,14.0,3.0,5.0,0.0,2008.0,800,https://tmssl.akamaized.net/images/wappen/medium/800.png
Nikola Krstović,Centre-Forward,26,Atalanta BC,SerieA,25000000.0,46.0,11.0,7.0,3.0,0.0,2372.0,800,https://tmssl.akamaized.net/images/wappen/medium/800.png
David de Gea,Goalkeeper,35,ACF Fiorentina,SerieA,3500000.0,44.0,0.0,0.0,1.0,0.0,3945.0,430,https://tmssl.akamaized.net/images/wappen/medium/430.png
Oliver Christensen,Goalkeeper,27,ACF Fiorentina,SerieA,1500000.0,3.0,0.0,0.0,0.0,0.0,270.0,430,https://tmssl.akamaized.net/images/wappen/medium/430.png
Luca Lezzerini,Goalkeeper,31,ACF Fiorentina,SerieA,350000.0,2.0,0.0,0.0,1.0,0.0,135.0,430,https://tmssl.akamaized.net/images/wappen/medium/430.png
Pietro Comuzzo,Centre-Back,21,ACF Fiorentina,SerieA,23000000.0,39.0,1.0,0.0,6.0,0.0,2582.0,430,https://tmssl.akamaized.net/images/wappen/medium/430.png
Marin Pongracic,Centre-Back,28,ACF Fiorentina,SerieA,7500000.0,45.0,1.0,0.0,16.0,0.0,3598.0,430,https://tmssl.akamaized.net/images/wappen/medium/430.png
Luca Ranieri,Centre-Back,27,ACF Fiorentina,SerieA,7000000.0,43.0,3.0,0.0,10.0,0.0,3177.0,430,https://tmssl.akamaized.net/images/wappen/medium/430.png
Eddy Kouadio,Centre-Back,20,ACF Fiorentina,SerieA,2500000.0,8.0,0.0,1.0,1.0,0.0,207.0,430,https://tmssl.akamaized.net/images/wappen/medium/430.png
Daniele Rugani,Centre-Back,31,ACF Fiorentina,SerieA,2000000.0,13.0,0.0,0.0,2.0,0.0,611.0,430,https://tmssl.akamaized.net/images/wappen/medium/430.png
Eman Košpo,Centre-Back,19,ACF Fiorentina,SerieA,1500000.0,0.0,0.0,0.0,0.0,0.0,0.0,430,https://tmssl.akamaized.net/images/wappen/medium/430.png
Niccolò Fortini,Left-Back,20,ACF Fiorentina,SerieA,10000000.0,26.0,0.0,1.0,1.0,0.0,1212.0,430,https://tmssl.akamaized.net/images/wappen/medium/430.png
Fabiano Parisi,Left-Back,25,ACF Fiorentina,SerieA,6000000.0,30.0,1.0,2.0,7.0,0.0,1875.0,430,https://tmssl.akamaized.net/images/wappen/medium/430.png
Robin Gosens,Left-Back,31,ACF Fiorentina,SerieA,4500000.0,33.0,4.0,3.0,3.0,0.0,2303.0,430,https://tmssl.akamaized.net/images/wappen/medium/430.png
Luis Balbo,Left-Back,20,ACF Fiorentina,SerieA,500000.0,8.0,0.0,0.0,0.0,0.0,282.0,430,https://tmssl.akamaized.net/images/wappen/medium/430.png
Dodô,Right-Back,27,ACF Fiorentina,SerieA,18000000.0,44.0,2.0,3.0,10.0,0.0,3637.0,430,https://tmssl.akamaized.net/images/wappen/medium/430.png
Rolando Mandragora,Defensive Midfield,28,ACF Fiorentina,SerieA,10000000.0,44.0,7.0,5.0,9.0,0.0,2884.0,430,https://tmssl.akamaized.net/images/wappen/medium/430.png
Nicolò Fagioli,Central Midfield,25,ACF Fiorentina,SerieA,16000000.0,43.0,3.0,3.0,7.0,0.0,3072.0,430,https://tmssl.akamaized.net/images/wappen/medium/430.png
Cher Ndour,Central Midfield,21,ACF Fiorentina,SerieA,10000000.0,44.0,6.0,3.0,7.0,0.0,2786.0,430,https://tmssl.akamaized.net/images/wappen/medium/430.png
Marco Brescianini,Central Midfield,26,ACF Fiorentina,SerieA,9000000.0,27.0,2.0,0.0,3.0,0.0,1022.0,430,https://tmssl.akamaized.net/images/wappen/medium/430.png
Jacopo Fazzini,Central Midfield,23,ACF Fiorentina,SerieA,9000000.0,32.0,0.0,1.0,3.0,0.0,1172.0,430,https://tmssl.akamaized.net/images/wappen/medium/430.png
Giovanni Fabbian,Attacking Midfield,23,ACF Fiorentina,SerieA,10000000.0,41.0,2.0,1.0,2.0,0.0,1889.0,430,https://tmssl.akamaized.net/images/wappen/medium/430.png
Abdelhamid Sabiri,Attacking Midfield,29,ACF Fiorentina,SerieA,1000000.0,2.0,0.0,0.0,0.0,0.0,40.0,430,https://tmssl.akamaized.net/images/wappen/medium/430.png
Manor Solomon,Left Winger,26,ACF Fiorentina,SerieA,9000000.0,27.0,3.0,5.0,1.0,0.0,1181.0,430,https://tmssl.akamaized.net/images/wappen/medium/430.png
Jack Harrison,Left Winger,29,ACF Fiorentina,SerieA,8000000.0,20.0,1.0,3.0,0.0,0.0,1352.0,430,https://tmssl.akamaized.net/images/wappen/medium/430.png
Albert Gudmundsson,Second Striker,28,ACF Fiorentina,SerieA,13000000.0,43.0,10.0,6.0,5.0,1.0,2676.0,430,https://tmssl.akamaized.net/images/wappen/medium/430.png
Moise Kean,Centre-Forward,26,ACF Fiorentina,SerieA,40000000.0,33.0,9.0,4.0,5.0,1.0,2351.0,430,https://tmssl.akamaized.net/images/wappen/medium/430.png
Roberto Piccoli,Centre-Forward,25,ACF Fiorentina,SerieA,16000000.0,41.0,8.0,2.0,3.0,0.0,2378.0,430,https://tmssl.akamaized.net/images/wappen/medium/430.png
Riccardo Braschi,Centre-Forward,19,ACF Fiorentina,SerieA,600000.0,2.0,0.0,0.0,0.0,0.0,53.0,430,https://tmssl.akamaized.net/images/wappen/medium/430.png
Lukasz Skorupski,Goalkeeper,35,Bologna FC 1909,SerieA,2500000.0,27.0,0.0,0.0,3.0,1.0,2314.0,1025,https://tmssl.akamaized.net/images/wappen/medium/1025.png
Federico Ravaglia,Goalkeeper,26,Bologna FC 1909,SerieA,2000000.0,25.0,0.0,0.0,4.0,0.0,2219.0,1025,https://tmssl.akamaized.net/images/wappen/medium/1025.png
Massimo Pessina,Goalkeeper,18,Bologna FC 1909,SerieA,1000000.0,3.0,0.0,0.0,0.0,0.0,262.0,1025,https://tmssl.akamaized.net/images/wappen/medium/1025.png
Jhon Lucumí,Centre-Back,27,Bologna FC 1909,SerieA,25000000.0,41.0,1.0,1.0,7.0,0.0,3387.0,1025,https://tmssl.akamaized.net/images/wappen/medium/1025.png
Torbjørn Heggem,Centre-Back,27,Bologna FC 1909,SerieA,14000000.0,35.0,0.0,0.0,2.0,1.0,2764.0,1025,https://tmssl.akamaized.net/images/wappen/medium/1025.png
Martin Vitík,Centre-Back,23,Bologna FC 1909,SerieA,10000000.0,30.0,0.0,0.0,7.0,0.0,2071.0,1025,https://tmssl.akamaized.net/images/wappen/medium/1025.png
Eivind Helland,Centre-Back,21,Bologna FC 1909,SerieA,7000000.0,4.0,0.0,0.0,1.0,0.0,245.0,1025,https://tmssl.akamaized.net/images/wappen/medium/1025.png
Nicolò Casale,Centre-Back,28,Bologna FC 1909,SerieA,5000000.0,18.0,0.0,0.0,1.0,0.0,1091.0,1025,https://tmssl.akamaized.net/images/wappen/medium/1025.png
Kevin Bonifazi,Centre-Back,30,Bologna FC 1909,SerieA,300000.0,0.0,0.0,0.0,0.0,0.0,0.0,1025,https://tmssl.akamaized.net/images/wappen/medium/1025.png
Juan Miranda,Left-Back,26,Bologna FC 1909,SerieA,15000000.0,42.0,1.0,3.0,10.0,0.0,3367.0,1025,https://tmssl.akamaized.net/images/wappen/medium/1025.png
Charalampos Lykogiannis,Left-Back,32,Bologna FC 1909,SerieA,1500000.0,18.0,0.0,1.0,3.0,1.0,1092.0,1025,https://tmssl.akamaized.net/images/wappen/medium/1025.png
João Mário,Right-Back,26,Bologna FC 1909,SerieA,8500000.0,26.0,2.0,1.0,2.0,0.0,1400.0,1025,https://tmssl.akamaized.net/images/wappen/medium/1025.png
Nadir Zortea,Right-Back,26,Bologna FC 1909,SerieA,7500000.0,42.0,0.0,6.0,3.0,0.0,2698.0,1025,https://tmssl.akamaized.net/images/wappen/medium/1025.png
Lorenzo De Silvestri,Right-Back,37,Bologna FC 1909,SerieA,700000.0,11.0,0.0,0.0,2.0,0.0,425.0,1025,https://tmssl.akamaized.net/images/wappen/medium/1025.png
Nikola Moro,Defensive Midfield,28,Bologna FC 1909,SerieA,6500000.0,41.0,2.0,1.0,1.0,0.0,2675.0,1025,https://tmssl.akamaized.net/images/wappen/medium/1025.png
Lewis Ferguson,Central Midfield,26,Bologna FC 1909,SerieA,18000000.0,42.0,1.0,0.0,7.0,0.0,2664.0,1025,https://tmssl.akamaized.net/images/wappen/medium/1025.png
Tommaso Pobega,Central Midfield,26,Bologna FC 1909,SerieA,9000000.0,35.0,3.0,2.0,3.0,1.0,1898.0,1025,https://tmssl.akamaized.net/images/wappen/medium/1025.png
Simon Sohm,Central Midfield,25,Bologna FC 1909,SerieA,8000000.0,36.0,1.0,1.0,3.0,0.0,1820.0,1025,https://tmssl.akamaized.net/images/wappen/medium/1025.png
Remo Freuler,Central Midfield,34,Bologna FC 1909,SerieA,4000000.0,37.0,1.0,2.0,6.0,0.0,2862.0,1025,https://tmssl.akamaized.net/images/wappen/medium/1025.png
Jens Odgaard,Attacking Midfield,27,Bologna FC 1909,SerieA,15000000.0,40.0,7.0,2.0,2.0,0.0,1983.0,1025,https://tmssl.akamaized.net/images/wappen/medium/1025.png
Jonathan Rowe,Left Winger,23,Bologna FC 1909,SerieA,20000000.0,41.0,7.0,4.0,3.0,0.0,2324.0,1025,https://tmssl.akamaized.net/images/wappen/medium/1025.png
Nicolò Cambiaghi,Left Winger,25,Bologna FC 1909,SerieA,16000000.0,42.0,4.0,6.0,5.0,1.0,2167.0,1025,https://tmssl.akamaized.net/images/wappen/medium/1025.png
Benja Domínguez,Left Winger,22,Bologna FC 1909,SerieA,10000000.0,19.0,0.0,3.0,1.0,0.0,675.0,1025,https://tmssl.akamaized.net/images/wappen/medium/1025.png
Riccardo Orsolini,Right Winger,29,Bologna FC 1909,SerieA,18000000.0,49.0,12.0,1.0,3.0,0.0,2796.0,1025,https://tmssl.akamaized.net/images/wappen/medium/1025.png
Federico Bernardeschi,Right Winger,32,Bologna FC 1909,SerieA,3500000.0,42.0,7.0,2.0,5.0,0.0,1889.0,1025,https://tmssl.akamaized.net/images/wappen/medium/1025.png
Santiago Castro,Centre-Forward,21,Bologna FC 1909,SerieA,35000000.0,48.0,11.0,4.0,4.0,0.0,3194.0,1025,https://tmssl.akamaized.net/images/wappen/medium/1025.png
Thijs Dallinga,Centre-Forward,25,Bologna FC 1909,SerieA,12000000.0,35.0,5.0,5.0,2.0,0.0,1315.0,1025,https://tmssl.akamaized.net/images/wappen/medium/1025.png
Elia Caprile,Goalkeeper,24,Cagliari Calcio,SerieA,15000000.0,37.0,0.0,0.0,2.0,0.0,3330.0,1390,https://tmssl.akamaized.net/images/wappen/medium/1390.png
Alen Sherri,Goalkeeper,28,Cagliari Calcio,SerieA,1000000.0,0.0,0.0,0.0,0.0,0.0,0.0,1390,https://tmssl.akamaized.net/images/wappen/medium/1390.png
Giuseppe Ciocci,Goalkeeper,24,Cagliari Calcio,SerieA,100000.0,1.0,0.0,0.0,0.0,0.0,90.0,1390,https://tmssl.akamaized.net/images/wappen/medium/1390.png
Alberto Dossena,Centre-Back,27,Cagliari Calcio,SerieA,7000000.0,9.0,0.0,1.0,5.0,0.0,648.0,1390,https://tmssl.akamaized.net/images/wappen/medium/1390.png
Adam Obert,Centre-Back,23,Cagliari Calcio,SerieA,6500000.0,34.0,0.0,3.0,8.0,0.0,2693.0,1390,https://tmssl.akamaized.net/images/wappen/medium/1390.png
Juan Rodríguez,Centre-Back,20,Cagliari Calcio,SerieA,5000000.0,15.0,0.0,0.0,3.0,0.0,1216.0,1390,https://tmssl.akamaized.net/images/wappen/medium/1390.png
Yerry Mina,Centre-Back,31,Cagliari Calcio,SerieA,3000000.0,25.0,1.0,0.0,3.0,0.0,2063.0,1390,https://tmssl.akamaized.net/images/wappen/medium/1390.png
Zé Pedro,Centre-Back,28,Cagliari Calcio,SerieA,2500000.0,22.0,0.0,1.0,4.0,0.0,1670.0,1390,https://tmssl.akamaized.net/images/wappen/medium/1390.png
Riyad Idrissi,Left-Back,20,Cagliari Calcio,SerieA,4000000.0,26.0,2.0,1.0,3.0,0.0,950.0,1390,https://tmssl.akamaized.net/images/wappen/medium/1390.png
Marco Palestra,Right-Back,21,Cagliari Calcio,SerieA,30000000.0,34.0,1.0,4.0,3.0,0.0,2906.0,1390,https://tmssl.akamaized.net/images/wappen/medium/1390.png
Gabriele Zappa,Right-Back,26,Cagliari Calcio,SerieA,3500000.0,30.0,0.0,3.0,2.0,0.0,1457.0,1390,https://tmssl.akamaized.net/images/wappen/medium/1390.png
Othniël Raterink,Right-Back,20,Cagliari Calcio,SerieA,1000000.0,1.0,0.0,0.0,0.0,0.0,6.0,1390,https://tmssl.akamaized.net/images/wappen/medium/1390.png
Ibrahim Sulemana,Defensive Midfield,22,Cagliari Calcio,SerieA,6000000.0,17.0,1.0,0.0,2.0,0.0,903.0,1390,https://tmssl.akamaized.net/images/wappen/medium/1390.png
Gianluca Gaetano,Defensive Midfield,26,Cagliari Calcio,SerieA,5000000.0,32.0,3.0,3.0,4.0,0.0,1774.0,1390,https://tmssl.akamaized.net/images/wappen/medium/1390.png
Michel Adopo,Central Midfield,25,Cagliari Calcio,SerieA,6000000.0,38.0,1.0,3.0,4.0,0.0,3009.0,1390,https://tmssl.akamaized.net/images/wappen/medium/1390.png
Michael Folorunsho,Central Midfield,28,Cagliari Calcio,SerieA,6000000.0,26.0,2.0,0.0,3.0,0.0,2008.0,1390,https://tmssl.akamaized.net/images/wappen/medium/1390.png
Joseph Liteta,Central Midfield,20,Cagliari Calcio,SerieA,3500000.0,4.0,0.0,0.0,0.0,0.0,266.0,1390,https://tmssl.akamaized.net/images/wappen/medium/1390.png
Alessandro Deiola,Central Midfield,30,Cagliari Calcio,SerieA,1600000.0,21.0,0.0,2.0,3.0,0.0,1509.0,1390,https://tmssl.akamaized.net/images/wappen/medium/1390.png
Luca Mazzitelli,Central Midfield,30,Cagliari Calcio,SerieA,1400000.0,20.0,2.0,2.0,3.0,0.0,846.0,1390,https://tmssl.akamaized.net/images/wappen/medium/1390.png
Mattia Felici,Left Winger,25,Cagliari Calcio,SerieA,2800000.0,13.0,3.0,2.0,3.0,0.0,457.0,1390,https://tmssl.akamaized.net/images/wappen/medium/1390.png
Agustín Albarracín,Left Winger,20,Cagliari Calcio,SerieA,2300000.0,1.0,0.0,0.0,0.0,0.0,14.0,1390,https://tmssl.akamaized.net/images/wappen/medium/1390.png
Sebastiano Esposito,Second Striker,23,Cagliari Calcio,SerieA,12000000.0,36.0,7.0,6.0,6.0,0.0,2512.0,1390,https://tmssl.akamaized.net/images/wappen/medium/1390.png
Semih Kılıçsoy,Centre-Forward,20,Cagliari Calcio,SerieA,13000000.0,25.0,4.0,0.0,1.0,0.0,1089.0,1390,https://tmssl.akamaized.net/images/wappen/medium/1390.png
Gennaro Borrelli,Centre-Forward,26,Cagliari Calcio,SerieA,3000000.0,28.0,5.0,2.0,4.0,0.0,1324.0,1390,https://tmssl.akamaized.net/images/wappen/medium/1390.png
Andrea Belotti,Centre-Forward,32,Cagliari Calcio,SerieA,1500000.0,6.0,2.0,0.0,0.0,0.0,209.0,1390,https://tmssl.akamaized.net/images/wappen/medium/1390.png
Yael Trepy,Centre-Forward,19,Cagliari Calcio,SerieA,1500000.0,7.0,1.0,0.0,0.0,0.0,81.0,1390,https://tmssl.akamaized.net/images/wappen/medium/1390.png
Paul Mendy,Centre-Forward,19,Cagliari Calcio,SerieA,800000.0,6.0,2.0,0.0,0.0,0.0,142.0,1390,https://tmssl.akamaized.net/images/wappen/medium/1390.png
Leonardo Pavoletti,Centre-Forward,37,Cagliari Calcio,SerieA,700000.0,14.0,1.0,1.0,1.0,0.0,272.0,1390,https://tmssl.akamaized.net/images/wappen/medium/1390.png
Edoardo Motta,Goalkeeper,21,SS Lazio,SerieA,4000000.0,9.0,0.0,0.0,1.0,0.0,840.0,398,https://tmssl.akamaized.net/images/wappen/medium/398.png
Ivan Provedel,Goalkeeper,32,SS Lazio,SerieA,3000000.0,29.0,0.0,0.0,1.0,0.0,2610.0,398,https://tmssl.akamaized.net/images/wappen/medium/398.png
Alessio Furlanetto,Goalkeeper,24,SS Lazio,SerieA,50000.0,0.0,0.0,0.0,0.0,0.0,0.0,398,https://tmssl.akamaized.net/images/wappen/medium/398.png
Mario Gila,Centre-Back,25,SS Lazio,SerieA,30000000.0,32.0,0.0,0.0,4.0,1.0,2638.0,398,https://tmssl.akamaized.net/images/wappen/medium/398.png
Oliver Provstgaard,Centre-Back,22,SS Lazio,SerieA,7500000.0,24.0,0.0,0.0,3.0,0.0,1401.0,398,https://tmssl.akamaized.net/images/wappen/medium/398.png
Alessio Romagnoli,Centre-Back,31,SS Lazio,SerieA,7000000.0,34.0,1.0,0.0,5.0,0.0,2908.0,398,https://tmssl.akamaized.net/images/wappen/medium/398.png
Samuel Gigot,Centre-Back,32,SS Lazio,SerieA,1500000.0,0.0,0.0,0.0,0.0,0.0,0.0,398,https://tmssl.akamaized.net/images/wappen/medium/398.png
Patric,Centre-Back,33,SS Lazio,SerieA,1500000.0,14.0,0.0,0.0,2.0,0.0,711.0,398,https://tmssl.akamaized.net/images/wappen/medium/398.png
Nuno Tavares,Left-Back,26,SS Lazio,SerieA,13000000.0,26.0,0.0,1.0,5.0,0.0,1620.0,398,https://tmssl.akamaized.net/images/wappen/medium/398.png
Luca Pellegrini,Left-Back,27,SS Lazio,SerieA,3500000.0,24.0,1.0,0.0,7.0,0.0,1456.0,398,https://tmssl.akamaized.net/images/wappen/medium/398.png
Adam Marusic,Right-Back,33,SS Lazio,SerieA,3000000.0,34.0,1.0,2.0,1.0,1.0,2874.0,398,https://tmssl.akamaized.net/images/wappen/medium/398.png
Manuel Lazzari,Right-Back,32,SS Lazio,SerieA,2000000.0,21.0,0.0,1.0,3.0,0.0,954.0,398,https://tmssl.akamaized.net/images/wappen/medium/398.png
Elseid Hysaj,Right-Back,32,SS Lazio,SerieA,1500000.0,5.0,0.0,0.0,0.0,0.0,170.0,398,https://tmssl.akamaized.net/images/wappen/medium/398.png
Nicolò Rovella,Defensive Midfield,24,SS Lazio,SerieA,23000000.0,10.0,0.0,1.0,2.0,0.0,447.0,398,https://tmssl.akamaized.net/images/wappen/medium/398.png
Reda Belahyane,Defensive Midfield,21,SS Lazio,SerieA,8500000.0,13.0,0.0,1.0,1.0,1.0,522.0,398,https://tmssl.akamaized.net/images/wappen/medium/398.png
Danilo Cataldi,Defensive Midfield,31,SS Lazio,SerieA,3500000.0,30.0,3.0,3.0,6.0,0.0,2148.0,398,https://tmssl.akamaized.net/images/wappen/medium/398.png
Kenneth Taylor,Central Midfield,24,SS Lazio,SerieA,20000000.0,19.0,3.0,2.0,4.0,0.0,1633.0,398,https://tmssl.akamaized.net/images/wappen/medium/398.png
Fisayo Dele-Bashiru,Central Midfield,25,SS Lazio,SerieA,6500000.0,25.0,1.0,1.0,0.0,0.0,1237.0,398,https://tmssl.akamaized.net/images/wappen/medium/398.png
Toma Bašić,Central Midfield,29,SS Lazio,SerieA,2500000.0,22.0,2.0,3.0,0.0,1.0,1643.0,398,https://tmssl.akamaized.net/images/wappen/medium/398.png
Daniel Maldini,Attacking Midfield,24,SS Lazio,SerieA,10000000.0,23.0,2.0,3.0,1.0,0.0,1156.0,398,https://tmssl.akamaized.net/images/wappen/medium/398.png
Adrian Przyborek,Attacking Midfield,19,SS Lazio,SerieA,7000000.0,0.0,0.0,0.0,0.0,0.0,0.0,398,https://tmssl.akamaized.net/images/wappen/medium/398.png
Mattia Zaccagni,Left Winger,30,SS Lazio,SerieA,12000000.0,29.0,4.0,2.0,6.0,1.0,2376.0,398,https://tmssl.akamaized.net/images/wappen/medium/398.png
Gustav Isaksen,Right Winger,25,SS Lazio,SerieA,17000000.0,32.0,5.0,1.0,0.0,0.0,1826.0,398,https://tmssl.akamaized.net/images/wappen/medium/398.png
Tijjani Noslin,Right Winger,26,SS Lazio,SerieA,6500000.0,30.0,5.0,2.0,2.0,0.0,1090.0,398,https://tmssl.akamaized.net/images/wappen/medium/398.png
Matteo Cancellieri,Right Winger,24,SS Lazio,SerieA,5500000.0,31.0,4.0,2.0,6.0,0.0,1642.0,398,https://tmssl.akamaized.net/images/wappen/medium/398.png
Pedro,Right Winger,38,SS Lazio,SerieA,1000000.0,29.0,4.0,2.0,4.0,0.0,907.0,398,https://tmssl.akamaized.net/images/wappen/medium/398.png
Petar Ratkov,Centre-Forward,22,SS Lazio,SerieA,10000000.0,8.0,0.0,0.0,0.0,0.0,228.0,398,https://tmssl.akamaized.net/images/wappen/medium/398.png
Boulaye Dia,Centre-Forward,29,SS Lazio,SerieA,7000000.0,26.0,2.0,2.0,1.0,0.0,1174.0,398,https://tmssl.akamaized.net/images/wappen/medium/398.png
Maduka Okoye,Goalkeeper,26,Udinese Calcio,SerieA,10000000.0,27.0,0.0,0.0,1.0,1.0,2347.0,410,https://tmssl.akamaized.net/images/wappen/medium/410.png
Răzvan Sava,Goalkeeper,23,Udinese Calcio,SerieA,2500000.0,10.0,0.0,0.0,1.0,0.0,889.0,410,https://tmssl.akamaized.net/images/wappen/medium/410.png
Alessandro Nunziante,Goalkeeper,19,Udinese Calcio,SerieA,1800000.0,0.0,0.0,0.0,0.0,0.0,0.0,410,https://tmssl.akamaized.net/images/wappen/medium/410.png
Daniele Padelli,Goalkeeper,40,Udinese Calcio,SerieA,150000.0,2.0,0.0,0.0,0.0,0.0,180.0,410,https://tmssl.akamaized.net/images/wappen/medium/410.png
Oumar Solet,Centre-Back,26,Udinese Calcio,SerieA,20000000.0,35.0,3.0,1.0,1.0,0.0,2952.0,410,https://tmssl.akamaized.net/images/wappen/medium/410.png
Thomas Kristensen,Centre-Back,24,Udinese Calcio,SerieA,12000000.0,28.0,3.0,0.0,4.0,0.0,2360.0,410,https://tmssl.akamaized.net/images/wappen/medium/410.png
Nicolò Bertola,Centre-Back,23,Udinese Calcio,SerieA,6000000.0,26.0,0.0,1.0,3.0,0.0,1739.0,410,https://tmssl.akamaized.net/images/wappen/medium/410.png
Branimir Mlacic,Centre-Back,19,Udinese Calcio,SerieA,4000000.0,5.0,0.0,0.0,2.0,0.0,98.0,410,https://tmssl.akamaized.net/images/wappen/medium/410.png
Christian Kabasele,Centre-Back,35,Udinese Calcio,SerieA,800000.0,29.0,3.0,0.0,6.0,0.0,2212.0,410,https://tmssl.akamaized.net/images/wappen/medium/410.png
Jordan Zemura,Left-Back,26,Udinese Calcio,SerieA,5000000.0,17.0,0.0,2.0,4.0,0.0,1198.0,410,https://tmssl.akamaized.net/images/wappen/medium/410.png
Hassane Kamara,Left-Back,32,Udinese Calcio,SerieA,3000000.0,25.0,0.0,1.0,4.0,0.0,1790.0,410,https://tmssl.akamaized.net/images/wappen/medium/410.png
Alessandro Zanoli,Right-Back,25,Udinese Calcio,SerieA,5000000.0,20.0,1.0,3.0,1.0,0.0,1382.0,410,https://tmssl.akamaized.net/images/wappen/medium/410.png
Kingsley Ehizibue,Right-Back,30,Udinese Calcio,SerieA,2000000.0,32.0,2.0,0.0,4.0,0.0,1822.0,410,https://tmssl.akamaized.net/images/wappen/medium/410.png
Jesper Karlström,Defensive Midfield,30,Udinese Calcio,SerieA,4000000.0,35.0,1.0,0.0,5.0,0.0,3085.0,410,https://tmssl.akamaized.net/images/wappen/medium/410.png
Abdoulaye Camara,Defensive Midfield,17,Udinese Calcio,SerieA,1500000.0,0.0,0.0,0.0,0.0,0.0,0.0,410,https://tmssl.akamaized.net/images/wappen/medium/410.png
Arthur Atta,Central Midfield,23,Udinese Calcio,SerieA,15000000.0,31.0,6.0,4.0,3.0,0.0,2451.0,410,https://tmssl.akamaized.net/images/wappen/medium/410.png
Lennon Miller,Central Midfield,19,Udinese Calcio,SerieA,10000000.0,23.0,1.0,2.0,3.0,0.0,895.0,410,https://tmssl.akamaized.net/images/wappen/medium/410.png
Jurgen Ekkelenkamp,Central Midfield,26,Udinese Calcio,SerieA,7000000.0,33.0,5.0,4.0,1.0,0.0,2244.0,410,https://tmssl.akamaized.net/images/wappen/medium/410.png
Jakub Piotrowski,Central Midfield,28,Udinese Calcio,SerieA,4500000.0,33.0,1.0,1.0,2.0,0.0,1705.0,410,https://tmssl.akamaized.net/images/wappen/medium/410.png
Oier Zarraga,Central Midfield,27,Udinese Calcio,SerieA,1800000.0,25.0,0.0,0.0,2.0,0.0,508.0,410,https://tmssl.akamaized.net/images/wappen/medium/410.png
Juan Arizala,Left Midfield,20,Udinese Calcio,SerieA,3000000.0,8.0,0.0,0.0,0.0,0.0,111.0,410,https://tmssl.akamaized.net/images/wappen/medium/410.png
Nicolò Zaniolo,Second Striker,26,Udinese Calcio,SerieA,13000000.0,33.0,6.0,6.0,8.0,0.0,2322.0,410,https://tmssl.akamaized.net/images/wappen/medium/410.png
Keinan Davis,Centre-Forward,28,Udinese Calcio,SerieA,9000000.0,29.0,10.0,3.0,5.0,0.0,1993.0,410,https://tmssl.akamaized.net/images/wappen/medium/410.png
Adam Buksa,Centre-Forward,29,Udinese Calcio,SerieA,4000000.0,24.0,2.0,0.0,2.0,0.0,861.0,410,https://tmssl.akamaized.net/images/wappen/medium/410.png
Vakoun Bayo,Centre-Forward,29,Udinese Calcio,SerieA,3500000.0,15.0,0.0,2.0,0.0,0.0,452.0,410,https://tmssl.akamaized.net/images/wappen/medium/410.png
Arijanet Murić,Goalkeeper,27,US Sassuolo,SerieA,7500000.0,31.0,0.0,0.0,4.0,0.0,2790.0,6574,https://tmssl.akamaized.net/images/wappen/medium/6574.png
Stefano Turati,Goalkeeper,24,US Sassuolo,SerieA,3000000.0,6.0,0.0,0.0,0.0,0.0,540.0,6574,https://tmssl.akamaized.net/images/wappen/medium/6574.png
Gioele Zacchi,Goalkeeper,22,US Sassuolo,SerieA,600000.0,0.0,0.0,0.0,0.0,0.0,0.0,6574,https://tmssl.akamaized.net/images/wappen/medium/6574.png
Giacomo Satalino,Goalkeeper,26,US Sassuolo,SerieA,400000.0,0.0,0.0,0.0,0.0,0.0,0.0,6574,https://tmssl.akamaized.net/images/wappen/medium/6574.png
Tarik Muharemović,Centre-Back,23,US Sassuolo,SerieA,20000000.0,31.0,2.0,2.0,6.0,0.0,2745.0,6574,https://tmssl.akamaized.net/images/wappen/medium/6574.png
Jay Idzes,Centre-Back,25,US Sassuolo,SerieA,10000000.0,34.0,0.0,0.0,3.0,0.0,3010.0,6574,https://tmssl.akamaized.net/images/wappen/medium/6574.png
Fali Candé,Centre-Back,28,US Sassuolo,SerieA,3000000.0,13.0,0.0,0.0,3.0,0.0,597.0,6574,https://tmssl.akamaized.net/images/wappen/medium/6574.png
Filippo Romagna,Centre-Back,28,US Sassuolo,SerieA,800000.0,7.0,0.0,0.0,0.0,0.0,495.0,6574,https://tmssl.akamaized.net/images/wappen/medium/6574.png
Pedro Felipe,Centre-Back,21,US Sassuolo,SerieA,700000.0,1.0,0.0,0.0,0.0,0.0,1.0,6574,https://tmssl.akamaized.net/images/wappen/medium/6574.png
Josh Doig,Left-Back,24,US Sassuolo,SerieA,5000000.0,30.0,1.0,0.0,5.0,0.0,1934.0,6574,https://tmssl.akamaized.net/images/wappen/medium/6574.png
Ulisses Garcia,Left-Back,30,US Sassuolo,SerieA,3000000.0,16.0,1.0,1.0,4.0,1.0,1073.0,6574,https://tmssl.akamaized.net/images/wappen/medium/6574.png
Edoardo Pieragnolo,Left-Back,23,US Sassuolo,SerieA,2000000.0,1.0,0.0,0.0,1.0,0.0,70.0,6574,https://tmssl.akamaized.net/images/wappen/medium/6574.png
Sebastian Walukiewicz,Right-Back,26,US Sassuolo,SerieA,4500000.0,35.0,0.0,1.0,7.0,0.0,2875.0,6574,https://tmssl.akamaized.net/images/wappen/medium/6574.png
Woyo Coulibaly,Right-Back,26,US Sassuolo,SerieA,2000000.0,18.0,0.0,0.0,2.0,0.0,869.0,6574,https://tmssl.akamaized.net/images/wappen/medium/6574.png
Luca Lipani,Defensive Midfield,21,US Sassuolo,SerieA,7500000.0,23.0,0.0,0.0,2.0,0.0,957.0,6574,https://tmssl.akamaized.net/images/wappen/medium/6574.png
Daniel Boloca,Defensive Midfield,27,US Sassuolo,SerieA,5000000.0,4.0,0.0,0.0,0.0,0.0,293.0,6574,https://tmssl.akamaized.net/images/wappen/medium/6574.png
Nemanja Matić,Defensive Midfield,37,US Sassuolo,SerieA,1800000.0,31.0,1.0,1.0,6.0,0.0,2498.0,6574,https://tmssl.akamaized.net/images/wappen/medium/6574.png
Ismaël Koné,Central Midfield,23,US Sassuolo,SerieA,20000000.0,33.0,6.0,0.0,3.0,0.0,2677.0,6574,https://tmssl.akamaized.net/images/wappen/medium/6574.png
Kristian Thorstvedt,Central Midfield,27,US Sassuolo,SerieA,10000000.0,30.0,3.0,4.0,7.0,0.0,2209.0,6574,https://tmssl.akamaized.net/images/wappen/medium/6574.png
Aster Vranckx,Central Midfield,23,US Sassuolo,SerieA,7000000.0,16.0,0.0,0.0,2.0,0.0,692.0,6574,https://tmssl.akamaized.net/images/wappen/medium/6574.png
Edoardo Iannoni,Central Midfield,25,US Sassuolo,SerieA,800000.0,17.0,1.0,0.0,3.0,0.0,344.0,6574,https://tmssl.akamaized.net/images/wappen/medium/6574.png
Cristian Volpato,Attacking Midfield,22,US Sassuolo,SerieA,10000000.0,23.0,2.0,4.0,4.0,0.0,1075.0,6574,https://tmssl.akamaized.net/images/wappen/medium/6574.png
Darryl Bakola,Attacking Midfield,18,US Sassuolo,SerieA,8000000.0,14.0,0.0,2.0,1.0,0.0,252.0,6574,https://tmssl.akamaized.net/images/wappen/medium/6574.png
Armand Laurienté,Left Winger,27,US Sassuolo,SerieA,18000000.0,36.0,6.0,9.0,4.0,0.0,2438.0,6574,https://tmssl.akamaized.net/images/wappen/medium/6574.png
Alieu Fadera,Left Winger,24,US Sassuolo,SerieA,4500000.0,30.0,2.0,2.0,5.0,0.0,1106.0,6574,https://tmssl.akamaized.net/images/wappen/medium/6574.png
Domenico Berardi,Right Winger,31,US Sassuolo,SerieA,7500000.0,24.0,8.0,6.0,2.0,1.0,1872.0,6574,https://tmssl.akamaized.net/images/wappen/medium/6574.png
Andrea Pinamonti,Centre-Forward,27,US Sassuolo,SerieA,15000000.0,34.0,8.0,4.0,2.0,1.0,2413.0,6574,https://tmssl.akamaized.net/images/wappen/medium/6574.png
M'Bala Nzola,Centre-Forward,29,US Sassuolo,SerieA,4500000.0,11.0,1.0,1.0,1.0,0.0,365.0,6574,https://tmssl.akamaized.net/images/wappen/medium/6574.png
Luca Moro,Centre-Forward,25,US Sassuolo,SerieA,2000000.0,15.0,0.0,0.0,1.0,0.0,221.0,6574,https://tmssl.akamaized.net/images/wappen/medium/6574.png
Zion Suzuki,Goalkeeper,23,Parma Calcio 1913,SerieA,20000000.0,20.0,0.0,0.0,1.0,0.0,1800.0,130,https://tmssl.akamaized.net/images/wappen/medium/130.png
Edoardo Corvi,Goalkeeper,25,Parma Calcio 1913,SerieA,1500000.0,16.0,0.0,0.0,1.0,0.0,1440.0,130,https://tmssl.akamaized.net/images/wappen/medium/130.png
Filippo Rinaldi,Goalkeeper,23,Parma Calcio 1913,SerieA,600000.0,1.0,0.0,0.0,1.0,0.0,90.0,130,https://tmssl.akamaized.net/images/wappen/medium/130.png
Alessandro Circati,Centre-Back,22,Parma Calcio 1913,SerieA,10000000.0,30.0,1.0,1.0,6.0,0.0,2531.0,130,https://tmssl.akamaized.net/images/wappen/medium/130.png
Mariano Troilo,Centre-Back,22,Parma Calcio 1913,SerieA,7500000.0,20.0,1.0,0.0,5.0,1.0,1538.0,130,https://tmssl.akamaized.net/images/wappen/medium/130.png
Abdoulaye Ndiaye,Centre-Back,24,Parma Calcio 1913,SerieA,6500000.0,11.0,0.0,0.0,3.0,0.0,841.0,130,https://tmssl.akamaized.net/images/wappen/medium/130.png
Lautaro Valenti,Centre-Back,27,Parma Calcio 1913,SerieA,1500000.0,25.0,0.0,0.0,6.0,0.0,2100.0,130,https://tmssl.akamaized.net/images/wappen/medium/130.png
Emanuele Valeri,Left-Back,27,Parma Calcio 1913,SerieA,3000000.0,32.0,0.0,4.0,2.0,0.0,2567.0,130,https://tmssl.akamaized.net/images/wappen/medium/130.png
Franco Carboni,Left-Back,23,Parma Calcio 1913,SerieA,900000.0,4.0,0.0,0.0,0.0,0.0,10.0,130,https://tmssl.akamaized.net/images/wappen/medium/130.png
Sascha Britschgi,Right-Back,19,Parma Calcio 1913,SerieA,10000000.0,29.0,1.0,2.0,4.0,0.0,2189.0,130,https://tmssl.akamaized.net/images/wappen/medium/130.png
Enrico Delprato,Right-Back,26,Parma Calcio 1913,SerieA,6000000.0,36.0,2.0,0.0,5.0,0.0,3015.0,130,https://tmssl.akamaized.net/images/wappen/medium/130.png
Mandela Keita,Defensive Midfield,24,Parma Calcio 1913,SerieA,18000000.0,37.0,0.0,1.0,2.0,0.0,2914.0,130,https://tmssl.akamaized.net/images/wappen/medium/130.png
Hans Nicolussi Caviglia,Defensive Midfield,25,Parma Calcio 1913,SerieA,6000000.0,28.0,0.0,3.0,4.0,0.0,1604.0,130,https://tmssl.akamaized.net/images/wappen/medium/130.png
Nahuel Estévez,Defensive Midfield,30,Parma Calcio 1913,SerieA,1500000.0,33.0,0.0,0.0,3.0,0.0,1135.0,130,https://tmssl.akamaized.net/images/wappen/medium/130.png
Adrián Bernabé,Central Midfield,24,Parma Calcio 1913,SerieA,15000000.0,34.0,3.0,2.0,1.0,0.0,2566.0,130,https://tmssl.akamaized.net/images/wappen/medium/130.png
Oliver Sørensen,Central Midfield,24,Parma Calcio 1913,SerieA,7500000.0,34.0,1.0,1.0,2.0,0.0,1870.0,130,https://tmssl.akamaized.net/images/wappen/medium/130.png
Christian Ordóñez,Central Midfield,21,Parma Calcio 1913,SerieA,6500000.0,28.0,1.0,0.0,3.0,0.0,1100.0,130,https://tmssl.akamaized.net/images/wappen/medium/130.png
Benja Cremaschi,Central Midfield,21,Parma Calcio 1913,SerieA,4500000.0,9.0,0.0,0.0,1.0,0.0,215.0,130,https://tmssl.akamaized.net/images/wappen/medium/130.png
Gaetano Oristanio,Attacking Midfield,23,Parma Calcio 1913,SerieA,6000000.0,21.0,1.0,0.0,1.0,0.0,903.0,130,https://tmssl.akamaized.net/images/wappen/medium/130.png
Jacob Ondrejka,Left Winger,23,Parma Calcio 1913,SerieA,6500000.0,17.0,0.0,0.0,2.0,0.0,821.0,130,https://tmssl.akamaized.net/images/wappen/medium/130.png
Gabriel Strefezza,Right Winger,29,Parma Calcio 1913,SerieA,7000000.0,12.0,1.0,2.0,2.0,0.0,904.0,130,https://tmssl.akamaized.net/images/wappen/medium/130.png
Pontus Almqvist,Right Winger,26,Parma Calcio 1913,SerieA,2000000.0,12.0,0.0,0.0,0.0,0.0,502.0,130,https://tmssl.akamaized.net/images/wappen/medium/130.png
Mateo Pellegrino,Centre-Forward,24,Parma Calcio 1913,SerieA,15000000.0,36.0,11.0,1.0,5.0,0.0,2947.0,130,https://tmssl.akamaized.net/images/wappen/medium/130.png
Matija Frigan,Centre-Forward,23,Parma Calcio 1913,SerieA,7500000.0,1.0,0.0,0.0,0.0,0.0,11.0,130,https://tmssl.akamaized.net/images/wappen/medium/130.png
Nesta Elphege,Centre-Forward,25,Parma Calcio 1913,SerieA,2000000.0,7.0,2.0,1.0,0.0,0.0,201.0,130,https://tmssl.akamaized.net/images/wappen/medium/130.png
Justin Bijlow,Goalkeeper,28,Genoa CFC,SerieA,4000000.0,14.0,0.0,0.0,0.0,0.0,1215.0,252,https://tmssl.akamaized.net/images/wappen/medium/252.png
Nicola Leali,Goalkeeper,33,Genoa CFC,SerieA,1500000.0,23.0,0.0,0.0,2.0,1.0,1938.0,252,https://tmssl.akamaized.net/images/wappen/medium/252.png
Benjamin Siegrist,Goalkeeper,34,Genoa CFC,SerieA,600000.0,1.0,0.0,0.0,0.0,0.0,90.0,252,https://tmssl.akamaized.net/images/wappen/medium/252.png
Ernestas Lysionok,Goalkeeper,19,Genoa CFC,SerieA,200000.0,0.0,0.0,0.0,0.0,0.0,0.0,252,https://tmssl.akamaized.net/images/wappen/medium/252.png
Daniele Sommariva,Goalkeeper,28,Genoa CFC,SerieA,100000.0,2.0,0.0,0.0,0.0,0.0,175.0,252,https://tmssl.akamaized.net/images/wappen/medium/252.png
Johan Vásquez,Centre-Back,27,Genoa CFC,SerieA,13000000.0,38.0,0.0,0.0,2.0,0.0,3397.0,252,https://tmssl.akamaized.net/images/wappen/medium/252.png
Leo Østigård,Centre-Back,26,Genoa CFC,SerieA,10000000.0,30.0,5.0,1.0,7.0,0.0,2555.0,252,https://tmssl.akamaized.net/images/wappen/medium/252.png
Alessandro Marcandalli,Centre-Back,23,Genoa CFC,SerieA,7000000.0,32.0,1.0,2.0,4.0,0.0,2549.0,252,https://tmssl.akamaized.net/images/wappen/medium/252.png
Nils Zätterström,Centre-Back,21,Genoa CFC,SerieA,3000000.0,1.0,0.0,0.0,0.0,0.0,1.0,252,https://tmssl.akamaized.net/images/wappen/medium/252.png
Sebastian Otoa,Centre-Back,22,Genoa CFC,SerieA,2500000.0,12.0,0.0,0.0,1.0,0.0,739.0,252,https://tmssl.akamaized.net/images/wappen/medium/252.png
Aarón Martín,Left-Back,29,Genoa CFC,SerieA,7000000.0,32.0,1.0,6.0,2.0,0.0,2209.0,252,https://tmssl.akamaized.net/images/wappen/medium/252.png
Brooke Norton-Cuffy,Right-Back,22,Genoa CFC,SerieA,16000000.0,28.0,2.0,1.0,3.0,0.0,2353.0,252,https://tmssl.akamaized.net/images/wappen/medium/252.png
Stefano Sabelli,Right-Back,33,Genoa CFC,SerieA,1400000.0,16.0,0.0,0.0,1.0,0.0,949.0,252,https://tmssl.akamaized.net/images/wappen/medium/252.png
Morten Frendrup,Defensive Midfield,25,Genoa CFC,SerieA,18000000.0,36.0,2.0,0.0,5.0,0.0,3046.0,252,https://tmssl.akamaized.net/images/wappen/medium/252.png
Jean Onana,Defensive Midfield,26,Genoa CFC,SerieA,1300000.0,4.0,0.0,0.0,0.0,0.0,61.0,252,https://tmssl.akamaized.net/images/wappen/medium/252.png
Amorim,Central Midfield,21,Genoa CFC,SerieA,6500000.0,8.0,0.0,0.0,1.0,0.0,313.0,252,https://tmssl.akamaized.net/images/wappen/medium/252.png
Mikael Egill Ellertsson,Central Midfield,24,Genoa CFC,SerieA,6000000.0,34.0,1.0,2.0,1.0,1.0,2588.0,252,https://tmssl.akamaized.net/images/wappen/medium/252.png
Patrizio Masini,Central Midfield,25,Genoa CFC,SerieA,5000000.0,29.0,0.0,1.0,5.0,0.0,1513.0,252,https://tmssl.akamaized.net/images/wappen/medium/252.png
Ruslan Malinovskyi,Central Midfield,33,Genoa CFC,SerieA,2500000.0,33.0,6.0,3.0,10.0,0.0,2173.0,252,https://tmssl.akamaized.net/images/wappen/medium/252.png
Tommaso Baldanzi,Attacking Midfield,23,Genoa CFC,SerieA,9000000.0,17.0,1.0,2.0,2.0,0.0,720.0,252,https://tmssl.akamaized.net/images/wappen/medium/252.png
Maxwel Cornet,Left Winger,29,Genoa CFC,SerieA,2500000.0,8.0,0.0,0.0,0.0,0.0,112.0,252,https://tmssl.akamaized.net/images/wappen/medium/252.png
Junior Messias,Right Winger,35,Genoa CFC,SerieA,1200000.0,22.0,3.0,1.0,1.0,0.0,751.0,252,https://tmssl.akamaized.net/images/wappen/medium/252.png
Jeff Ekhator,Centre-Forward,19,Genoa CFC,SerieA,13000000.0,30.0,4.0,0.0,3.0,0.0,948.0,252,https://tmssl.akamaized.net/images/wappen/medium/252.png
Lorenzo Colombo,Centre-Forward,24,Genoa CFC,SerieA,10000000.0,37.0,7.0,3.0,2.0,0.0,2242.0,252,https://tmssl.akamaized.net/images/wappen/medium/252.png
Vitinha,Centre-Forward,26,Genoa CFC,SerieA,8000000.0,80.0,12.0,12.0,7.0,0.0,5831.0,252,https://tmssl.akamaized.net/images/wappen/medium/252.png
Caleb Ekuban,Centre-Forward,32,Genoa CFC,SerieA,1300000.0,30.0,4.0,1.0,0.0,0.0,957.0,252,https://tmssl.akamaized.net/images/wappen/medium/252.png
Lucas Chevalier,Goalkeeper,24,Paris Saint-Germain,Ligue1,30000000.0,26.0,0.0,0.0,0.0,0.0,2340.0,583,https://tmssl.akamaized.net/images/wappen/medium/583.png
Matvey Safonov,Goalkeeper,27,Paris Saint-Germain,Ligue1,22000000.0,23.0,0.0,1.0,1.0,0.0,2100.0,583,https://tmssl.akamaized.net/images/wappen/medium/583.png
Renato Marin,Goalkeeper,19,Paris Saint-Germain,Ligue1,500000.0,2.0,0.0,0.0,0.0,0.0,180.0,583,https://tmssl.akamaized.net/images/wappen/medium/583.png
Willian Pacho,Centre-Back,24,Paris Saint-Germain,Ligue1,70000000.0,42.0,2.0,1.0,2.0,0.0,3629.0,583,https://tmssl.akamaized.net/images/wappen/medium/583.png
Ilya Zabarnyi,Centre-Back,23,Paris Saint-Germain,Ligue1,45000000.0,33.0,1.0,0.0,6.0,1.0,2495.0,583,https://tmssl.akamaized.net/images/wappen/medium/583.png
Marquinhos,Centre-Back,32,Paris Saint-Germain,Ligue1,30000000.0,28.0,2.0,0.0,1.0,0.0,2294.0,583,https://tmssl.akamaized.net/images/wappen/medium/583.png
Lucas Beraldo,Centre-Back,22,Paris Saint-Germain,Ligue1,20000000.0,20.0,2.0,1.0,2.0,0.0,1490.0,583,https://tmssl.akamaized.net/images/wappen/medium/583.png
Nuno Mendes,Left-Back,23,Paris Saint-Germain,Ligue1,75000000.0,39.0,6.0,7.0,3.0,0.0,2774.0,583,https://tmssl.akamaized.net/images/wappen/medium/583.png
Lucas Hernández,Left-Back,30,Paris Saint-Germain,Ligue1,20000000.0,33.0,0.0,2.0,4.0,1.0,1906.0,583,https://tmssl.akamaized.net/images/wappen/medium/583.png
Achraf Hakimi,Right-Back,27,Paris Saint-Germain,Ligue1,80000000.0,31.0,3.0,9.0,5.0,1.0,2499.0,583,https://tmssl.akamaized.net/images/wappen/medium/583.png
João Neves,Central Midfield,21,Paris Saint-Germain,Ligue1,110000000.0,33.0,7.0,4.0,0.0,0.0,2372.0,583,https://tmssl.akamaized.net/images/wappen/medium/583.png
Warren Zaïre-Emery,Central Midfield,20,Paris Saint-Germain,Ligue1,60000000.0,51.0,3.0,5.0,5.0,0.0,4051.0,583,https://tmssl.akamaized.net/images/wappen/medium/583.png
Fabián Ruiz,Central Midfield,30,Paris Saint-Germain,Ligue1,40000000.0,29.0,2.0,4.0,3.0,0.0,1771.0,583,https://tmssl.akamaized.net/images/wappen/medium/583.png
Senny Mayulu,Central Midfield,20,Paris Saint-Germain,Ligue1,40000000.0,37.0,6.0,5.0,2.0,0.0,2092.0,583,https://tmssl.akamaized.net/images/wappen/medium/583.png
Kang-in Lee,Attacking Midfield,25,Paris Saint-Germain,Ligue1,28000000.0,37.0,4.0,5.0,3.0,0.0,1758.0,583,https://tmssl.akamaized.net/images/wappen/medium/583.png
Dro Fernández,Attacking Midfield,18,Paris Saint-Germain,Ligue1,10000000.0,15.0,1.0,1.0,0.0,0.0,608.0,583,https://tmssl.akamaized.net/images/wappen/medium/583.png
Khvicha Kvaratskhelia,Left Winger,25,Paris Saint-Germain,Ligue1,90000000.0,43.0,18.0,9.0,3.0,0.0,2576.0,583,https://tmssl.akamaized.net/images/wappen/medium/583.png
Bradley Barcola,Left Winger,23,Paris Saint-Germain,Ligue1,70000000.0,44.0,12.0,7.0,3.0,0.0,2737.0,583,https://tmssl.akamaized.net/images/wappen/medium/583.png
Quentin Ndjantou,Left Winger,18,Paris Saint-Germain,Ligue1,7000000.0,15.0,1.0,2.0,1.0,0.0,517.0,583,https://tmssl.akamaized.net/images/wappen/medium/583.png
Désiré Doué,Right Winger,20,Paris Saint-Germain,Ligue1,90000000.0,37.0,12.0,10.0,1.0,0.0,2235.0,583,https://tmssl.akamaized.net/images/wappen/medium/583.png
Ibrahim Mbaye,Right Winger,18,Paris Saint-Germain,Ligue1,30000000.0,28.0,2.0,2.0,0.0,0.0,1107.0,583,https://tmssl.akamaized.net/images/wappen/medium/583.png
Ousmane Dembélé,Centre-Forward,29,Paris Saint-Germain,Ligue1,100000000.0,35.0,18.0,10.0,1.0,0.0,1913.0,583,https://tmssl.akamaized.net/images/wappen/medium/583.png
Gonçalo Ramos,Centre-Forward,24,Paris Saint-Germain,Ligue1,35000000.0,41.0,12.0,2.0,2.0,0.0,1534.0,583,https://tmssl.akamaized.net/images/wappen/medium/583.png
Gerónimo Rulli,Goalkeeper,33,Olympique Marseille,Ligue1,8000000.0,37.0,0.0,0.0,3.0,0.0,3330.0,244,https://tmssl.akamaized.net/images/wappen/medium/244.png
Jeffrey de Lange,Goalkeeper,28,Olympique Marseille,Ligue1,3000000.0,8.0,0.0,0.0,0.0,0.0,720.0,244,https://tmssl.akamaized.net/images/wappen/medium/244.png
Nayef Aguerd,Centre-Back,30,Olympique Marseille,Ligue1,20000000.0,22.0,1.0,0.0,5.0,0.0,1939.0,244,https://tmssl.akamaized.net/images/wappen/medium/244.png
Leonardo Balerdi,Centre-Back,27,Olympique Marseille,Ligue1,18000000.0,34.0,1.0,1.0,8.0,0.0,2673.0,244,https://tmssl.akamaized.net/images/wappen/medium/244.png
Facundo Medina,Centre-Back,26,Olympique Marseille,Ligue1,18000000.0,24.0,0.0,1.0,9.0,0.0,1835.0,244,https://tmssl.akamaized.net/images/wappen/medium/244.png
Benjamin Pavard,Centre-Back,30,Olympique Marseille,Ligue1,15000000.0,36.0,1.0,3.0,8.0,0.0,2729.0,244,https://tmssl.akamaized.net/images/wappen/medium/244.png
CJ Egan-Riley,Centre-Back,23,Olympique Marseille,Ligue1,10000000.0,16.0,1.0,0.0,1.0,1.0,821.0,244,https://tmssl.akamaized.net/images/wappen/medium/244.png
Emerson,Left-Back,31,Olympique Marseille,Ligue1,10000000.0,35.0,0.0,3.0,4.0,0.0,2633.0,244,https://tmssl.akamaized.net/images/wappen/medium/244.png
Arthur Vermeeren,Defensive Midfield,21,Olympique Marseille,Ligue1,22000000.0,24.0,0.0,2.0,2.0,1.0,1169.0,244,https://tmssl.akamaized.net/images/wappen/medium/244.png
Pierre-Emile Højbjerg,Defensive Midfield,30,Olympique Marseille,Ligue1,18000000.0,41.0,4.0,4.0,6.0,0.0,3471.0,244,https://tmssl.akamaized.net/images/wappen/medium/244.png
Geoffrey Kondogbia,Defensive Midfield,33,Olympique Marseille,Ligue1,4000000.0,17.0,0.0,1.0,4.0,0.0,1020.0,244,https://tmssl.akamaized.net/images/wappen/medium/244.png
Tochukwu Nnadi,Defensive Midfield,22,Olympique Marseille,Ligue1,3000000.0,6.0,0.0,1.0,0.0,0.0,204.0,244,https://tmssl.akamaized.net/images/wappen/medium/244.png
Quinten Timber,Central Midfield,24,Olympique Marseille,Ligue1,25000000.0,14.0,0.0,0.0,3.0,0.0,1087.0,244,https://tmssl.akamaized.net/images/wappen/medium/244.png
Bilal Nadir,Central Midfield,22,Olympique Marseille,Ligue1,9000000.0,28.0,1.0,5.0,4.0,0.0,862.0,244,https://tmssl.akamaized.net/images/wappen/medium/244.png
Timothy Weah,Right Midfield,26,Olympique Marseille,Ligue1,20000000.0,40.0,3.0,4.0,7.0,0.0,3051.0,244,https://tmssl.akamaized.net/images/wappen/medium/244.png
Ethan Nwaneri,Attacking Midfield,19,Olympique Marseille,Ligue1,40000000.0,23.0,3.0,1.0,3.0,0.0,927.0,244,https://tmssl.akamaized.net/images/wappen/medium/244.png
Himad Abdelli,Attacking Midfield,26,Olympique Marseille,Ligue1,7000000.0,22.0,2.0,0.0,3.0,0.0,1126.0,244,https://tmssl.akamaized.net/images/wappen/medium/244.png
Igor Paixão,Left Winger,25,Olympique Marseille,Ligue1,35000000.0,40.0,12.0,7.0,3.0,0.0,2619.0,244,https://tmssl.akamaized.net/images/wappen/medium/244.png
Hamed Traoré,Left Winger,26,Olympique Marseille,Ligue1,15000000.0,20.0,3.0,3.0,1.0,0.0,849.0,244,https://tmssl.akamaized.net/images/wappen/medium/244.png
Mason Greenwood,Right Winger,24,Olympique Marseille,Ligue1,55000000.0,43.0,25.0,10.0,6.0,0.0,3400.0,244,https://tmssl.akamaized.net/images/wappen/medium/244.png
Amine Gouiri,Centre-Forward,26,Olympique Marseille,Ligue1,28000000.0,26.0,10.0,5.0,1.0,0.0,1525.0,244,https://tmssl.akamaized.net/images/wappen/medium/244.png
Pierre-Emerick Aubameyang,Centre-Forward,36,Olympique Marseille,Ligue1,3000000.0,40.0,13.0,10.0,2.0,0.0,2672.0,244,https://tmssl.akamaized.net/images/wappen/medium/244.png
Brice Samba,Goalkeeper,32,Stade Rennais FC,Ligue1,8000000.0,33.0,0.0,0.0,5.0,0.0,2970.0,273,https://tmssl.akamaized.net/images/wappen/medium/273.png
Mathys Silistrie,Goalkeeper,20,Stade Rennais FC,Ligue1,200000.0,2.0,0.0,0.0,0.0,0.0,180.0,273,https://tmssl.akamaized.net/images/wappen/medium/273.png
Jérémy Jacquet,Centre-Back,20,Stade Rennais FC,Ligue1,55000000.0,21.0,0.0,0.0,4.0,0.0,1853.0,273,https://tmssl.akamaized.net/images/wappen/medium/273.png
Lilian Brassier,Centre-Back,26,Stade Rennais FC,Ligue1,12000000.0,30.0,0.0,1.0,2.0,0.0,2369.0,273,https://tmssl.akamaized.net/images/wappen/medium/273.png
Anthony Rouault,Centre-Back,24,Stade Rennais FC,Ligue1,12000000.0,22.0,1.0,1.0,5.0,0.0,1813.0,273,https://tmssl.akamaized.net/images/wappen/medium/273.png
Abdelhamid Ait Boudlal,Centre-Back,20,Stade Rennais FC,Ligue1,10000000.0,19.0,2.0,1.0,4.0,1.0,1301.0,273,https://tmssl.akamaized.net/images/wappen/medium/273.png
Alidu Seidu,Centre-Back,25,Stade Rennais FC,Ligue1,6000000.0,23.0,0.0,1.0,2.0,0.0,1393.0,273,https://tmssl.akamaized.net/images/wappen/medium/273.png
Quentin Merlin,Left-Back,24,Stade Rennais FC,Ligue1,12000000.0,34.0,3.0,6.0,3.0,0.0,2611.0,273,https://tmssl.akamaized.net/images/wappen/medium/273.png
Mahamadou Nagida,Left-Back,20,Stade Rennais FC,Ligue1,6000000.0,18.0,0.0,0.0,2.0,0.0,691.0,273,https://tmssl.akamaized.net/images/wappen/medium/273.png
Przemyslaw Frankowski,Right-Back,31,Stade Rennais FC,Ligue1,7000000.0,19.0,1.0,2.0,5.0,0.0,1217.0,273,https://tmssl.akamaized.net/images/wappen/medium/273.png
Djaoui Cissé,Central Midfield,22,Stade Rennais FC,Ligue1,15000000.0,24.0,0.0,0.0,3.0,0.0,984.0,273,https://tmssl.akamaized.net/images/wappen/medium/273.png
Mahdi Camara,Central Midfield,27,Stade Rennais FC,Ligue1,10000000.0,33.0,3.0,2.0,4.0,1.0,2751.0,273,https://tmssl.akamaized.net/images/wappen/medium/273.png
Valentin Rongier,Central Midfield,31,Stade Rennais FC,Ligue1,9000000.0,31.0,2.0,5.0,6.0,0.0,2745.0,273,https://tmssl.akamaized.net/images/wappen/medium/273.png
Glen Kamara,Central Midfield,30,Stade Rennais FC,Ligue1,2500000.0,5.0,0.0,0.0,0.0,0.0,88.0,273,https://tmssl.akamaized.net/images/wappen/medium/273.png
Ludovic Blas,Right Midfield,28,Stade Rennais FC,Ligue1,10000000.0,33.0,5.0,5.0,2.0,0.0,1605.0,273,https://tmssl.akamaized.net/images/wappen/medium/273.png
Mousa Tamari,Right Winger,28,Stade Rennais FC,Ligue1,8000000.0,34.0,7.0,11.0,4.0,0.0,2336.0,273,https://tmssl.akamaized.net/images/wappen/medium/273.png
Arnaud Nordin,Right Winger,27,Stade Rennais FC,Ligue1,4000000.0,27.0,1.0,1.0,2.0,0.0,1284.0,273,https://tmssl.akamaized.net/images/wappen/medium/273.png
Elías Legendre Quiñónez,Right Winger,18,Stade Rennais FC,Ligue1,1500000.0,9.0,1.0,0.0,0.0,0.0,72.0,273,https://tmssl.akamaized.net/images/wappen/medium/273.png
Nordan Mukiele,Right Winger,20,Stade Rennais FC,Ligue1,1000000.0,7.0,1.0,0.0,0.0,0.0,79.0,273,https://tmssl.akamaized.net/images/wappen/medium/273.png
Estéban Lepaul,Centre-Forward,26,Stade Rennais FC,Ligue1,20000000.0,35.0,19.0,5.0,3.0,0.0,2708.0,273,https://tmssl.akamaized.net/images/wappen/medium/273.png
Breel Embolo,Centre-Forward,29,Stade Rennais FC,Ligue1,12000000.0,32.0,10.0,3.0,3.0,0.0,1975.0,273,https://tmssl.akamaized.net/images/wappen/medium/273.png
Yassir Zabiri,Centre-Forward,21,Stade Rennais FC,Ligue1,9000000.0,6.0,0.0,0.0,0.0,0.0,42.0,273,https://tmssl.akamaized.net/images/wappen/medium/273.png
Berke Özer,Goalkeeper,25,LOSC Lille,Ligue1,10000000.0,42.0,0.0,1.0,6.0,0.0,3765.0,1082,https://tmssl.akamaized.net/images/wappen/medium/1082.png
Arnaud Bodart,Goalkeeper,28,LOSC Lille,Ligue1,2000000.0,5.0,0.0,0.0,0.0,0.0,405.0,1082,https://tmssl.akamaized.net/images/wappen/medium/1082.png
Marc-Aurèle Caillard,Goalkeeper,32,LOSC Lille,Ligue1,100000.0,0.0,0.0,0.0,0.0,0.0,0.0,1082,https://tmssl.akamaized.net/images/wappen/medium/1082.png
Nathan Ngoy,Centre-Back,22,LOSC Lille,Ligue1,20000000.0,36.0,3.0,2.0,11.0,1.0,2924.0,1082,https://tmssl.akamaized.net/images/wappen/medium/1082.png
Alexsandro,Centre-Back,26,LOSC Lille,Ligue1,18000000.0,10.0,0.0,0.0,0.0,1.0,627.0,1082,https://tmssl.akamaized.net/images/wappen/medium/1082.png
Chancel Mbemba,Centre-Back,31,LOSC Lille,Ligue1,2500000.0,21.0,0.0,1.0,3.0,0.0,1657.0,1082,https://tmssl.akamaized.net/images/wappen/medium/1082.png
Aïssa Mandi,Centre-Back,34,LOSC Lille,Ligue1,1000000.0,38.0,1.0,0.0,10.0,0.0,3098.0,1082,https://tmssl.akamaized.net/images/wappen/medium/1082.png
Rafael Fernandes,Centre-Back,23,LOSC Lille,Ligue1,600000.0,0.0,0.0,0.0,0.0,0.0,0.0,1082,https://tmssl.akamaized.net/images/wappen/medium/1082.png
Ousmane Touré,Centre-Back,21,LOSC Lille,Ligue1,500000.0,1.0,0.0,0.0,0.0,0.0,52.0,1082,https://tmssl.akamaized.net/images/wappen/medium/1082.png
Romain Perraud,Left-Back,28,LOSC Lille,Ligue1,7000000.0,39.0,3.0,5.0,5.0,1.0,2871.0,1082,https://tmssl.akamaized.net/images/wappen/medium/1082.png
Calvin Verdonk,Left-Back,29,LOSC Lille,Ligue1,3000000.0,24.0,0.0,1.0,4.0,1.0,1199.0,1082,https://tmssl.akamaized.net/images/wappen/medium/1082.png
Tiago Santos,Right-Back,23,LOSC Lille,Ligue1,12000000.0,28.0,0.0,2.0,0.0,0.0,1368.0,1082,https://tmssl.akamaized.net/images/wappen/medium/1082.png
Thomas Meunier,Right-Back,34,LOSC Lille,Ligue1,1800000.0,34.0,2.0,3.0,3.0,0.0,2459.0,1082,https://tmssl.akamaized.net/images/wappen/medium/1082.png
Ngal'ayel Mukau,Defensive Midfield,21,LOSC Lille,Ligue1,12000000.0,40.0,2.0,0.0,4.0,0.0,2176.0,1082,https://tmssl.akamaized.net/images/wappen/medium/1082.png
Nabil Bentaleb,Defensive Midfield,31,LOSC Lille,Ligue1,5000000.0,35.0,2.0,2.0,3.0,0.0,1916.0,1082,https://tmssl.akamaized.net/images/wappen/medium/1082.png
Benjamin André,Defensive Midfield,35,LOSC Lille,Ligue1,4000000.0,35.0,4.0,3.0,10.0,0.0,2946.0,1082,https://tmssl.akamaized.net/images/wappen/medium/1082.png
Ayyoub Bouaddi,Central Midfield,18,LOSC Lille,Ligue1,50000000.0,40.0,0.0,1.0,8.0,2.0,3018.0,1082,https://tmssl.akamaized.net/images/wappen/medium/1082.png
Hákon Arnar Haraldsson,Attacking Midfield,23,LOSC Lille,Ligue1,22000000.0,44.0,9.0,7.0,8.0,0.0,3233.0,1082,https://tmssl.akamaized.net/images/wappen/medium/1082.png
Osame Sahraoui,Left Winger,24,LOSC Lille,Ligue1,10000000.0,24.0,1.0,2.0,0.0,0.0,781.0,1082,https://tmssl.akamaized.net/images/wappen/medium/1082.png
Félix Correia,Left Winger,25,LOSC Lille,Ligue1,10000000.0,46.0,5.0,6.0,4.0,0.0,2819.0,1082,https://tmssl.akamaized.net/images/wappen/medium/1082.png
Soriba Diaoune,Left Winger,18,LOSC Lille,Ligue1,5000000.0,17.0,1.0,2.0,0.0,0.0,261.0,1082,https://tmssl.akamaized.net/images/wappen/medium/1082.png
Ethan Mbappé,Right Winger,19,LOSC Lille,Ligue1,9000000.0,20.0,3.0,1.0,1.0,0.0,636.0,1082,https://tmssl.akamaized.net/images/wappen/medium/1082.png
Marius Broholm,Right Winger,21,LOSC Lille,Ligue1,6000000.0,14.0,2.0,1.0,0.0,0.0,462.0,1082,https://tmssl.akamaized.net/images/wappen/medium/1082.png
Gaëtan Perrin,Right Winger,29,LOSC Lille,Ligue1,6000000.0,13.0,1.0,0.0,1.0,0.0,492.0,1082,https://tmssl.akamaized.net/images/wappen/medium/1082.png
Noah Edjouma,Right Winger,20,LOSC Lille,Ligue1,5000000.0,18.0,0.0,0.0,0.0,0.0,446.0,1082,https://tmssl.akamaized.net/images/wappen/medium/1082.png
Hamza Igamane,Centre-Forward,23,LOSC Lille,Ligue1,18000000.0,18.0,9.0,2.0,3.0,0.0,750.0,1082,https://tmssl.akamaized.net/images/wappen/medium/1082.png
Olivier Giroud,Centre-Forward,39,LOSC Lille,Ligue1,1000000.0,43.0,11.0,1.0,3.0,0.0,2387.0,1082,https://tmssl.akamaized.net/images/wappen/medium/1082.png
Philipp Köhn,Goalkeeper,28,AS Monaco,Ligue1,4000000.0,29.0,0.0,0.0,1.0,0.0,2519.0,162,https://tmssl.akamaized.net/images/wappen/medium/162.png
Lukas Hradecky,Goalkeeper,36,AS Monaco,Ligue1,1800000.0,18.0,0.0,0.0,1.0,0.0,1531.0,162,https://tmssl.akamaized.net/images/wappen/medium/162.png
Jules Stawiecki,Goalkeeper,19,AS Monaco,Ligue1,150000.0,0.0,0.0,0.0,0.0,0.0,0.0,162,https://tmssl.akamaized.net/images/wappen/medium/162.png
Yann Lienard,Goalkeeper,23,AS Monaco,Ligue1,100000.0,0.0,0.0,0.0,0.0,0.0,0.0,162,https://tmssl.akamaized.net/images/wappen/medium/162.png
Thilo Kehrer,Centre-Back,29,AS Monaco,Ligue1,15000000.0,38.0,0.0,0.0,8.0,1.0,3216.0,162,https://tmssl.akamaized.net/images/wappen/medium/162.png
Christian Mawissa,Centre-Back,21,AS Monaco,Ligue1,15000000.0,20.0,0.0,0.0,5.0,0.0,1190.0,162,https://tmssl.akamaized.net/images/wappen/medium/162.png
Mohammed Salisu,Centre-Back,27,AS Monaco,Ligue1,10000000.0,18.0,1.0,0.0,5.0,0.0,1613.0,162,https://tmssl.akamaized.net/images/wappen/medium/162.png
Wout Faes,Centre-Back,28,AS Monaco,Ligue1,10000000.0,14.0,0.0,0.0,4.0,0.0,1199.0,162,https://tmssl.akamaized.net/images/wappen/medium/162.png
Eric Dier,Centre-Back,32,AS Monaco,Ligue1,5000000.0,13.0,2.0,0.0,0.0,0.0,1047.0,162,https://tmssl.akamaized.net/images/wappen/medium/162.png
Caio Henrique,Left-Back,28,AS Monaco,Ligue1,15000000.0,34.0,0.0,2.0,4.0,0.0,2523.0,162,https://tmssl.akamaized.net/images/wappen/medium/162.png
Kassoum Ouattara,Left-Back,21,AS Monaco,Ligue1,12000000.0,24.0,0.0,4.0,4.0,0.0,1363.0,162,https://tmssl.akamaized.net/images/wappen/medium/162.png
Vanderson,Right-Back,24,AS Monaco,Ligue1,20000000.0,23.0,0.0,2.0,6.0,0.0,1293.0,162,https://tmssl.akamaized.net/images/wappen/medium/162.png
Jordan Teze,Right-Back,26,AS Monaco,Ligue1,15000000.0,42.0,4.0,2.0,8.0,0.0,3183.0,162,https://tmssl.akamaized.net/images/wappen/medium/162.png
Denis Zakaria,Defensive Midfield,29,AS Monaco,Ligue1,25000000.0,31.0,2.0,3.0,9.0,1.0,2631.0,162,https://tmssl.akamaized.net/images/wappen/medium/162.png
Aladji Bamba,Defensive Midfield,19,AS Monaco,Ligue1,10000000.0,23.0,0.0,1.0,2.0,0.0,863.0,162,https://tmssl.akamaized.net/images/wappen/medium/162.png
Lamine Camara,Central Midfield,22,AS Monaco,Ligue1,35000000.0,29.0,1.0,4.0,7.0,0.0,2277.0,162,https://tmssl.akamaized.net/images/wappen/medium/162.png
Mamadou Coulibaly,Central Midfield,22,AS Monaco,Ligue1,15000000.0,34.0,3.0,6.0,7.0,1.0,1981.0,162,https://tmssl.akamaized.net/images/wappen/medium/162.png
Paul Pogba,Central Midfield,33,AS Monaco,Ligue1,3000000.0,6.0,0.0,0.0,0.0,0.0,115.0,162,https://tmssl.akamaized.net/images/wappen/medium/162.png
Krépin Diatta,Right Midfield,27,AS Monaco,Ligue1,6000000.0,22.0,0.0,2.0,3.0,0.0,1235.0,162,https://tmssl.akamaized.net/images/wappen/medium/162.png
Aleksandr Golovin,Attacking Midfield,29,AS Monaco,Ligue1,18000000.0,34.0,5.0,6.0,5.0,1.0,2295.0,162,https://tmssl.akamaized.net/images/wappen/medium/162.png
Stanis Idumbo,Attacking Midfield,20,AS Monaco,Ligue1,5000000.0,13.0,1.0,1.0,0.0,0.0,320.0,162,https://tmssl.akamaized.net/images/wappen/medium/162.png
Simon Adingra,Left Winger,24,AS Monaco,Ligue1,25000000.0,15.0,3.0,1.0,0.0,0.0,859.0,162,https://tmssl.akamaized.net/images/wappen/medium/162.png
Ansu Fati,Left Winger,23,AS Monaco,Ligue1,15000000.0,28.0,11.0,0.0,1.0,0.0,1199.0,162,https://tmssl.akamaized.net/images/wappen/medium/162.png
Takumi Minamino,Left Winger,31,AS Monaco,Ligue1,12000000.0,21.0,4.0,3.0,4.0,0.0,1312.0,162,https://tmssl.akamaized.net/images/wappen/medium/162.png
Maghnes Akliouche,Right Winger,24,AS Monaco,Ligue1,50000000.0,41.0,7.0,11.0,3.0,0.0,3268.0,162,https://tmssl.akamaized.net/images/wappen/medium/162.png
Folarin Balogun,Centre-Forward,24,AS Monaco,Ligue1,30000000.0,41.0,19.0,5.0,4.0,1.0,3087.0,162,https://tmssl.akamaized.net/images/wappen/medium/162.png
Mika Biereth,Centre-Forward,23,AS Monaco,Ligue1,18000000.0,41.0,5.0,2.0,2.0,0.0,1396.0,162,https://tmssl.akamaized.net/images/wappen/medium/162.png
Paris Brunner,Centre-Forward,20,AS Monaco,Ligue1,1500000.0,6.0,0.0,0.0,1.0,0.0,113.0,162,https://tmssl.akamaized.net/images/wappen/medium/162.png
Dominik Greif,Goalkeeper,29,Olympique Lyon,Ligue1,8000000.0,33.0,0.0,1.0,1.0,0.0,2970.0,1041,https://tmssl.akamaized.net/images/wappen/medium/1041.png
Rémy Descamps,Goalkeeper,29,Olympique Lyon,Ligue1,2000000.0,13.0,0.0,1.0,1.0,0.0,1170.0,1041,https://tmssl.akamaized.net/images/wappen/medium/1041.png
Lassine Diarra,Goalkeeper,23,Olympique Lyon,Ligue1,50000.0,0.0,0.0,0.0,0.0,0.0,0.0,1041,https://tmssl.akamaized.net/images/wappen/medium/1041.png
Moussa Niakhaté,Centre-Back,30,Olympique Lyon,Ligue1,18000000.0,41.0,1.0,2.0,4.0,1.0,3497.0,1041,https://tmssl.akamaized.net/images/wappen/medium/1041.png
Ruben Kluivert,Centre-Back,24,Olympique Lyon,Ligue1,6000000.0,23.0,2.0,2.0,6.0,0.0,1350.0,1041,https://tmssl.akamaized.net/images/wappen/medium/1041.png
Clinton Mata,Centre-Back,33,Olympique Lyon,Ligue1,3000000.0,42.0,0.0,1.0,7.0,0.0,3652.0,1041,https://tmssl.akamaized.net/images/wappen/medium/1041.png
Noham Kamara,Centre-Back,19,Olympique Lyon,Ligue1,3000000.0,3.0,0.0,0.0,0.0,0.0,35.0,1041,https://tmssl.akamaized.net/images/wappen/medium/1041.png
Abner,Left-Back,25,Olympique Lyon,Ligue1,10000000.0,34.0,5.0,3.0,5.0,1.0,2633.0,1041,https://tmssl.akamaized.net/images/wappen/medium/1041.png
Nicolás Tagliafico,Left-Back,33,Olympique Lyon,Ligue1,5000000.0,30.0,0.0,3.0,7.0,1.0,2019.0,1041,https://tmssl.akamaized.net/images/wappen/medium/1041.png
Achraf Laâziri,Left-Back,22,Olympique Lyon,Ligue1,500000.0,0.0,0.0,0.0,0.0,0.0,0.0,1041,https://tmssl.akamaized.net/images/wappen/medium/1041.png
Ainsley Maitland-Niles,Right-Back,28,Olympique Lyon,Ligue1,10000000.0,40.0,2.0,4.0,6.0,0.0,3157.0,1041,https://tmssl.akamaized.net/images/wappen/medium/1041.png
Hans Hateboer,Right-Back,32,Olympique Lyon,Ligue1,2000000.0,18.0,0.0,0.0,0.0,1.0,907.0,1041,https://tmssl.akamaized.net/images/wappen/medium/1041.png
Steeve Kango,Right-Back,19,Olympique Lyon,Ligue1,800000.0,6.0,0.0,0.0,1.0,0.0,252.0,1041,https://tmssl.akamaized.net/images/wappen/medium/1041.png
Tyler Morton,Defensive Midfield,23,Olympique Lyon,Ligue1,25000000.0,42.0,2.0,3.0,9.0,1.0,3408.0,1041,https://tmssl.akamaized.net/images/wappen/medium/1041.png
Orel Mangala,Defensive Midfield,28,Olympique Lyon,Ligue1,10000000.0,13.0,0.0,0.0,0.0,0.0,438.0,1041,https://tmssl.akamaized.net/images/wappen/medium/1041.png
Tanner Tessmann,Defensive Midfield,24,Olympique Lyon,Ligue1,10000000.0,41.0,2.0,0.0,3.0,0.0,2546.0,1041,https://tmssl.akamaized.net/images/wappen/medium/1041.png
Mathys de Carvalho,Defensive Midfield,21,Olympique Lyon,Ligue1,4000000.0,20.0,0.0,1.0,2.0,0.0,887.0,1041,https://tmssl.akamaized.net/images/wappen/medium/1041.png
Corentin Tolisso,Central Midfield,31,Olympique Lyon,Ligue1,12000000.0,37.0,14.0,6.0,5.0,0.0,2815.0,1041,https://tmssl.akamaized.net/images/wappen/medium/1041.png
Khalis Merah,Central Midfield,19,Olympique Lyon,Ligue1,10000000.0,31.0,1.0,2.0,2.0,0.0,1631.0,1041,https://tmssl.akamaized.net/images/wappen/medium/1041.png
Pavel Sulc,Attacking Midfield,25,Olympique Lyon,Ligue1,20000000.0,36.0,14.0,7.0,4.0,0.0,2150.0,1041,https://tmssl.akamaized.net/images/wappen/medium/1041.png
Noah Nartey,Attacking Midfield,20,Olympique Lyon,Ligue1,15000000.0,14.0,2.0,0.0,0.0,0.0,835.0,1041,https://tmssl.akamaized.net/images/wappen/medium/1041.png
Adam Karabec,Attacking Midfield,22,Olympique Lyon,Ligue1,8000000.0,34.0,3.0,3.0,3.0,0.0,1549.0,1041,https://tmssl.akamaized.net/images/wappen/medium/1041.png
Malick Fofana,Left Winger,21,Olympique Lyon,Ligue1,30000000.0,14.0,2.0,1.0,1.0,0.0,901.0,1041,https://tmssl.akamaized.net/images/wappen/medium/1041.png
Afonso Moreira,Left Winger,21,Olympique Lyon,Ligue1,10000000.0,35.0,8.0,11.0,5.0,0.0,2103.0,1041,https://tmssl.akamaized.net/images/wappen/medium/1041.png
Rémi Himbert,Left Winger,18,Olympique Lyon,Ligue1,10000000.0,11.0,3.0,1.0,0.0,0.0,293.0,1041,https://tmssl.akamaized.net/images/wappen/medium/1041.png
Ernest Nuamah,Right Winger,22,Olympique Lyon,Ligue1,12000000.0,1.0,0.0,0.0,0.0,0.0,6.0,1041,https://tmssl.akamaized.net/images/wappen/medium/1041.png
Rachid Ghezzal,Right Winger,34,Olympique Lyon,Ligue1,700000.0,12.0,0.0,1.0,0.0,0.0,268.0,1041,https://tmssl.akamaized.net/images/wappen/medium/1041.png
Endrick,Centre-Forward,19,Olympique Lyon,Ligue1,35000000.0,22.0,8.0,7.0,3.0,1.0,1571.0,1041,https://tmssl.akamaized.net/images/wappen/medium/1041.png
Roman Yaremchuk,Centre-Forward,30,Olympique Lyon,Ligue1,2500000.0,12.0,5.0,1.0,0.0,0.0,659.0,1041,https://tmssl.akamaized.net/images/wappen/medium/1041.png
Mike Penders,Goalkeeper,20,RC Strasbourg Alsace,Ligue1,22000000.0,48.0,0.0,0.0,5.0,0.0,4271.0,667,https://tmssl.akamaized.net/images/wappen/medium/667.png
Stefan Bajic,Goalkeeper,24,RC Strasbourg Alsace,Ligue1,500000.0,0.0,0.0,0.0,0.0,0.0,0.0,667,https://tmssl.akamaized.net/images/wappen/medium/667.png
Karl-Johan Johnsson,Goalkeeper,36,RC Strasbourg Alsace,Ligue1,250000.0,2.0,0.0,0.0,0.0,0.0,139.0,667,https://tmssl.akamaized.net/images/wappen/medium/667.png
Ismaël Doukouré,Centre-Back,22,RC Strasbourg Alsace,Ligue1,20000000.0,40.0,2.0,2.0,6.0,2.0,3189.0,667,https://tmssl.akamaized.net/images/wappen/medium/667.png
Lucas Høgsberg,Centre-Back,19,RC Strasbourg Alsace,Ligue1,15000000.0,36.0,0.0,0.0,2.0,0.0,2797.0,667,https://tmssl.akamaized.net/images/wappen/medium/667.png
Aarón Anselmino,Centre-Back,21,RC Strasbourg Alsace,Ligue1,12000000.0,13.0,1.0,1.0,1.0,0.0,600.0,667,https://tmssl.akamaized.net/images/wappen/medium/667.png
Andrew Omobamidele,Centre-Back,23,RC Strasbourg Alsace,Ligue1,7000000.0,38.0,1.0,0.0,7.0,0.0,2252.0,667,https://tmssl.akamaized.net/images/wappen/medium/667.png
Ben Chilwell,Left-Back,29,RC Strasbourg Alsace,Ligue1,12000000.0,33.0,0.0,3.0,5.0,0.0,2557.0,667,https://tmssl.akamaized.net/images/wappen/medium/667.png
Guéla Doué,Right-Back,23,RC Strasbourg Alsace,Ligue1,18000000.0,30.0,2.0,7.0,7.0,0.0,2460.0,667,https://tmssl.akamaized.net/images/wappen/medium/667.png
Abdoul Ouattara,Right-Back,20,RC Strasbourg Alsace,Ligue1,15000000.0,39.0,4.0,1.0,2.0,0.0,2460.0,667,https://tmssl.akamaized.net/images/wappen/medium/667.png
Junior Mwanga,Defensive Midfield,23,RC Strasbourg Alsace,Ligue1,6000000.0,25.0,1.0,1.0,3.0,1.0,2007.0,667,https://tmssl.akamaized.net/images/wappen/medium/667.png
Maxi Oyedele,Defensive Midfield,21,RC Strasbourg Alsace,Ligue1,4000000.0,13.0,1.0,0.0,3.0,0.0,581.0,667,https://tmssl.akamaized.net/images/wappen/medium/667.png
Rafael Luís,Defensive Midfield,21,RC Strasbourg Alsace,Ligue1,4000000.0,17.0,0.0,2.0,1.0,0.0,821.0,667,https://tmssl.akamaized.net/images/wappen/medium/667.png
Valentín Barco,Central Midfield,21,RC Strasbourg Alsace,Ligue1,35000000.0,40.0,2.0,9.0,8.0,1.0,3120.0,667,https://tmssl.akamaized.net/images/wappen/medium/667.png
Samir El Mourabet,Central Midfield,20,RC Strasbourg Alsace,Ligue1,18000000.0,45.0,2.0,3.0,7.0,0.0,2981.0,667,https://tmssl.akamaized.net/images/wappen/medium/667.png
Mathis Amougou,Central Midfield,20,RC Strasbourg Alsace,Ligue1,10000000.0,18.0,0.0,0.0,3.0,0.0,719.0,667,https://tmssl.akamaized.net/images/wappen/medium/667.png
Diego Moreira,Left Midfield,21,RC Strasbourg Alsace,Ligue1,25000000.0,39.0,4.0,7.0,9.0,0.0,2680.0,667,https://tmssl.akamaized.net/images/wappen/medium/667.png
Sebastian Nanasi,Left Midfield,24,RC Strasbourg Alsace,Ligue1,12000000.0,31.0,7.0,4.0,1.0,0.0,1529.0,667,https://tmssl.akamaized.net/images/wappen/medium/667.png
Julio Enciso,Attacking Midfield,22,RC Strasbourg Alsace,Ligue1,22000000.0,38.0,11.0,5.0,2.0,0.0,2607.0,667,https://tmssl.akamaized.net/images/wappen/medium/667.png
Martial Godo,Left Winger,23,RC Strasbourg Alsace,Ligue1,18000000.0,40.0,14.0,6.0,4.0,0.0,2443.0,667,https://tmssl.akamaized.net/images/wappen/medium/667.png
Gessime Yassine,Right Winger,20,RC Strasbourg Alsace,Ligue1,10000000.0,18.0,0.0,2.0,1.0,0.0,785.0,667,https://tmssl.akamaized.net/images/wappen/medium/667.png
Samuel Amo-Ameyaw,Right Winger,19,RC Strasbourg Alsace,Ligue1,8000000.0,36.0,2.0,4.0,3.0,0.0,1601.0,667,https://tmssl.akamaized.net/images/wappen/medium/667.png
Joaquín Panichelli,Centre-Forward,23,RC Strasbourg Alsace,Ligue1,35000000.0,39.0,20.0,4.0,3.0,0.0,2932.0,667,https://tmssl.akamaized.net/images/wappen/medium/667.png
Emmanuel Emegha,Centre-Forward,23,RC Strasbourg Alsace,Ligue1,28000000.0,18.0,8.0,2.0,5.0,0.0,896.0,667,https://tmssl.akamaized.net/images/wappen/medium/667.png
David Datro Fofana,Centre-Forward,23,RC Strasbourg Alsace,Ligue1,5000000.0,9.0,0.0,1.0,0.0,0.0,210.0,667,https://tmssl.akamaized.net/images/wappen/medium/667.png
Robin Risser,Goalkeeper,21,RC Lens,Ligue1,25000000.0,35.0,0.0,1.0,3.0,0.0,3150.0,826,https://tmssl.akamaized.net/images/wappen/medium/826.png
Mathieu Gorgelin,Goalkeeper,35,RC Lens,Ligue1,250000.0,0.0,0.0,0.0,0.0,0.0,0.0,826,https://tmssl.akamaized.net/images/wappen/medium/826.png
Régis Gurtner,Goalkeeper,39,RC Lens,Ligue1,100000.0,1.0,0.0,0.0,0.0,0.0,90.0,826,https://tmssl.akamaized.net/images/wappen/medium/826.png
Samson Baidoo,Centre-Back,22,RC Lens,Ligue1,25000000.0,24.0,2.0,2.0,2.0,0.0,1921.0,826,https://tmssl.akamaized.net/images/wappen/medium/826.png
Malang Sarr,Centre-Back,27,RC Lens,Ligue1,15000000.0,35.0,0.0,1.0,3.0,0.0,3150.0,826,https://tmssl.akamaized.net/images/wappen/medium/826.png
Ismaëlo Ganiou,Centre-Back,21,RC Lens,Ligue1,10000000.0,25.0,3.0,0.0,2.0,0.0,2220.0,826,https://tmssl.akamaized.net/images/wappen/medium/826.png
Nidal Celik,Centre-Back,19,RC Lens,Ligue1,4000000.0,8.0,0.0,0.0,2.0,0.0,618.0,826,https://tmssl.akamaized.net/images/wappen/medium/826.png
Jonathan Gradit,Centre-Back,33,RC Lens,Ligue1,3000000.0,10.0,0.0,0.0,2.0,1.0,809.0,826,https://tmssl.akamaized.net/images/wappen/medium/826.png
Kyllian Antonio,Centre-Back,18,RC Lens,Ligue1,1500000.0,4.0,0.0,0.0,1.0,0.0,223.0,826,https://tmssl.akamaized.net/images/wappen/medium/826.png
Matthieu Udol,Left-Back,30,RC Lens,Ligue1,6000000.0,36.0,3.0,9.0,3.0,0.0,3160.0,826,https://tmssl.akamaized.net/images/wappen/medium/826.png
Arthur Masuaku,Left-Back,32,RC Lens,Ligue1,2500000.0,5.0,0.0,0.0,1.0,1.0,174.0,826,https://tmssl.akamaized.net/images/wappen/medium/826.png
Saud Abdulhamid,Right-Back,26,RC Lens,Ligue1,5000000.0,29.0,3.0,8.0,3.0,1.0,1703.0,826,https://tmssl.akamaized.net/images/wappen/medium/826.png
Ruben Aguilar,Right-Back,33,RC Lens,Ligue1,3000000.0,26.0,2.0,2.0,3.0,0.0,1617.0,826,https://tmssl.akamaized.net/images/wappen/medium/826.png
Fodé Sylla,Defensive Midfield,20,RC Lens,Ligue1,1000000.0,4.0,0.0,0.0,0.0,0.0,86.0,826,https://tmssl.akamaized.net/images/wappen/medium/826.png
Mamadou Sangaré,Central Midfield,23,RC Lens,Ligue1,30000000.0,31.0,3.0,4.0,5.0,0.0,2462.0,826,https://tmssl.akamaized.net/images/wappen/medium/826.png
Amadou Haidara,Central Midfield,28,RC Lens,Ligue1,6000000.0,8.0,1.0,0.0,0.0,0.0,199.0,826,https://tmssl.akamaized.net/images/wappen/medium/826.png
Andrija Bulatovic,Central Midfield,19,RC Lens,Ligue1,5000000.0,19.0,2.0,2.0,1.0,0.0,751.0,826,https://tmssl.akamaized.net/images/wappen/medium/826.png
Adrien Thomasson,Central Midfield,32,RC Lens,Ligue1,4500000.0,33.0,4.0,10.0,11.0,0.0,2842.0,826,https://tmssl.akamaized.net/images/wappen/medium/826.png
Allan Saint-Maximin,Left Winger,29,RC Lens,Ligue1,10000000.0,11.0,4.0,3.0,2.0,0.0,466.0,826,https://tmssl.akamaized.net/images/wappen/medium/826.png
Abdallah Sima,Left Winger,24,RC Lens,Ligue1,4000000.0,23.0,6.0,3.0,2.0,0.0,764.0,826,https://tmssl.akamaized.net/images/wappen/medium/826.png
Anthony Bermont,Left Winger,21,RC Lens,Ligue1,1000000.0,10.0,0.0,0.0,1.0,0.0,154.0,826,https://tmssl.akamaized.net/images/wappen/medium/826.png
Florian Thauvin,Right Winger,33,RC Lens,Ligue1,5000000.0,34.0,12.0,8.0,6.0,0.0,2546.0,826,https://tmssl.akamaized.net/images/wappen/medium/826.png
Erawan Garnier,Right Winger,20,RC Lens,Ligue1,200000.0,1.0,0.0,0.0,0.0,0.0,6.0,826,https://tmssl.akamaized.net/images/wappen/medium/826.png
Wesley Saïd,Second Striker,31,RC Lens,Ligue1,6000000.0,30.0,10.0,2.0,3.0,0.0,1942.0,826,https://tmssl.akamaized.net/images/wappen/medium/826.png
Odsonne Édouard,Centre-Forward,28,RC Lens,Ligue1,12000000.0,33.0,13.0,3.0,2.0,0.0,1968.0,826,https://tmssl.akamaized.net/images/wappen/medium/826.png
Rayan Fofana,Centre-Forward,20,RC Lens,Ligue1,7000000.0,28.0,6.0,1.0,0.0,0.0,906.0,826,https://tmssl.akamaized.net/images/wappen/medium/826.png
Florian Sotoca,Centre-Forward,35,RC Lens,Ligue1,1500000.0,26.0,1.0,1.0,1.0,0.0,590.0,826,https://tmssl.akamaized.net/images/wappen/medium/826.png
Guillaume Restes,Goalkeeper,21,FC Toulouse,Ligue1,18000000.0,32.0,0.0,0.0,3.0,0.0,2850.0,415,https://tmssl.akamaized.net/images/wappen/medium/415.png
Kjetil Haug,Goalkeeper,27,FC Toulouse,Ligue1,500000.0,6.0,0.0,0.0,2.0,0.0,480.0,415,https://tmssl.akamaized.net/images/wappen/medium/415.png
Álex Domínguez,Goalkeeper,27,FC Toulouse,Ligue1,250000.0,0.0,0.0,0.0,0.0,0.0,0.0,415,https://tmssl.akamaized.net/images/wappen/medium/415.png
Charlie Cresswell,Centre-Back,23,FC Toulouse,Ligue1,25000000.0,31.0,4.0,3.0,7.0,0.0,2688.0,415,https://tmssl.akamaized.net/images/wappen/medium/415.png
Mark McKenzie,Centre-Back,27,FC Toulouse,Ligue1,6000000.0,32.0,0.0,2.0,6.0,1.0,2675.0,415,https://tmssl.akamaized.net/images/wappen/medium/415.png
Rasmus Nicolaisen,Centre-Back,29,FC Toulouse,Ligue1,5000000.0,34.0,1.0,1.0,3.0,0.0,2748.0,415,https://tmssl.akamaized.net/images/wappen/medium/415.png
Seny Koumbassa,Centre-Back,18,FC Toulouse,Ligue1,1000000.0,12.0,1.0,0.0,1.0,0.0,786.0,415,https://tmssl.akamaized.net/images/wappen/medium/415.png
Dayann Methalie,Left-Back,20,FC Toulouse,Ligue1,12000000.0,29.0,1.0,2.0,9.0,0.0,2018.0,415,https://tmssl.akamaized.net/images/wappen/medium/415.png
Warren Kamanzi,Right-Back,25,FC Toulouse,Ligue1,1500000.0,27.0,0.0,2.0,1.0,0.0,1009.0,415,https://tmssl.akamaized.net/images/wappen/medium/415.png
Rafik Messali,Right-Back,23,FC Toulouse,Ligue1,1500000.0,14.0,0.0,0.0,3.0,0.0,667.0,415,https://tmssl.akamaized.net/images/wappen/medium/415.png
Djibril Sidibé,Right-Back,33,FC Toulouse,Ligue1,1000000.0,34.0,3.0,4.0,1.0,0.0,2296.0,415,https://tmssl.akamaized.net/images/wappen/medium/415.png
Alexis Vossah,Central Midfield,18,FC Toulouse,Ligue1,15000000.0,24.0,1.0,1.0,4.0,1.0,1148.0,415,https://tmssl.akamaized.net/images/wappen/medium/415.png
Cristian Cásseres Jr.,Central Midfield,26,FC Toulouse,Ligue1,9000000.0,33.0,2.0,5.0,7.0,0.0,2764.0,415,https://tmssl.akamaized.net/images/wappen/medium/415.png
Pape Demba Diop,Central Midfield,22,FC Toulouse,Ligue1,8000000.0,18.0,1.0,2.0,4.0,0.0,1417.0,415,https://tmssl.akamaized.net/images/wappen/medium/415.png
Abu Francis,Central Midfield,25,FC Toulouse,Ligue1,2000000.0,8.0,0.0,0.0,2.0,0.0,532.0,415,https://tmssl.akamaized.net/images/wappen/medium/415.png
Mario Sauer,Central Midfield,22,FC Toulouse,Ligue1,1800000.0,29.0,1.0,0.0,5.0,0.0,897.0,415,https://tmssl.akamaized.net/images/wappen/medium/415.png
Aron Dønnum,Right Midfield,28,FC Toulouse,Ligue1,5000000.0,31.0,5.0,5.0,8.0,0.0,2705.0,415,https://tmssl.akamaized.net/images/wappen/medium/415.png
Yann Gboho,Left Winger,25,FC Toulouse,Ligue1,15000000.0,34.0,10.0,2.0,1.0,1.0,2880.0,415,https://tmssl.akamaized.net/images/wappen/medium/415.png
Emersonn,Centre-Forward,21,FC Toulouse,Ligue1,5000000.0,30.0,7.0,3.0,6.0,1.0,1828.0,415,https://tmssl.akamaized.net/images/wappen/medium/415.png
Frank Magri,Centre-Forward,26,FC Toulouse,Ligue1,4000000.0,17.0,5.0,1.0,3.0,0.0,1264.0,415,https://tmssl.akamaized.net/images/wappen/medium/415.png
Santiago Hidalgo,Centre-Forward,21,FC Toulouse,Ligue1,4000000.0,31.0,6.0,5.0,5.0,0.0,1449.0,415,https://tmssl.akamaized.net/images/wappen/medium/415.png
Jacen Russell-Rowe,Centre-Forward,23,FC Toulouse,Ligue1,3500000.0,14.0,1.0,0.0,0.0,0.0,441.0,415,https://tmssl.akamaized.net/images/wappen/medium/415.png
Julián Vignolo,Centre-Forward,19,FC Toulouse,Ligue1,2000000.0,15.0,2.0,0.0,0.0,0.0,311.0,415,https://tmssl.akamaized.net/images/wappen/medium/415.png
Anthony Lopes,Goalkeeper,35,FC Nantes,Ligue1,1000000.0,31.0,0.0,0.0,4.0,0.0,2789.0,995,https://tmssl.akamaized.net/images/wappen/medium/995.png
Patrik Carlgren,Goalkeeper,34,FC Nantes,Ligue1,500000.0,4.0,0.0,0.0,0.0,0.0,271.0,995,https://tmssl.akamaized.net/images/wappen/medium/995.png
Alexis Mirbach,Goalkeeper,21,FC Nantes,Ligue1,50000.0,0.0,0.0,0.0,0.0,0.0,0.0,995,https://tmssl.akamaized.net/images/wappen/medium/995.png
Tylel Tati,Centre-Back,18,FC Nantes,Ligue1,25000000.0,21.0,0.0,0.0,5.0,1.0,1781.0,995,https://tmssl.akamaized.net/images/wappen/medium/995.png
Nicolas Cozza,Centre-Back,27,FC Nantes,Ligue1,3000000.0,30.0,0.0,1.0,2.0,0.0,2393.0,995,https://tmssl.akamaized.net/images/wappen/medium/995.png
Abakar Sylla,Centre-Back,23,FC Nantes,Ligue1,3000000.0,4.0,0.0,0.0,1.0,0.0,110.0,995,https://tmssl.akamaized.net/images/wappen/medium/995.png
Chidozie Awaziem,Centre-Back,29,FC Nantes,Ligue1,3000000.0,25.0,1.0,2.0,7.0,0.0,2142.0,995,https://tmssl.akamaized.net/images/wappen/medium/995.png
Ali Youssif,Centre-Back,24,FC Nantes,Ligue1,1500000.0,12.0,0.0,0.0,3.0,0.0,944.0,995,https://tmssl.akamaized.net/images/wappen/medium/995.png
Uros Radakovic,Centre-Back,32,FC Nantes,Ligue1,500000.0,6.0,0.0,0.0,0.0,0.0,122.0,995,https://tmssl.akamaized.net/images/wappen/medium/995.png
Sékou Doucouré,Centre-Back,21,FC Nantes,Ligue1,150000.0,1.0,0.0,0.0,0.0,0.0,45.0,995,https://tmssl.akamaized.net/images/wappen/medium/995.png
Deiver Machado,Left-Back,32,FC Nantes,Ligue1,2000000.0,21.0,0.0,1.0,4.0,0.0,1309.0,995,https://tmssl.akamaized.net/images/wappen/medium/995.png
Kelvin Amian,Right-Back,28,FC Nantes,Ligue1,2500000.0,25.0,0.0,1.0,5.0,0.0,2142.0,995,https://tmssl.akamaized.net/images/wappen/medium/995.png
Fabien Centonze,Right-Back,30,FC Nantes,Ligue1,1200000.0,16.0,4.0,1.0,5.0,0.0,823.0,995,https://tmssl.akamaized.net/images/wappen/medium/995.png
Frédéric Guilbert,Right-Back,31,FC Nantes,Ligue1,800000.0,7.0,0.0,0.0,1.0,0.0,523.0,995,https://tmssl.akamaized.net/images/wappen/medium/995.png
Mathieu Acapandié,Right-Back,21,FC Nantes,Ligue1,50000.0,6.0,0.0,0.0,0.0,0.0,170.0,995,https://tmssl.akamaized.net/images/wappen/medium/995.png
Johann Lepenant,Defensive Midfield,23,FC Nantes,Ligue1,7000000.0,28.0,0.0,1.0,4.0,0.0,2196.0,995,https://tmssl.akamaized.net/images/wappen/medium/995.png
Ibrahima Sissoko,Defensive Midfield,28,FC Nantes,Ligue1,2500000.0,12.0,0.0,0.0,4.0,0.0,714.0,995,https://tmssl.akamaized.net/images/wappen/medium/995.png
Bahmed Deuff,Defensive Midfield,20,FC Nantes,Ligue1,1500000.0,13.0,1.0,0.0,0.0,0.0,421.0,995,https://tmssl.akamaized.net/images/wappen/medium/995.png
Francis Coquelin,Defensive Midfield,35,FC Nantes,Ligue1,800000.0,17.0,0.0,1.0,2.0,0.0,665.0,995,https://tmssl.akamaized.net/images/wappen/medium/995.png
Dehmaine Tabibou,Central Midfield,21,FC Nantes,Ligue1,4000000.0,28.0,1.0,0.0,4.0,1.0,1398.0,995,https://tmssl.akamaized.net/images/wappen/medium/995.png
Mohamed Kaba,Central Midfield,24,FC Nantes,Ligue1,2000000.0,11.0,0.0,2.0,2.0,0.0,843.0,995,https://tmssl.akamaized.net/images/wappen/medium/995.png
Louis Leroux,Attacking Midfield,20,FC Nantes,Ligue1,12000000.0,22.0,1.0,1.0,2.0,0.0,1436.0,995,https://tmssl.akamaized.net/images/wappen/medium/995.png
Rémy Cabella,Attacking Midfield,36,FC Nantes,Ligue1,1500000.0,12.0,2.0,1.0,1.0,0.0,659.0,995,https://tmssl.akamaized.net/images/wappen/medium/995.png
Herba Guirassy,Left Winger,19,FC Nantes,Ligue1,8000000.0,21.0,3.0,1.0,2.0,0.0,876.0,995,https://tmssl.akamaized.net/images/wappen/medium/995.png
Matthis Abline,Centre-Forward,23,FC Nantes,Ligue1,20000000.0,33.0,8.0,7.0,6.0,0.0,2538.0,995,https://tmssl.akamaized.net/images/wappen/medium/995.png
Mostafa Mohamed,Centre-Forward,28,FC Nantes,Ligue1,4000000.0,23.0,4.0,0.0,1.0,0.0,1143.0,995,https://tmssl.akamaized.net/images/wappen/medium/995.png
Ignatius Ganago,Centre-Forward,27,FC Nantes,Ligue1,2000000.0,13.0,3.0,1.0,1.0,0.0,769.0,995,https://tmssl.akamaized.net/images/wappen/medium/995.png
Amady Camara,Centre-Forward,20,FC Nantes,Ligue1,1200000.0,10.0,0.0,0.0,0.0,0.0,162.0,995,https://tmssl.akamaized.net/images/wappen/medium/995.png
Youssef El Arabi,Centre-Forward,39,FC Nantes,Ligue1,150000.0,26.0,4.0,2.0,0.0,0.0,1044.0,995,https://tmssl.akamaized.net/images/wappen/medium/995.png
Obed Nkambadio,Goalkeeper,23,Paris FC,Ligue1,6000000.0,15.0,0.0,0.0,0.0,0.0,1350.0,10004,https://tmssl.akamaized.net/images/wappen/medium/10004.png
Kevin Trapp,Goalkeeper,35,Paris FC,Ligue1,2000000.0,20.0,0.0,0.0,2.0,0.0,1800.0,10004,https://tmssl.akamaized.net/images/wappen/medium/10004.png
Rémy Riou,Goalkeeper,38,Paris FC,Ligue1,100000.0,0.0,0.0,0.0,0.0,0.0,0.0,10004,https://tmssl.akamaized.net/images/wappen/medium/10004.png
Otávio,Centre-Back,24,Paris FC,Ligue1,10000000.0,23.0,1.0,0.0,7.0,1.0,1910.0,10004,https://tmssl.akamaized.net/images/wappen/medium/10004.png
Diego Coppola,Centre-Back,22,Paris FC,Ligue1,10000000.0,21.0,0.0,4.0,4.0,0.0,1622.0,10004,https://tmssl.akamaized.net/images/wappen/medium/10004.png
Moustapha Mbow,Centre-Back,26,Paris FC,Ligue1,6000000.0,33.0,0.0,1.0,5.0,0.0,2896.0,10004,https://tmssl.akamaized.net/images/wappen/medium/10004.png
Samir Chergui,Centre-Back,27,Paris FC,Ligue1,3000000.0,14.0,1.0,0.0,1.0,0.0,1065.0,10004,https://tmssl.akamaized.net/images/wappen/medium/10004.png
Timothée Kolodziejczak,Centre-Back,34,Paris FC,Ligue1,200000.0,13.0,0.0,0.0,2.0,0.0,843.0,10004,https://tmssl.akamaized.net/images/wappen/medium/10004.png
Nhoa Sangui,Left-Back,20,Paris FC,Ligue1,9000000.0,28.0,0.0,0.0,0.0,0.0,1914.0,10004,https://tmssl.akamaized.net/images/wappen/medium/10004.png
Thibault De Smet,Left-Back,27,Paris FC,Ligue1,2000000.0,19.0,0.0,1.0,3.0,0.0,1283.0,10004,https://tmssl.akamaized.net/images/wappen/medium/10004.png
Tuomas Ollila,Left-Back,26,Paris FC,Ligue1,500000.0,12.0,0.0,0.0,0.0,0.0,440.0,10004,https://tmssl.akamaized.net/images/wappen/medium/10004.png
Hamari Traoré,Right-Back,34,Paris FC,Ligue1,1800000.0,16.0,0.0,1.0,4.0,0.0,1072.0,10004,https://tmssl.akamaized.net/images/wappen/medium/10004.png
Sofiane Alakouch,Right-Back,27,Paris FC,Ligue1,200000.0,0.0,0.0,0.0,0.0,0.0,0.0,10004,https://tmssl.akamaized.net/images/wappen/medium/10004.png
Maxime Lopez,Defensive Midfield,28,Paris FC,Ligue1,5000000.0,25.0,0.0,3.0,8.0,0.0,1982.0,10004,https://tmssl.akamaized.net/images/wappen/medium/10004.png
Pierre Lees-Melou,Defensive Midfield,32,Paris FC,Ligue1,5000000.0,20.0,1.0,2.0,5.0,0.0,1613.0,10004,https://tmssl.akamaized.net/images/wappen/medium/10004.png
Adama Camara,Defensive Midfield,29,Paris FC,Ligue1,2500000.0,30.0,1.0,0.0,8.0,0.0,2259.0,10004,https://tmssl.akamaized.net/images/wappen/medium/10004.png
Rudy Matondo,Central Midfield,18,Paris FC,Ligue1,15000000.0,10.0,2.0,0.0,2.0,1.0,610.0,10004,https://tmssl.akamaized.net/images/wappen/medium/10004.png
Marshall Munetsi,Central Midfield,29,Paris FC,Ligue1,12000000.0,30.0,6.0,3.0,2.0,0.0,1990.0,10004,https://tmssl.akamaized.net/images/wappen/medium/10004.png
Vincent Marchetti,Central Midfield,28,Paris FC,Ligue1,2000000.0,23.0,2.0,1.0,1.0,0.0,940.0,10004,https://tmssl.akamaized.net/images/wappen/medium/10004.png
Moses Simon,Left Winger,30,Paris FC,Ligue1,7000000.0,28.0,3.0,3.0,1.0,0.0,1954.0,10004,https://tmssl.akamaized.net/images/wappen/medium/10004.png
Alimami Gory,Left Winger,29,Paris FC,Ligue1,1200000.0,23.0,3.0,2.0,2.0,0.0,918.0,10004,https://tmssl.akamaized.net/images/wappen/medium/10004.png
Julien Lopez,Left Winger,34,Paris FC,Ligue1,200000.0,7.0,0.0,0.0,0.0,0.0,215.0,10004,https://tmssl.akamaized.net/images/wappen/medium/10004.png
Ilan Kebbal,Right Winger,27,Paris FC,Ligue1,12000000.0,29.0,9.0,5.0,7.0,0.0,2241.0,10004,https://tmssl.akamaized.net/images/wappen/medium/10004.png
Luca Koleosho,Right Winger,21,Paris FC,Ligue1,4000000.0,21.0,3.0,0.0,1.0,0.0,744.0,10004,https://tmssl.akamaized.net/images/wappen/medium/10004.png
Jonathan Ikoné,Right Winger,28,Paris FC,Ligue1,4000000.0,24.0,7.0,1.0,3.0,0.0,1235.0,10004,https://tmssl.akamaized.net/images/wappen/medium/10004.png
Mathieu Cafaro,Right Winger,29,Paris FC,Ligue1,2000000.0,12.0,0.0,0.0,1.0,0.0,275.0,10004,https://tmssl.akamaized.net/images/wappen/medium/10004.png
Lamine Gueye,Right Winger,28,Paris FC,Ligue1,250000.0,1.0,0.0,1.0,0.0,0.0,22.0,10004,https://tmssl.akamaized.net/images/wappen/medium/10004.png
Willem Geubbels,Centre-Forward,24,Paris FC,Ligue1,5000000.0,25.0,4.0,1.0,0.0,0.0,1066.0,10004,https://tmssl.akamaized.net/images/wappen/medium/10004.png
Jean-Philippe Krasso,Centre-Forward,28,Paris FC,Ligue1,4000000.0,26.0,2.0,2.0,0.0,0.0,1105.0,10004,https://tmssl.akamaized.net/images/wappen/medium/10004.png
Ciro Immobile,Centre-Forward,36,Paris FC,Ligue1,2000000.0,21.0,2.0,2.0,2.0,0.0,951.0,10004,https://tmssl.akamaized.net/images/wappen/medium/10004.png
Pierre-Yves Hamel,Centre-Forward,32,Paris FC,Ligue1,400000.0,2.0,0.0,0.0,0.0,0.0,78.0,10004,https://tmssl.akamaized.net/images/wappen/medium/10004.png
Yvon Mvogo,Goalkeeper,31,FC Lorient,Ligue1,3000000.0,29.0,0.0,0.0,0.0,0.0,2610.0,1158,https://tmssl.akamaized.net/images/wappen/medium/1158.png
Bingourou Kamara,Goalkeeper,29,FC Lorient,Ligue1,700000.0,7.0,0.0,0.0,1.0,0.0,630.0,1158,https://tmssl.akamaized.net/images/wappen/medium/1158.png
Benjamin Leroy,Goalkeeper,37,FC Lorient,Ligue1,100000.0,0.0,0.0,0.0,0.0,0.0,0.0,1158,https://tmssl.akamaized.net/images/wappen/medium/1158.png
Montassar Talbi,Centre-Back,27,FC Lorient,Ligue1,7000000.0,29.0,0.0,1.0,4.0,0.0,2610.0,1158,https://tmssl.akamaized.net/images/wappen/medium/1158.png
Bamo Meïté,Centre-Back,24,FC Lorient,Ligue1,7000000.0,28.0,0.0,3.0,6.0,0.0,2216.0,1158,https://tmssl.akamaized.net/images/wappen/medium/1158.png
Abdoulaye Faye,Centre-Back,21,FC Lorient,Ligue1,3000000.0,17.0,0.0,0.0,8.0,0.0,1341.0,1158,https://tmssl.akamaized.net/images/wappen/medium/1158.png
Isaak Touré,Centre-Back,23,FC Lorient,Ligue1,1500000.0,0.0,0.0,0.0,0.0,0.0,0.0,1158,https://tmssl.akamaized.net/images/wappen/medium/1158.png
Nathaniel Adjei,Centre-Back,23,FC Lorient,Ligue1,1200000.0,16.0,0.0,0.0,0.0,0.0,940.0,1158,https://tmssl.akamaized.net/images/wappen/medium/1158.png
Arsène Kouassi,Left-Back,22,FC Lorient,Ligue1,10000000.0,31.0,2.0,7.0,5.0,0.0,2590.0,1158,https://tmssl.akamaized.net/images/wappen/medium/1158.png
Darlin Yongwa,Left-Back,25,FC Lorient,Ligue1,6000000.0,25.0,0.0,1.0,4.0,1.0,1455.0,1158,https://tmssl.akamaized.net/images/wappen/medium/1158.png
Igor Silva,Right-Back,29,FC Lorient,Ligue1,1500000.0,18.0,1.0,2.0,1.0,0.0,1392.0,1158,https://tmssl.akamaized.net/images/wappen/medium/1158.png
Laurent Abergel,Defensive Midfield,33,FC Lorient,Ligue1,2000000.0,28.0,1.0,0.0,7.0,0.0,2316.0,1158,https://tmssl.akamaized.net/images/wappen/medium/1158.png
Arthur Avom,Central Midfield,21,FC Lorient,Ligue1,15000000.0,31.0,1.0,1.0,4.0,0.0,2255.0,1158,https://tmssl.akamaized.net/images/wappen/medium/1158.png
Noah Cadiou,Central Midfield,27,FC Lorient,Ligue1,2500000.0,29.0,3.0,2.0,1.0,0.0,1891.0,1158,https://tmssl.akamaized.net/images/wappen/medium/1158.png
Théo Le Bris,Right Midfield,23,FC Lorient,Ligue1,4500000.0,32.0,2.0,3.0,0.0,0.0,2151.0,1158,https://tmssl.akamaized.net/images/wappen/medium/1158.png
Panos Katseris,Right Midfield,24,FC Lorient,Ligue1,2000000.0,16.0,1.0,2.0,3.0,0.0,597.0,1158,https://tmssl.akamaized.net/images/wappen/medium/1158.png
Jean-Victor Makengo,Attacking Midfield,27,FC Lorient,Ligue1,6000000.0,33.0,3.0,2.0,1.0,0.0,1918.0,1158,https://tmssl.akamaized.net/images/wappen/medium/1158.png
Dermane Karim,Attacking Midfield,22,FC Lorient,Ligue1,3000000.0,31.0,2.0,2.0,3.0,0.0,1471.0,1158,https://tmssl.akamaized.net/images/wappen/medium/1158.png
Bandiougou Fadiga,Attacking Midfield,25,FC Lorient,Ligue1,250000.0,2.0,0.0,0.0,0.0,0.0,51.0,1158,https://tmssl.akamaized.net/images/wappen/medium/1158.png
Pablo Pagis,Left Winger,23,FC Lorient,Ligue1,10000000.0,30.0,10.0,3.0,1.0,1.0,1854.0,1158,https://tmssl.akamaized.net/images/wappen/medium/1158.png
Trevan Sanusi,Left Winger,19,FC Lorient,Ligue1,500000.0,2.0,1.0,1.0,0.0,0.0,94.0,1158,https://tmssl.akamaized.net/images/wappen/medium/1158.png
Bamba Dieng,Centre-Forward,26,FC Lorient,Ligue1,6000000.0,23.0,14.0,1.0,3.0,0.0,1331.0,1158,https://tmssl.akamaized.net/images/wappen/medium/1158.png
Sambou Soumano,Centre-Forward,25,FC Lorient,Ligue1,4000000.0,32.0,4.0,2.0,2.0,0.0,1019.0,1158,https://tmssl.akamaized.net/images/wappen/medium/1158.png
Mohamed Bamba,Centre-Forward,24,FC Lorient,Ligue1,2500000.0,19.0,3.0,2.0,3.0,0.0,752.0,1158,https://tmssl.akamaized.net/images/wappen/medium/1158.png
Aiyegun Tosin,Centre-Forward,27,FC Lorient,Ligue1,2000000.0,26.0,5.0,0.0,1.0,0.0,993.0,1158,https://tmssl.akamaized.net/images/wappen/medium/1158.png
Yehvann Diouf,Goalkeeper,26,OGC Nice,Ligue1,7000000.0,34.0,0.0,0.0,2.0,0.0,3060.0,417,https://tmssl.akamaized.net/images/wappen/medium/417.png
Maxime Dupé,Goalkeeper,33,OGC Nice,Ligue1,800000.0,13.0,0.0,0.0,1.0,0.0,1170.0,417,https://tmssl.akamaized.net/images/wappen/medium/417.png
Juma Bah,Centre-Back,20,OGC Nice,Ligue1,10000000.0,38.0,0.0,0.0,9.0,0.0,2938.0,417,https://tmssl.akamaized.net/images/wappen/medium/417.png
Kojo Peprah Oppong,Centre-Back,21,OGC Nice,Ligue1,10000000.0,38.0,1.0,0.0,4.0,0.0,3015.0,417,https://tmssl.akamaized.net/images/wappen/medium/417.png
Youssouf Ndayishimiye,Centre-Back,27,OGC Nice,Ligue1,8000000.0,2.0,0.0,0.0,0.0,1.0,72.0,417,https://tmssl.akamaized.net/images/wappen/medium/417.png
Moïse Bombito,Centre-Back,26,OGC Nice,Ligue1,8000000.0,2.0,0.0,0.0,1.0,0.0,146.0,417,https://tmssl.akamaized.net/images/wappen/medium/417.png
Antoine Mendy,Centre-Back,21,OGC Nice,Ligue1,6000000.0,35.0,2.0,1.0,9.0,0.0,2781.0,417,https://tmssl.akamaized.net/images/wappen/medium/417.png
Mohamed Abdelmonem,Centre-Back,27,OGC Nice,Ligue1,3000000.0,0.0,0.0,0.0,0.0,0.0,0.0,417,https://tmssl.akamaized.net/images/wappen/medium/417.png
Dante,Centre-Back,42,OGC Nice,Ligue1,500000.0,16.0,0.0,1.0,1.0,0.0,1072.0,417,https://tmssl.akamaized.net/images/wappen/medium/417.png
Melvin Bard,Left-Back,25,OGC Nice,Ligue1,10000000.0,40.0,2.0,1.0,6.0,0.0,3407.0,417,https://tmssl.akamaized.net/images/wappen/medium/417.png
Ali Abdi,Left-Back,32,OGC Nice,Ligue1,2500000.0,28.0,3.0,0.0,2.0,0.0,1468.0,417,https://tmssl.akamaized.net/images/wappen/medium/417.png
Jonathan Clauss,Right-Back,33,OGC Nice,Ligue1,4500000.0,41.0,1.0,11.0,2.0,0.0,3204.0,417,https://tmssl.akamaized.net/images/wappen/medium/417.png
Charles Vanhoutte,Defensive Midfield,27,OGC Nice,Ligue1,7000000.0,36.0,1.0,3.0,11.0,0.0,2435.0,417,https://tmssl.akamaized.net/images/wappen/medium/417.png
Salis Abdul Samed,Defensive Midfield,26,OGC Nice,Ligue1,4500000.0,26.0,0.0,1.0,4.0,0.0,1465.0,417,https://tmssl.akamaized.net/images/wappen/medium/417.png
Everton,Defensive Midfield,19,OGC Nice,Ligue1,2000000.0,6.0,0.0,0.0,0.0,0.0,256.0,417,https://tmssl.akamaized.net/images/wappen/medium/417.png
Hicham Boudaoui,Central Midfield,26,OGC Nice,Ligue1,12000000.0,28.0,1.0,2.0,6.0,0.0,1845.0,417,https://tmssl.akamaized.net/images/wappen/medium/417.png
Morgan Sanson,Central Midfield,31,OGC Nice,Ligue1,4000000.0,41.0,1.0,2.0,5.0,0.0,2356.0,417,https://tmssl.akamaized.net/images/wappen/medium/417.png
Tanguy Ndombélé,Central Midfield,29,OGC Nice,Ligue1,3000000.0,13.0,0.0,1.0,0.0,0.0,618.0,417,https://tmssl.akamaized.net/images/wappen/medium/417.png
Djibril Coulibaly,Central Midfield,17,OGC Nice,Ligue1,800000.0,4.0,0.0,0.0,0.0,0.0,117.0,417,https://tmssl.akamaized.net/images/wappen/medium/417.png
Tom Louchet,Right Midfield,23,OGC Nice,Ligue1,7000000.0,38.0,3.0,2.0,3.0,1.0,2291.0,417,https://tmssl.akamaized.net/images/wappen/medium/417.png
Gabin Bernardeau,Attacking Midfield,20,OGC Nice,Ligue1,1500000.0,8.0,0.0,0.0,0.0,0.0,216.0,417,https://tmssl.akamaized.net/images/wappen/medium/417.png
Sofiane Diop,Left Winger,25,OGC Nice,Ligue1,12000000.0,41.0,9.0,2.0,5.0,0.0,2414.0,417,https://tmssl.akamaized.net/images/wappen/medium/417.png
Isak Jansson,Left Winger,24,OGC Nice,Ligue1,5000000.0,27.0,1.0,0.0,3.0,0.0,1004.0,417,https://tmssl.akamaized.net/images/wappen/medium/417.png
Mohamed-Ali Cho,Right Winger,22,OGC Nice,Ligue1,15000000.0,32.0,5.0,5.0,3.0,0.0,1987.0,417,https://tmssl.akamaized.net/images/wappen/medium/417.png
Kaïl Boudache,Right Winger,19,OGC Nice,Ligue1,4000000.0,16.0,2.0,0.0,2.0,0.0,650.0,417,https://tmssl.akamaized.net/images/wappen/medium/417.png
Tiago Gouveia,Right Winger,24,OGC Nice,Ligue1,4000000.0,24.0,2.0,0.0,3.0,0.0,939.0,417,https://tmssl.akamaized.net/images/wappen/medium/417.png
Elye Wahi,Centre-Forward,23,OGC Nice,Ligue1,12000000.0,29.0,8.0,5.0,5.0,0.0,1448.0,417,https://tmssl.akamaized.net/images/wappen/medium/417.png
Kevin Carlos,Centre-Forward,25,OGC Nice,Ligue1,5000000.0,31.0,2.0,1.0,4.0,0.0,1464.0,417,https://tmssl.akamaized.net/images/wappen/medium/417.png
Hervé Koffi,Goalkeeper,29,Angers SCO,Ligue1,5000000.0,28.0,0.0,0.0,1.0,0.0,2520.0,1420,https://tmssl.akamaized.net/images/wappen/medium/1420.png
Melvin Zinga,Goalkeeper,24,Angers SCO,Ligue1,300000.0,2.0,0.0,0.0,0.0,0.0,180.0,1420,https://tmssl.akamaized.net/images/wappen/medium/1420.png
Oumar Pona,Goalkeeper,19,Angers SCO,Ligue1,100000.0,4.0,0.0,0.0,1.0,0.0,360.0,1420,https://tmssl.akamaized.net/images/wappen/medium/1420.png
Ousmane Camara,Centre-Back,23,Angers SCO,Ligue1,8000000.0,30.0,1.0,0.0,3.0,0.0,2539.0,1420,https://tmssl.akamaized.net/images/wappen/medium/1420.png
Emmanuel Biumla,Centre-Back,21,Angers SCO,Ligue1,3000000.0,8.0,0.0,0.0,0.0,0.0,457.0,1420,https://tmssl.akamaized.net/images/wappen/medium/1420.png
Jordan Lefort,Centre-Back,32,Angers SCO,Ligue1,1200000.0,34.0,0.0,2.0,2.0,0.0,3060.0,1420,https://tmssl.akamaized.net/images/wappen/medium/1420.png
Abdoulaye Bamba,Centre-Back,36,Angers SCO,Ligue1,250000.0,5.0,0.0,0.0,0.0,0.0,276.0,1420,https://tmssl.akamaized.net/images/wappen/medium/1420.png
Jacques Ekomié,Left-Back,22,Angers SCO,Ligue1,7000000.0,31.0,0.0,0.0,4.0,0.0,2189.0,1420,https://tmssl.akamaized.net/images/wappen/medium/1420.png
Florent Hanin,Left-Back,36,Angers SCO,Ligue1,250000.0,25.0,0.0,0.0,0.0,0.0,906.0,1420,https://tmssl.akamaized.net/images/wappen/medium/1420.png
Dan Sinaté,Left-Back,19,Angers SCO,Ligue1,100000.0,4.0,0.0,0.0,0.0,0.0,36.0,1420,https://tmssl.akamaized.net/images/wappen/medium/1420.png
Lilian Raolisoa,Right-Back,25,Angers SCO,Ligue1,3500000.0,32.0,2.0,4.0,3.0,0.0,1947.0,1420,https://tmssl.akamaized.net/images/wappen/medium/1420.png
Carlens Arcus,Right-Back,29,Angers SCO,Ligue1,1800000.0,27.0,0.0,3.0,7.0,0.0,2126.0,1420,https://tmssl.akamaized.net/images/wappen/medium/1420.png
Marius Louër,Right-Back,19,Angers SCO,Ligue1,800000.0,8.0,0.0,0.0,1.0,0.0,451.0,1420,https://tmssl.akamaized.net/images/wappen/medium/1420.png
Marius Courcoul,Defensive Midfield,19,Angers SCO,Ligue1,2500000.0,20.0,0.0,0.0,0.0,0.0,467.0,1420,https://tmssl.akamaized.net/images/wappen/medium/1420.png
Yassin Belkhdim,Central Midfield,24,Angers SCO,Ligue1,7000000.0,28.0,2.0,2.0,6.0,0.0,2224.0,1420,https://tmssl.akamaized.net/images/wappen/medium/1420.png
Branco van den Boomen,Central Midfield,30,Angers SCO,Ligue1,2500000.0,13.0,0.0,1.0,3.0,0.0,1062.0,1420,https://tmssl.akamaized.net/images/wappen/medium/1420.png
Haris Belkebla,Central Midfield,32,Angers SCO,Ligue1,2000000.0,32.0,0.0,0.0,8.0,0.0,2790.0,1420,https://tmssl.akamaized.net/images/wappen/medium/1420.png
Pierrick Capelle,Central Midfield,39,Angers SCO,Ligue1,200000.0,16.0,0.0,0.0,2.0,0.0,630.0,1420,https://tmssl.akamaized.net/images/wappen/medium/1420.png
Louis Mouton,Attacking Midfield,23,Angers SCO,Ligue1,4500000.0,33.0,2.0,1.0,3.0,1.0,2024.0,1420,https://tmssl.akamaized.net/images/wappen/medium/1420.png
Amine Sbaï,Left Winger,25,Angers SCO,Ligue1,2500000.0,26.0,3.0,1.0,1.0,0.0,1924.0,1420,https://tmssl.akamaized.net/images/wappen/medium/1420.png
Harouna Djibirin,Right Winger,19,Angers SCO,Ligue1,1500000.0,15.0,2.0,1.0,2.0,0.0,323.0,1420,https://tmssl.akamaized.net/images/wappen/medium/1420.png
Prosper Peter,Centre-Forward,18,Angers SCO,Ligue1,15000000.0,30.0,5.0,1.0,0.0,0.0,1401.0,1420,https://tmssl.akamaized.net/images/wappen/medium/1420.png
Goduine Koyalipou,Centre-Forward,26,Angers SCO,Ligue1,2500000.0,25.0,3.0,0.0,1.0,0.0,938.0,1420,https://tmssl.akamaized.net/images/wappen/medium/1420.png
Lanroy Machine,Centre-Forward,20,Angers SCO,Ligue1,1200000.0,22.0,1.0,0.0,0.0,0.0,475.0,1420,https://tmssl.akamaized.net/images/wappen/medium/1420.png
